College_ID,IQ,Prev_Sem_Result,CGPA,Academic_Performance,Internship_Experience,Extra_Curricular_Score,Communication_Skills,Projects_Completed,Placement,Academic_Efficiency,Salary
CLG0030,107.0,6.61,6.28,8,0,8,8,4,0,73.5,0.0
CLG0061,97.0,5.52,5.37,8,0,7,8,0,0,63.400000000000006,0.0
CLG0036,109.0,5.36,5.83,9,0,3,1,1,0,69.2,0.0
CLG0055,122.0,5.47,5.75,6,1,1,6,1,0,69.7,0.0
CLG0004,96.0,7.91,7.69,7,0,8,10,2,0,86.5,0.0
CLG0015,96.0,5.26,5.32,7,0,5,8,0,0,62.800000000000004,0.0
CLG0071,123.0,6.68,6.58,5,0,7,8,2,1,78.1,324700.0
CLG0096,111.0,8.77,8.76,7,0,3,1,2,1,98.69999999999999,405900.0
CLG0097,92.0,6.47,6.33,9,0,7,8,5,0,72.5,0.0
CLG0057,108.0,8.82,8.6,4,0,5,9,1,0,96.8,0.0
CLG0063,93.0,8.73,8.9,2,1,5,6,0,0,98.3,0.0
CLG0077,93.0,6.23,6.51,8,0,5,7,4,0,74.39999999999999,0.0
CLG0064,103.0,8.64,9.01,7,1,8,6,1,0,100.39999999999999,0.0
CLG0017,71.0,8.74,8.4,6,0,0,5,2,0,91.1,0.0
CLG0053,74.0,6.99,7.31,7,0,0,1,2,0,80.5,0.0
CLG0040,91.0,6.05,5.8,3,0,4,2,3,0,67.1,0.0
CLG0070,84.0,7.61,7.54,6,0,0,10,0,0,83.80000000000001,0.0
CLG0050,104.0,9.61,10.01,10,1,9,2,4,0,110.5,0.0
CLG0068,86.0,8.2,8.15,7,0,8,9,4,1,90.1,369000.0
CLG0015,78.0,5.86,5.56,7,1,3,6,2,0,63.39999999999999,0.0
CLG0072,121.0,8.41,8.07,5,1,1,3,3,1,92.8,483300.0
CLG0034,96.0,7.14,7.11,3,1,2,3,3,0,80.7,0.0
CLG0030,101.0,7.96,8.22,2,1,8,10,0,0,92.3,0.0
CLG0087,78.0,8.67,9.17,7,1,10,10,2,1,99.5,505800.0
CLG0073,91.0,7.57,7.86,4,1,7,2,2,0,87.7,0.0
CLG0024,101.0,9.07,9.45,2,0,2,7,2,0,104.6,0.0
CLG0008,82.0,8.61,8.86,8,0,7,1,0,0,96.8,0.0
CLG0057,105.0,8.08,8.48,2,0,3,1,4,0,95.30000000000001,0.0
CLG0070,90.0,5.75,5.33,6,1,5,10,1,0,62.3,0.0
CLG0025,95.0,9.18,9.61,4,1,3,3,3,0,105.6,0.0
CLG0077,90.0,9.68,9.58,9,1,10,1,4,0,104.8,0.0
CLG0034,127.0,5.68,6.1,5,0,4,3,1,0,73.7,0.0
CLG0025,99.0,7.44,7.02,4,0,9,9,4,0,80.1,0.0
CLG0018,84.0,6.29,6.51,8,0,8,7,4,0,73.5,0.0
CLG0073,112.0,8.77,9.01,3,1,1,9,4,1,101.3,516400.0
CLG0097,81.0,8.61,9.11,9,1,8,7,4,0,99.19999999999999,0.0
CLG0070,103.0,5.7,5.97,8,1,2,9,2,0,70.0,0.0
CLG0014,70.0,9.39,9.27,8,0,4,3,4,0,99.69999999999999,0.0
CLG0006,80.0,5.9,5.96,10,1,6,7,1,0,67.6,0.0
CLG0082,102.0,8.99,8.86,5,0,1,6,1,0,98.8,0.0
CLG0090,111.0,7.28,6.98,1,0,3,2,3,0,80.9,0.0
CLG0036,102.0,6.64,6.39,10,0,0,6,5,0,74.1,0.0
CLG0036,98.0,5.79,5.51,9,0,10,3,0,0,64.89999999999999,0.0
CLG0075,95.0,5.84,5.89,2,1,2,2,1,0,68.4,0.0
CLG0018,77.0,8.31,8.72,1,1,5,5,1,0,94.9,0.0
CLG0015,89.0,7.75,8.16,6,1,1,5,1,0,90.5,0.0
CLG0094,93.0,5.61,5.16,1,1,7,2,1,0,60.900000000000006,0.0
CLG0089,115.0,5.56,5.14,10,1,6,3,0,0,62.9,0.0
CLG0016,105.0,5.36,5.11,10,0,2,8,0,0,61.6,0.0
CLG0076,73.0,8.72,8.48,10,1,0,5,5,0,92.10000000000001,0.0
CLG0014,104.0,8.56,8.15,7,0,9,8,4,1,91.9,378000.0
CLG0047,94.0,5.29,5.18,7,1,3,10,5,0,61.199999999999996,0.0
CLG0054,89.0,7.8,7.89,1,1,3,4,1,0,87.8,0.0
CLG0058,109.0,5.42,5.5,10,0,10,4,1,0,65.9,0.0
CLG0077,115.0,9.52,9.56,5,0,4,6,3,1,107.10000000000001,439900.0
CLG0030,113.0,9.54,9.38,3,0,2,10,3,1,105.10000000000001,431700.00000000006
CLG0100,87.0,8.49,8.7,2,0,10,5,3,0,95.7,0.0
CLG0046,95.0,9.63,9.96,5,0,1,5,3,0,109.10000000000001,0.0
CLG0016,104.0,9.06,8.91,5,0,1,9,4,1,99.5,408400.0
CLG0001,114.0,9.14,8.73,2,1,7,6,2,1,98.70000000000002,506200.0
CLG0041,92.0,7.85,7.65,6,0,6,3,3,0,85.7,0.0
CLG0093,97.0,6.53,6.17,7,0,0,4,3,0,71.4,0.0
CLG0027,83.0,6.09,6.06,1,0,8,9,0,0,68.89999999999999,0.0
CLG0077,82.0,6.64,6.3,3,0,2,6,5,0,71.2,0.0
CLG0062,112.0,8.14,8.1,4,0,2,8,1,1,92.2,380000.0
CLG0081,120.0,5.86,5.58,2,0,0,7,4,0,67.8,0.0
CLG0028,98.0,6.29,6.53,10,1,10,1,1,0,75.1,0.0
CLG0020,115.0,7.34,6.87,5,1,3,1,2,0,80.2,0.0
CLG0055,105.0,6.17,6.22,4,0,9,10,4,0,72.69999999999999,0.0
CLG0051,90.0,7.94,7.61,2,0,10,7,2,0,85.10000000000001,0.0
CLG0069,105.0,9.62,9.12,1,1,1,2,1,0,101.69999999999999,0.0
CLG0088,123.0,8.74,9.11,8,0,2,9,0,1,103.39999999999999,425900.0
CLG0073,99.0,8.33,8.5,2,0,10,10,3,1,94.9,389500.0
CLG0097,123.0,7.91,7.51,4,0,0,9,1,0,87.39999999999999,0.0
CLG0034,60.0,7.44,7.6,10,1,2,2,4,0,82.0,0.0
CLG0027,112.0,5.93,6.04,5,0,3,9,3,1,71.6,297600.0
CLG0097,101.0,9.47,9.44,2,0,5,9,4,1,104.49999999999999,428100.0
CLG0038,95.0,6.24,6.16,10,0,2,10,2,0,71.1,0.0
CLG0029,101.0,5.46,5.85,9,1,10,6,4,0,68.6,0.0
CLG0035,70.0,8.75,8.5,2,0,5,5,0,0,92.0,0.0
CLG0020,96.0,5.88,5.78,6,0,1,10,2,0,67.4,0.0
CLG0019,105.0,6.86,6.69,7,0,10,2,5,0,77.4,0.0
CLG0005,122.0,5.14,5.41,6,0,7,6,5,0,66.3,0.0
CLG0025,92.0,5.69,6.11,4,0,4,9,1,0,70.3,0.0
CLG0093,87.0,5.87,6.22,1,0,0,3,3,0,70.89999999999999,0.0
CLG0026,92.0,5.27,5.57,2,0,5,3,3,0,64.9,0.0
CLG0051,113.0,8.28,8.77,10,0,2,4,0,0,98.99999999999999,0.0
CLG0066,104.0,9.19,9.39,10,1,3,10,4,1,104.30000000000001,527600.0
CLG0061,92.0,6.87,7.12,6,0,9,4,1,0,80.4,0.0
CLG0015,107.0,9.37,9.85,8,1,7,1,5,0,109.2,0.0
CLG0045,101.0,6.07,5.58,3,1,7,2,4,0,65.89999999999999,0.0
CLG0006,114.0,6.63,6.76,7,0,10,6,5,0,79.0,0.0
CLG0058,89.0,5.75,5.99,9,0,7,5,4,0,68.80000000000001,0.0
CLG0001,95.0,8.1,8.52,4,1,4,10,0,0,94.69999999999999,0.0
CLG0073,94.0,7.1,7.48,7,0,0,4,5,0,84.20000000000002,0.0
CLG0043,78.0,8.07,8.41,7,0,8,10,2,1,91.89999999999999,375400.0
CLG0016,104.0,8.81,9.26,10,0,10,9,5,1,103.0,422400.0
CLG0014,103.0,7.73,7.77,9,1,8,2,2,0,87.99999999999999,0.0
CLG0074,100.0,8.14,7.65,3,0,7,8,0,0,86.5,0.0
CLG0019,96.0,9.68,9.19,1,1,10,4,0,0,101.49999999999999,0.0
CLG0051,78.0,6.5,6.54,8,1,2,9,0,0,73.2,0.0
CLG0008,93.0,6.8,6.74,4,0,5,4,4,0,76.7,0.0
CLG0048,94.0,8.59,8.54,2,0,6,2,5,0,94.8,0.0
CLG0012,87.0,8.06,7.96,5,0,3,6,5,0,88.3,0.0
CLG0070,97.0,5.89,6.31,4,0,9,9,4,0,72.8,0.0
CLG0035,106.0,6.88,6.74,1,1,6,7,1,0,78.0,0.0
CLG0070,128.0,7.34,7.7,7,0,8,1,0,0,89.8,0.0
CLG0006,102.0,7.1,7.5,4,0,5,9,4,0,85.2,0.0
CLG0099,103.0,5.89,5.89,8,1,1,6,2,0,69.2,0.0
CLG0011,98.0,9.62,9.57,9,0,5,9,5,1,105.5,431800.0
CLG0038,71.0,8.81,9.07,8,1,2,2,5,0,97.8,0.0
CLG0091,99.0,7.41,7.62,1,0,6,7,0,0,86.10000000000001,0.0
CLG0026,100.0,8.4,8.23,8,1,2,8,2,1,92.30000000000001,479200.0
CLG0028,136.0,9.49,9.09,5,0,7,8,3,1,104.5,431600.0
CLG0072,97.0,5.68,5.44,1,1,10,5,1,0,64.10000000000001,0.0
CLG0089,104.0,6.25,5.88,9,1,10,7,3,0,69.2,0.0
CLG0083,99.0,7.71,7.5,9,0,4,7,1,0,84.9,0.0
CLG0080,82.0,9.0,8.76,7,0,2,3,0,0,95.8,0.0
CLG0050,117.0,5.18,5.32,7,0,0,2,5,0,64.9,0.0
CLG0058,111.0,9.92,10.37,1,0,4,5,1,0,114.79999999999998,0.0
CLG0026,111.0,7.27,7.46,9,0,9,4,4,0,85.69999999999999,0.0
CLG0044,86.0,6.8,7.23,1,1,9,8,2,0,80.9,0.0
CLG0015,121.0,6.46,6.74,7,0,10,5,5,0,79.5,0.0
CLG0076,78.0,5.87,6.1,9,0,2,9,4,0,68.8,0.0
CLG0024,108.0,8.96,8.87,9,0,3,7,0,0,99.49999999999999,0.0
CLG0077,132.0,9.78,9.6,5,0,9,1,3,1,109.2,450000.0
CLG0059,85.0,7.07,7.42,6,0,3,2,2,0,82.7,0.0
CLG0057,91.0,9.76,10.17,2,0,2,8,0,0,110.8,0.0
CLG0017,101.0,9.12,9.07,2,0,5,10,4,1,100.8,413300.0
CLG0077,92.0,7.41,6.92,10,0,5,8,4,0,78.4,0.0
CLG0081,76.0,8.37,8.66,9,0,0,2,1,0,94.19999999999999,0.0
CLG0001,101.0,7.17,6.96,1,0,3,7,1,0,79.69999999999999,0.0
CLG0011,84.0,7.79,7.3,10,1,0,8,3,0,81.4,0.0
CLG0020,107.0,5.29,5.59,5,1,6,4,1,0,66.6,0.0
CLG0031,86.0,8.48,8.5,7,0,6,3,1,0,93.6,0.0
CLG0099,123.0,5.26,5.45,10,1,5,10,1,0,66.8,0.0
CLG0039,88.0,9.09,9.5,6,0,10,9,3,1,103.8,424000.0
CLG0063,95.0,9.12,9.16,6,0,1,2,0,0,101.1,0.0
CLG0006,112.0,6.19,6.19,6,0,3,3,5,0,73.10000000000001,0.0
CLG0099,81.0,6.62,6.41,8,0,2,8,2,0,72.19999999999999,0.0
CLG0028,103.0,7.41,7.22,7,1,10,2,0,0,82.5,0.0
CLG0051,119.0,7.98,8.28,5,0,7,5,5,1,94.7,390700.0
CLG0053,75.0,6.44,6.39,10,0,1,10,5,0,71.4,0.0
CLG0044,102.0,7.96,7.62,2,1,9,8,0,0,86.4,0.0
CLG0065,103.0,6.49,6.08,10,0,1,7,0,0,71.1,0.0
CLG0080,111.0,5.28,5.25,6,1,0,4,4,0,63.6,0.0
CLG0012,81.0,5.01,4.97,10,0,8,10,2,0,57.8,0.0
CLG0028,80.0,5.51,5.66,5,0,2,9,2,0,64.6,0.0
CLG0079,107.0,8.96,8.93,4,1,7,2,4,0,100.0,0.0
CLG0072,104.0,9.81,9.45,10,0,6,7,5,0,104.9,0.0
CLG0068,103.0,7.13,7.14,5,0,0,7,4,0,81.69999999999999,0.0
CLG0095,105.0,7.56,7.97,9,0,10,7,5,0,90.2,0.0
CLG0030,89.0,5.73,5.39,2,1,5,7,1,0,62.8,0.0
CLG0035,103.0,7.76,7.95,6,0,7,5,4,0,89.8,0.0
CLG0006,104.0,5.72,5.81,9,0,5,1,3,0,68.5,0.0
CLG0085,89.0,8.06,8.31,10,0,8,4,4,0,92.00000000000001,0.0
CLG0030,127.0,9.67,9.32,5,1,9,5,1,0,105.9,0.0
CLG0080,107.0,5.98,6.42,6,0,2,10,4,0,74.9,0.0
CLG0063,82.0,8.82,8.94,10,0,5,4,3,0,97.6,0.0
CLG0008,109.0,5.12,5.47,4,1,9,7,4,0,65.6,0.0
CLG0091,85.0,6.88,6.63,5,0,3,2,5,0,74.8,0.0
CLG0033,111.0,5.55,5.79,8,0,9,2,0,0,69.0,0.0
CLG0043,117.0,6.76,7.04,1,1,2,2,2,0,82.10000000000001,0.0
CLG0076,87.0,5.87,5.77,1,1,7,10,3,0,66.39999999999999,0.0
CLG0043,114.0,6.87,6.75,10,1,6,3,3,0,78.9,0.0
CLG0045,106.0,7.09,7.25,4,1,6,5,3,0,83.1,0.0
CLG0087,112.0,6.5,6.09,10,1,4,10,5,1,72.1,399600.0
CLG0054,128.0,8.28,8.52,3,1,0,9,0,1,97.99999999999999,504800.0
CLG0065,96.0,9.59,9.13,5,1,5,3,0,0,100.9,0.0
CLG0007,88.0,7.0,6.69,10,1,5,6,2,0,75.7,0.0
CLG0036,86.0,5.96,6.12,8,1,2,6,1,0,69.8,0.0
CLG0025,87.0,6.35,5.95,1,0,4,6,2,0,68.2,0.0
CLG0085,98.0,9.27,9.74,5,0,8,5,3,0,107.2,0.0
CLG0037,105.0,7.86,8.23,5,0,6,2,3,0,92.80000000000001,0.0
CLG0012,104.0,7.28,7.41,2,1,7,1,3,0,84.5,0.0
CLG0032,112.0,5.75,6.07,5,1,8,5,2,0,71.9,0.0
CLG0049,100.0,7.25,7.64,8,1,5,8,1,0,86.39999999999999,0.0
CLG0038,121.0,6.39,6.15,10,1,4,10,1,0,73.6,0.0
CLG0056,96.0,9.72,10.07,7,0,9,5,2,0,110.3,0.0
CLG0080,140.0,9.42,9.11,2,0,4,3,5,1,105.1,434400.0
CLG0065,109.0,5.42,5.33,6,1,4,3,3,0,64.2,0.0
CLG0026,87.0,7.58,7.64,10,0,3,2,2,0,85.1,0.0
CLG0057,83.0,6.13,6.34,1,0,1,7,2,0,71.7,0.0
CLG0014,107.0,7.05,6.58,10,0,6,2,4,0,76.5,0.0
CLG0056,96.0,9.38,9.17,10,1,6,6,4,0,101.3,0.0
CLG0070,110.0,7.64,7.75,3,1,7,8,0,0,88.5,0.0
CLG0041,107.0,6.67,6.53,6,0,7,8,0,0,76.0,0.0
CLG0051,98.0,6.04,6.32,9,1,10,2,2,0,73.0,0.0
CLG0084,87.0,9.0,9.15,1,0,7,6,4,0,100.2,0.0
CLG0067,77.0,8.12,7.85,6,1,8,3,3,0,86.2,0.0
CLG0012,93.0,7.34,6.99,2,1,5,9,0,0,79.2,0.0
CLG0097,112.0,6.09,6.22,9,1,3,3,3,0,73.39999999999999,0.0
CLG0049,103.0,6.67,6.62,2,1,1,1,3,0,76.5,0.0
CLG0001,81.0,9.8,9.47,3,0,4,9,0,0,102.8,0.0
CLG0019,102.0,7.6,7.43,2,1,5,8,5,0,84.5,0.0
CLG0066,105.0,7.0,6.8,4,1,6,2,2,0,78.5,0.0
CLG0058,86.0,7.61,7.22,4,0,5,10,4,0,80.8,0.0
CLG0087,102.0,8.89,8.94,10,1,3,10,0,0,99.6,0.0
CLG0072,100.0,6.7,6.96,1,1,3,3,1,0,79.6,0.0
CLG0098,82.0,5.89,5.97,8,1,6,7,1,0,67.89999999999999,0.0
CLG0004,105.0,7.92,8.25,5,1,0,6,3,0,93.0,0.0
CLG0008,108.0,8.33,7.96,8,0,2,8,1,0,90.39999999999999,0.0
CLG0027,116.0,8.56,8.5,6,1,9,10,3,1,96.6,498000.0
CLG0026,115.0,9.41,9.52,2,0,1,5,5,1,106.69999999999999,438300.0
CLG0097,79.0,6.86,7.04,7,0,1,5,5,0,78.30000000000001,0.0
CLG0043,85.0,5.38,5.58,10,0,6,2,5,0,64.3,0.0
CLG0040,107.0,9.79,10.02,9,0,4,6,5,0,110.89999999999999,0.0
CLG0050,107.0,7.18,7.33,7,1,2,5,5,0,84.0,0.0
CLG0067,107.0,8.12,7.71,5,0,8,9,4,0,87.8,0.0
CLG0073,141.5,8.33,8.53,4,0,8,3,0,0,99.45,0.0
CLG0074,108.0,7.73,7.95,8,0,2,5,0,0,90.3,0.0
CLG0029,117.0,6.03,6.52,6,0,1,3,4,0,76.89999999999999,0.0
CLG0085,114.0,8.78,8.97,5,1,2,9,3,1,101.10000000000001,515800.0
CLG0042,109.0,9.02,9.21,7,1,8,9,5,1,103.00000000000001,522900.00000000006
CLG0018,95.0,7.76,7.77,3,1,7,10,2,0,87.19999999999999,0.0
CLG0081,111.0,7.44,7.81,9,0,2,7,1,0,89.19999999999999,0.0
CLG0021,88.0,5.57,6.07,4,0,3,1,5,0,69.5,0.0
CLG0067,96.0,5.42,5.7,4,0,4,9,4,0,66.6,0.0
CLG0062,92.0,6.7,6.81,8,0,3,9,1,0,77.3,0.0
CLG0027,101.0,6.55,6.13,6,1,10,10,2,0,71.39999999999999,0.0
CLG0096,134.0,9.77,10.0,1,1,1,5,3,1,113.4,567000.0
CLG0093,71.0,8.92,9.13,2,0,10,2,5,0,98.4,0.0
CLG0047,110.0,8.3,8.58,9,0,8,1,1,0,96.8,0.0
CLG0093,75.0,7.59,7.21,6,0,1,2,3,0,79.6,0.0
CLG0026,92.0,5.84,5.99,7,1,4,4,5,0,69.10000000000001,0.0
CLG0009,116.0,9.89,9.69,9,0,10,4,2,1,108.49999999999999,445600.0
CLG0091,100.0,6.88,7.14,3,1,8,1,3,0,81.39999999999999,0.0
CLG0012,83.0,5.53,5.27,5,1,7,8,2,0,61.0,0.0
CLG0016,89.0,7.47,7.65,5,1,0,10,0,0,85.4,0.0
CLG0047,110.0,9.37,9.16,10,0,2,8,1,0,102.6,0.0
CLG0056,89.0,9.44,8.95,7,1,9,8,1,0,98.4,0.0
CLG0066,103.0,5.05,5.18,2,1,8,5,2,0,62.099999999999994,0.0
CLG0051,100.0,9.43,9.04,4,0,2,10,2,1,100.39999999999999,411599.99999999994
CLG0027,90.0,6.36,6.52,4,0,10,2,4,0,74.19999999999999,0.0
CLG0073,132.0,5.19,5.62,8,1,3,4,2,0,69.4,0.0
CLG0066,109.0,9.24,9.71,10,1,2,1,2,0,108.00000000000001,0.0
CLG0062,69.0,9.32,9.06,3,0,6,10,3,1,97.50000000000001,396900.0
CLG0071,102.0,7.98,8.29,2,0,8,1,3,0,93.1,0.0
CLG0008,90.0,7.87,7.72,9,0,3,10,1,0,86.2,0.0
CLG0038,112.0,9.07,9.47,4,0,8,3,3,1,105.9,434800.0
CLG0006,88.0,8.93,9.22,9,1,1,4,3,0,101.0,0.0
CLG0059,98.0,9.45,9.02,6,0,1,3,1,0,99.99999999999999,0.0
CLG0019,107.0,7.76,7.67,1,0,8,3,5,0,87.4,0.0
CLG0079,112.0,9.84,9.68,3,0,6,8,0,1,108.0,443200.0
CLG0056,81.0,9.98,10.27,7,0,4,4,4,0,110.79999999999998,0.0
CLG0028,94.0,5.58,5.49,9,1,4,3,3,0,64.30000000000001,0.0
CLG0094,92.0,9.25,9.43,8,1,8,9,0,0,103.5,0.0
CLG0091,90.0,7.5,7.6,5,1,10,1,4,0,85.0,0.0
CLG0010,126.0,6.94,7.42,8,1,3,8,1,0,86.8,0.0
CLG0045,106.0,8.07,8.51,2,0,10,5,3,0,95.69999999999999,0.0
CLG0095,81.0,5.28,5.21,3,0,0,8,5,0,60.2,0.0
CLG0065,113.0,7.53,7.75,8,0,5,10,3,1,88.8,366500.0
CLG0050,131.0,9.35,9.68,9,1,2,3,2,1,109.89999999999999,552700.0
CLG0032,115.0,6.07,6.47,10,0,1,6,3,0,76.2,0.0
CLG0061,77.0,7.13,6.7,8,1,3,7,3,0,74.7,0.0
CLG0016,92.0,9.7,9.5,4,1,8,8,0,0,104.2,0.0
CLG0006,119.0,7.14,6.96,6,0,7,7,0,0,81.5,0.0
CLG0066,89.0,6.79,6.72,5,1,6,7,3,0,76.10000000000001,0.0
CLG0062,106.0,7.2,6.87,4,0,1,2,5,0,79.3,0.0
CLG0066,111.0,7.6,7.6,9,1,0,3,4,0,87.1,0.0
CLG0067,86.0,8.16,8.32,10,0,6,6,1,0,91.8,0.0
CLG0019,99.0,9.0,9.0,3,0,9,3,5,0,99.9,0.0
CLG0004,57.5,7.26,7.43,1,0,4,9,0,0,80.05,0.0
CLG0043,84.0,9.09,8.66,7,0,10,9,5,1,95.0,388400.0
CLG0018,96.0,7.67,8.05,10,1,7,6,5,0,90.1,0.0
CLG0082,81.0,6.69,7.13,8,1,4,1,4,0,79.39999999999999,0.0
CLG0046,124.0,8.29,8.41,3,0,9,1,5,1,96.5,398400.0
CLG0046,78.0,8.59,8.97,3,0,4,4,3,0,97.5,0.0
CLG0085,93.0,7.79,7.42,6,0,7,10,2,0,83.5,0.0
CLG0021,101.0,5.28,5.58,2,0,8,8,0,0,65.89999999999999,0.0
CLG0030,121.0,5.85,5.47,6,0,1,3,5,0,66.8,0.0
CLG0064,78.0,6.43,6.34,5,0,7,4,0,0,71.2,0.0
CLG0041,117.0,6.41,6.23,7,0,6,6,2,0,74.0,0.0
CLG0017,100.0,8.37,8.46,9,0,7,9,3,1,94.60000000000001,388400.00000000006
CLG0005,85.0,5.09,4.89,9,0,2,4,0,0,57.4,0.0
CLG0005,106.0,8.78,8.92,1,0,3,3,3,0,99.8,0.0
CLG0073,102.0,6.33,6.2,7,0,6,10,4,0,72.2,0.0
CLG0075,90.0,6.55,6.91,3,0,4,10,0,0,78.1,0.0
CLG0048,101.0,7.64,7.77,4,1,6,9,3,0,87.79999999999998,0.0
CLG0078,94.0,6.08,5.8,2,1,5,7,4,0,67.4,0.0
CLG0038,101.0,9.42,9.26,1,0,3,9,5,1,102.69999999999999,420900.0
CLG0006,109.0,5.43,5.78,10,1,1,10,0,0,68.7,0.0
CLG0058,123.0,7.22,7.11,3,1,5,6,1,0,83.4,0.0
CLG0014,81.0,9.25,9.29,10,0,5,4,3,0,100.99999999999999,0.0
CLG0072,131.0,8.08,8.23,9,0,5,5,4,1,95.4,394700.0
CLG0094,70.0,6.46,6.31,1,1,0,10,5,0,70.1,0.0
CLG0059,97.0,7.1,6.89,3,0,5,2,1,0,78.6,0.0
CLG0065,108.0,8.53,8.51,5,1,1,3,3,0,95.89999999999999,0.0
CLG0089,104.0,9.87,9.58,3,0,9,5,0,0,106.2,0.0
CLG0013,90.0,9.47,9.25,4,0,4,3,5,0,101.5,0.0
CLG0027,96.0,6.71,6.27,4,0,6,3,3,0,72.3,0.0
CLG0025,92.0,9.99,9.79,1,1,9,9,4,1,107.1,537600.0
CLG0056,91.0,5.02,4.84,6,1,0,4,0,0,57.5,0.0
CLG0068,112.0,5.14,5.6,7,1,4,4,0,0,67.2,0.0
CLG0059,105.0,9.12,9.21,7,1,8,1,5,0,102.60000000000001,0.0
CLG0095,89.0,6.0,6.29,6,0,2,7,0,0,71.8,0.0
CLG0049,113.0,5.3,4.85,7,0,1,10,2,1,59.8,250500.0
CLG0018,104.0,6.19,5.8,3,1,9,9,4,0,68.4,0.0
CLG0081,112.0,7.13,7.44,5,1,1,8,1,0,85.60000000000001,0.0
CLG0075,109.0,8.65,8.77,7,1,2,2,0,0,98.6,0.0
CLG0076,87.0,8.12,7.81,10,0,0,6,4,0,86.8,0.0
CLG0003,91.0,6.19,6.09,5,1,1,10,2,0,70.0,0.0
CLG0079,111.0,7.52,7.56,10,1,5,10,2,1,86.69999999999999,457900.0
CLG0057,109.0,9.63,9.97,2,1,7,5,5,0,110.60000000000001,0.0
CLG0006,99.0,9.08,8.64,6,0,3,8,0,0,96.30000000000001,0.0
CLG0069,101.0,6.62,6.72,7,1,1,1,4,0,77.3,0.0
CLG0031,119.0,9.91,10.13,2,0,4,9,2,1,113.20000000000002,464700.00000000006
CLG0008,91.0,8.54,9.02,10,0,2,9,0,0,99.29999999999998,0.0
CLG0010,108.0,5.31,5.62,8,1,4,7,5,0,67.0,0.0
CLG0003,96.0,5.18,4.96,5,1,2,8,3,0,59.2,0.0
CLG0012,96.0,5.84,6.05,8,0,10,9,3,0,70.1,0.0
CLG0092,116.0,8.64,8.9,3,0,3,5,3,1,100.6,414000.0
CLG0076,112.0,5.92,6.15,2,1,4,2,1,0,72.7,0.0
CLG0094,112.0,7.56,7.88,7,1,6,1,4,0,90.0,0.0
CLG0019,119.0,5.47,5.87,5,1,1,5,5,0,70.60000000000001,0.0
CLG0021,100.0,9.6,9.2,5,0,5,8,3,1,102.0,418000.0
CLG0081,110.0,6.72,6.32,8,0,5,10,2,0,74.2,0.0
CLG0014,95.0,9.54,9.84,9,0,5,4,1,0,107.9,0.0
CLG0075,104.0,9.72,9.47,8,1,6,4,3,0,105.10000000000001,0.0
CLG0029,98.0,5.03,4.59,10,0,10,4,0,0,55.7,0.0
CLG0007,101.0,7.32,7.22,2,0,2,8,2,0,82.3,0.0
CLG0049,108.0,5.12,5.44,10,1,4,7,1,0,65.2,0.0
CLG0065,87.0,9.54,9.17,7,0,8,1,1,0,100.4,0.0
CLG0007,131.0,7.59,7.76,5,0,8,10,2,1,90.69999999999999,375900.0
CLG0014,84.0,5.37,4.87,7,1,6,6,3,0,57.1,0.0
CLG0016,81.0,5.55,5.16,3,1,8,4,5,0,59.7,0.0
CLG0099,117.0,6.92,6.77,4,1,2,2,5,0,79.39999999999999,0.0
CLG0016,111.0,9.7,9.28,7,0,6,3,0,0,103.89999999999999,0.0
CLG0085,109.0,8.46,8.81,2,0,0,4,0,0,99.00000000000001,0.0
CLG0013,109.0,9.34,9.7,2,0,6,10,5,1,107.9,442500.0
CLG0082,99.0,6.83,7.09,1,1,2,7,5,0,80.80000000000001,0.0
CLG0029,86.0,5.22,4.96,1,0,2,1,0,0,58.2,0.0
CLG0085,101.0,9.87,9.89,1,1,6,1,1,0,109.0,0.0
CLG0073,89.0,5.09,4.77,6,1,7,3,3,0,56.599999999999994,0.0
CLG0095,114.0,9.74,9.52,5,1,3,2,5,1,106.6,537800.0
CLG0061,97.0,6.84,6.86,10,1,0,3,5,0,78.30000000000001,0.0
CLG0037,87.0,5.05,5.29,8,0,4,3,2,0,61.599999999999994,0.0
CLG0017,95.0,8.45,8.04,5,1,9,1,4,0,89.89999999999999,0.0
CLG0031,106.0,9.9,9.7,1,1,3,6,0,0,107.6,0.0
CLG0059,91.0,9.83,10.26,8,0,8,8,2,1,111.69999999999999,455900.0
CLG0088,87.0,5.8,5.73,6,0,2,5,5,0,66.0,0.0
CLG0047,103.0,5.91,6.35,8,1,3,1,5,0,73.8,0.0
CLG0006,103.0,7.83,8.32,2,1,9,10,2,1,93.5,484300.0
CLG0032,92.0,8.19,8.22,10,1,2,7,5,0,91.4,0.0
CLG0031,92.0,8.7,8.49,8,0,2,10,0,0,94.10000000000001,0.0
CLG0018,103.0,5.91,6.2,6,0,6,9,4,0,72.3,0.0
CLG0009,78.0,9.8,9.46,1,0,4,7,1,0,102.4,0.0
CLG0003,78.0,8.19,7.94,1,1,4,9,1,0,87.2,0.0
CLG0071,89.0,9.24,9.52,10,0,3,10,3,1,104.1,425300.0
CLG0026,96.0,7.7,7.63,5,0,9,9,5,0,85.89999999999999,0.0
CLG0013,104.0,7.07,6.77,7,1,7,2,1,0,78.1,0.0
CLG0034,122.0,9.89,10.04,4,0,0,8,2,1,112.6,462599.99999999994
CLG0043,112.0,7.91,8.14,10,0,10,7,1,0,92.60000000000001,0.0
CLG0093,97.0,9.33,8.96,5,0,8,7,3,0,99.30000000000001,0.0
CLG0033,99.0,9.77,9.55,10,0,10,2,2,0,105.4,0.0
CLG0069,84.0,8.38,8.1,3,0,8,1,2,0,89.4,0.0
CLG0036,99.0,7.74,7.62,2,0,10,4,4,0,86.10000000000001,0.0
CLG0079,95.0,5.02,5.28,2,0,4,7,5,0,62.300000000000004,0.0
CLG0074,104.0,5.2,5.41,5,0,0,6,0,0,64.5,0.0
CLG0068,87.0,6.0,6.16,4,1,1,10,0,0,70.3,0.0
CLG0047,107.0,5.93,5.44,2,0,1,2,0,0,65.10000000000001,0.0
CLG0061,122.0,6.27,5.91,5,1,5,7,3,0,71.3,0.0
CLG0045,98.0,6.52,6.24,10,1,9,10,1,0,72.2,0.0
CLG0096,106.0,6.8,6.57,9,0,8,9,0,0,76.3,0.0
CLG0088,110.0,7.1,6.75,8,0,2,2,1,0,78.5,0.0
CLG0084,93.0,5.49,5.4,9,0,7,10,0,0,63.3,0.0
CLG0048,103.0,5.21,4.79,9,0,1,5,4,0,58.2,0.0
CLG0041,100.0,8.37,8.62,8,0,4,2,1,0,96.19999999999999,0.0
CLG0038,101.0,7.69,7.98,9,0,3,1,3,0,89.9,0.0
CLG0068,88.0,7.22,7.29,4,0,4,7,5,0,81.7,0.0
CLG0075,100.0,8.17,7.76,8,1,3,2,5,0,87.6,0.0
CLG0011,107.0,9.14,9.53,2,0,0,6,3,0,106.0,0.0
CLG0016,121.0,7.14,7.61,9,0,0,7,1,0,88.2,0.0
CLG0065,114.0,8.21,7.91,9,0,5,1,5,0,90.5,0.0
CLG0097,132.0,9.77,9.97,3,0,7,9,3,1,112.9,464800.0
CLG0071,88.0,9.2,9.54,6,0,6,6,2,0,104.19999999999999,0.0
CLG0067,113.0,7.13,7.17,7,1,3,2,3,0,83.0,0.0
CLG0071,102.0,8.22,8.04,3,1,4,1,4,0,90.6,0.0
CLG0001,132.0,5.89,5.87,5,0,7,1,4,0,71.9,0.0
CLG0097,87.0,7.8,7.81,1,0,5,2,1,0,86.8,0.0
CLG0071,87.0,9.91,9.81,3,1,7,9,3,1,106.80000000000001,535900.0
CLG0004,91.0,7.59,8.02,8,0,5,2,1,0,89.29999999999998,0.0
CLG0082,68.0,9.64,9.88,3,0,7,1,0,0,105.60000000000001,0.0
CLG0037,92.0,7.04,6.78,8,1,3,4,2,0,77.0,0.0
CLG0014,88.0,9.99,10.08,9,0,9,9,1,0,109.6,0.0
CLG0079,102.0,7.9,8.09,6,1,1,8,1,0,91.10000000000001,0.0
CLG0025,105.0,5.21,4.85,7,0,2,7,1,0,59.0,0.0
CLG0082,128.0,7.93,7.79,6,0,4,8,5,1,90.7,375600.0
CLG0004,114.0,6.37,6.78,8,0,3,2,1,0,79.2,0.0
CLG0066,91.0,5.16,5.23,7,0,4,5,5,0,61.400000000000006,0.0
CLG0043,86.0,9.1,8.82,10,0,0,7,4,0,96.8,0.0
CLG0026,107.0,6.38,6.0,1,0,0,1,2,0,70.7,0.0
CLG0084,80.0,8.98,9.0,3,1,1,6,0,0,98.0,0.0
CLG0015,127.0,6.44,6.49,3,0,10,7,2,0,77.60000000000001,0.0
CLG0006,117.0,5.97,5.8,3,0,1,8,1,0,69.7,0.0
CLG0037,92.0,9.87,10.0,4,1,7,5,4,0,109.2,0.0
CLG0043,74.0,6.81,6.38,1,0,9,8,0,0,71.2,0.0
CLG0042,120.0,8.01,7.66,2,1,3,10,5,1,88.6,466400.0
CLG0013,98.0,8.05,8.1,5,0,5,1,1,0,90.8,0.0
CLG0016,118.0,7.8,7.36,6,1,1,4,5,0,85.4,0.0
CLG0042,76.0,9.57,9.95,9,1,0,6,1,0,107.1,0.0
CLG0038,91.0,8.37,8.01,2,0,6,4,3,0,89.19999999999999,0.0
CLG0066,100.0,7.02,7.19,9,0,3,5,2,0,81.9,0.0
CLG0065,100.0,9.31,9.2,7,0,3,2,2,0,102.0,0.0
CLG0005,93.0,5.91,5.81,9,0,1,7,2,0,67.39999999999999,0.0
CLG0030,109.0,7.72,7.98,4,1,8,9,3,0,90.70000000000002,0.0
CLG0095,83.0,9.75,9.75,7,1,1,7,4,0,105.8,0.0
CLG0043,97.0,8.13,8.36,1,1,4,1,4,0,93.3,0.0
CLG0032,101.0,9.08,9.09,8,0,5,2,4,0,101.0,0.0
CLG0067,107.0,8.27,8.36,7,1,2,8,5,1,94.3,487900.0
CLG0067,110.0,9.2,9.46,7,0,10,1,0,0,105.60000000000001,0.0
CLG0042,83.0,9.72,9.83,2,1,2,2,3,0,106.6,0.0
CLG0005,76.0,6.36,6.48,10,1,5,5,3,0,72.4,0.0
CLG0099,119.0,5.85,6.14,9,1,4,6,4,0,73.3,0.0
CLG0086,104.0,7.42,7.87,8,0,4,1,4,0,89.10000000000001,0.0
CLG0096,88.0,8.51,8.39,1,1,4,1,4,0,92.7,0.0
CLG0059,123.0,6.14,6.22,1,1,8,2,3,0,74.5,0.0
CLG0023,101.0,5.02,4.61,5,0,7,3,4,0,56.2,0.0
CLG0008,117.0,6.71,6.57,2,1,3,9,2,1,77.4,421300.0
CLG0068,101.0,9.84,9.75,1,0,5,3,4,0,107.6,0.0
CLG0070,130.0,8.47,8.81,10,0,4,8,2,1,101.10000000000001,417400.0
CLG0091,126.0,7.01,7.02,8,1,10,6,1,0,82.79999999999998,0.0
CLG0019,96.0,5.96,6.19,4,0,5,10,1,0,71.5,0.0
CLG0044,114.0,6.78,6.3,2,0,10,5,3,0,74.4,0.0
CLG0093,109.0,5.85,5.81,5,0,7,9,0,0,69.0,0.0
CLG0038,120.0,5.53,5.93,6,1,5,8,5,1,71.3,397200.0
CLG0044,85.0,9.53,9.25,8,1,5,3,1,0,101.0,0.0
CLG0006,110.0,9.99,9.52,7,0,1,7,3,0,106.19999999999999,0.0
CLG0003,115.0,5.82,5.75,7,1,6,4,3,0,69.0,0.0
CLG0096,73.0,5.27,5.47,1,0,2,8,2,0,61.99999999999999,0.0
CLG0080,82.0,6.65,6.6,3,0,6,7,2,0,74.2,0.0
CLG0033,69.0,7.31,7.27,3,1,4,3,4,0,79.6,0.0
CLG0066,95.0,6.02,6.19,7,0,3,7,5,0,71.4,0.0
CLG0058,110.0,6.51,6.26,2,1,9,6,1,0,73.6,0.0
CLG0026,122.0,6.0,6.25,10,1,0,6,2,0,74.7,0.0
CLG0099,101.0,8.87,8.52,7,0,7,10,0,0,95.29999999999998,0.0
CLG0028,124.0,8.56,8.46,9,1,1,3,5,1,97.00000000000001,500400.00000000006
CLG0043,79.0,8.17,8.33,1,0,9,4,3,0,91.2,0.0
CLG0075,74.0,6.94,7.27,2,0,7,4,5,0,80.1,0.0
CLG0088,99.0,9.55,9.84,6,0,6,6,4,0,108.30000000000001,0.0
CLG0016,105.0,9.85,10.07,2,0,2,9,2,1,111.2,455300.0
CLG0089,99.0,5.87,5.73,2,1,10,5,2,0,67.2,0.0
CLG0023,68.0,6.12,5.74,5,0,6,8,2,0,64.2,0.0
CLG0059,98.0,7.63,7.35,7,0,0,5,5,0,83.3,0.0
CLG0035,80.0,5.46,5.82,4,1,4,6,1,0,66.2,0.0
CLG0089,110.0,7.18,7.54,6,1,1,6,5,0,86.4,0.0
CLG0041,105.0,7.91,8.36,3,0,1,4,2,0,94.1,0.0
CLG0097,85.0,7.61,7.19,4,1,2,10,5,0,80.4,0.0
CLG0022,92.0,6.65,6.69,4,0,6,10,3,0,76.10000000000001,0.0
CLG0074,84.0,7.71,7.86,4,0,1,5,2,0,87.00000000000001,0.0
CLG0001,99.0,9.79,10.0,1,1,3,4,5,0,109.9,0.0
CLG0046,114.0,6.03,6.17,4,0,3,2,0,0,73.10000000000001,0.0
CLG0022,85.0,8.27,8.54,4,1,0,2,2,0,93.89999999999999,0.0
CLG0032,107.0,5.22,5.08,6,1,6,8,4,0,61.5,0.0
CLG0087,92.0,5.33,5.01,9,0,3,4,4,0,59.3,0.0
CLG0030,88.0,7.76,7.46,10,1,0,9,0,0,83.39999999999999,0.0
CLG0087,98.0,5.52,5.03,6,0,2,6,4,0,60.10000000000001,0.0
CLG0043,84.0,5.11,4.96,6,0,7,5,1,0,58.0,0.0
CLG0012,91.0,5.86,5.45,7,0,3,7,3,0,63.6,0.0
CLG0083,82.0,7.82,7.64,7,1,0,6,3,0,84.6,0.0
CLG0071,129.0,8.52,8.65,1,0,6,4,1,0,99.4,0.0
CLG0027,100.0,6.01,6.4,8,0,7,10,4,0,74.0,0.0
CLG0026,89.0,8.34,8.68,1,0,4,9,0,0,95.7,0.0
CLG0018,103.0,5.91,5.66,9,1,8,6,0,0,66.9,0.0
CLG0092,98.0,8.07,7.7,4,0,6,3,3,0,86.8,0.0
CLG0075,96.0,7.06,6.75,9,0,3,4,5,0,77.1,0.0
CLG0066,109.0,8.27,8.74,8,0,8,4,0,0,98.30000000000001,0.0
CLG0081,111.0,9.98,10.03,9,1,5,8,1,1,111.39999999999999,556700.0
CLG0061,92.0,9.69,9.37,6,1,10,5,3,0,102.89999999999999,0.0
CLG0046,91.0,5.02,5.36,9,1,7,8,2,0,62.7,0.0
CLG0029,95.0,9.43,9.33,4,1,1,8,1,0,102.8,0.0
CLG0032,65.0,5.33,5.73,3,1,4,6,1,0,63.800000000000004,0.0
CLG0015,77.0,9.77,9.53,3,0,2,5,0,0,103.0,0.0
CLG0060,120.0,6.41,6.3,8,0,4,2,5,0,75.0,0.0
CLG0082,124.0,6.91,6.91,2,1,7,1,0,0,81.5,0.0
CLG0028,96.0,5.46,5.85,6,0,5,7,0,0,68.1,0.0
CLG0027,108.0,5.56,5.93,9,1,0,10,2,0,70.1,0.0
CLG0041,104.0,8.63,8.7,9,0,6,10,1,0,97.4,0.0
CLG0047,141.5,9.72,9.44,8,1,9,7,4,1,108.55,548350.0
CLG0033,116.0,8.05,7.95,8,1,0,2,3,0,91.1,0.0
CLG0044,98.0,8.58,9.06,1,1,0,3,0,0,100.4,0.0
CLG0050,85.0,8.81,8.92,7,0,3,8,0,0,97.7,0.0
CLG0010,75.0,6.31,6.59,1,0,8,4,1,0,73.4,0.0
CLG0024,103.0,5.23,5.18,9,0,7,5,2,0,62.099999999999994,0.0
CLG0034,88.0,5.01,5.04,3,0,9,7,0,0,59.2,0.0
CLG0091,78.0,6.75,6.68,1,0,2,8,2,0,74.6,0.0
CLG0020,90.0,6.21,6.41,8,0,5,1,2,0,73.1,0.0
CLG0025,83.0,5.31,5.66,7,0,0,7,4,0,64.9,0.0
CLG0055,125.0,5.9,5.91,2,1,9,3,2,0,71.6,0.0
CLG0090,113.0,5.62,5.6,7,1,0,5,4,0,67.3,0.0
CLG0043,99.0,9.57,9.41,5,0,5,1,3,0,104.0,0.0
CLG0053,122.0,5.7,5.38,7,0,4,3,2,0,66.0,0.0
CLG0085,101.0,7.69,8.13,10,1,5,5,3,0,91.4,0.0
CLG0050,87.0,7.97,7.79,7,0,8,1,2,0,86.60000000000001,0.0
CLG0055,122.0,7.72,8.02,2,1,4,2,4,1,92.39999999999999,481800.0
CLG0013,108.0,5.5,5.72,2,0,1,3,4,0,68.0,0.0
CLG0049,84.0,6.59,6.88,7,1,0,8,3,0,77.2,0.0
CLG0097,97.0,5.26,5.7,3,1,10,5,1,0,66.7,0.0
CLG0010,86.0,6.98,7.1,4,0,1,5,1,0,79.6,0.0
CLG0092,79.0,5.94,6.34,7,0,7,3,1,0,71.3,0.0
CLG0097,113.0,7.81,7.48,2,0,0,9,2,1,86.10000000000001,355700.0
CLG0011,128.0,8.46,8.59,2,0,5,9,1,1,98.7,407600.0
CLG0078,79.0,7.66,7.93,9,0,4,2,3,0,87.2,0.0
CLG0084,108.0,7.17,6.94,1,0,9,8,1,0,80.2,0.0
CLG0100,90.0,6.94,7.18,3,1,10,1,3,0,80.8,0.0
CLG0020,92.0,9.21,9.49,10,1,8,5,3,0,104.10000000000001,0.0
CLG0072,91.0,6.1,6.43,4,0,3,7,5,0,73.39999999999999,0.0
CLG0079,87.0,8.67,8.48,5,0,4,8,2,1,93.50000000000001,382700.0
CLG0097,100.0,8.79,8.97,3,0,4,8,5,1,99.7,408800.0
CLG0083,87.0,7.1,6.9,9,1,10,6,4,0,77.7,0.0
CLG0048,104.0,6.49,6.73,5,0,1,7,2,0,77.70000000000002,0.0
CLG0076,99.0,7.35,7.31,7,0,10,4,2,0,83.0,0.0
CLG0017,96.0,5.47,5.57,7,1,1,10,0,0,65.3,0.0
CLG0033,86.0,5.23,5.15,9,0,8,7,1,0,60.1,0.0
CLG0020,91.0,5.56,5.22,2,0,2,7,1,0,61.3,0.0
CLG0046,111.0,5.94,5.62,3,0,5,9,3,1,67.3,280300.0
CLG0031,107.0,7.52,7.1,4,1,3,2,4,0,81.7,0.0
CLG0051,85.0,9.25,9.37,8,0,3,8,5,1,102.19999999999999,417299.99999999994
CLG0083,101.0,6.18,6.53,1,1,4,9,1,0,75.39999999999999,0.0
CLG0019,111.0,9.68,9.2,9,0,4,3,1,0,103.1,0.0
CLG0062,74.0,9.77,9.34,5,1,6,8,4,1,100.80000000000001,510600.0
CLG0044,108.0,9.79,9.75,4,0,6,1,1,0,108.3,0.0
CLG0077,90.0,9.19,9.43,8,0,0,10,0,0,103.3,0.0
CLG0038,108.0,6.82,6.48,9,0,5,5,1,0,75.60000000000001,0.0
CLG0049,88.0,5.36,5.13,3,0,3,1,0,0,60.099999999999994,0.0
CLG0065,72.0,7.84,7.57,4,1,1,1,2,0,82.9,0.0
CLG0011,75.0,7.79,7.69,1,1,5,6,2,0,84.4,0.0
CLG0027,100.0,9.25,8.97,3,0,6,5,0,0,99.7,0.0
CLG0058,103.0,9.98,9.83,10,0,1,5,5,0,108.6,0.0
CLG0064,86.0,7.54,7.77,5,0,1,2,5,0,86.29999999999998,0.0
CLG0065,109.0,6.73,6.84,8,0,9,10,3,0,79.30000000000001,0.0
CLG0015,75.0,5.93,5.51,1,1,10,9,0,0,62.599999999999994,0.0
CLG0082,99.0,5.02,5.16,1,1,6,5,3,0,61.5,0.0
CLG0089,81.0,7.55,7.53,3,1,8,3,4,0,83.39999999999999,0.0
CLG0001,90.0,7.78,8.21,9,0,2,7,4,0,91.10000000000001,0.0
CLG0019,100.0,9.12,8.91,9,0,2,6,0,0,99.1,0.0
CLG0056,87.0,7.52,7.75,1,0,7,6,3,0,86.2,0.0
CLG0064,94.0,9.58,9.81,4,0,1,5,2,0,107.50000000000001,0.0
CLG0034,115.0,8.14,7.86,8,0,8,4,0,0,90.10000000000001,0.0
CLG0064,91.0,9.2,9.6,2,0,6,6,0,0,105.1,0.0
CLG0010,112.0,5.74,5.73,4,1,7,7,3,0,68.5,0.0
CLG0076,83.0,9.28,9.46,7,0,8,8,4,1,102.9,419900.00000000006
CLG0060,107.0,8.38,8.03,7,0,2,2,5,0,91.0,0.0
CLG0039,121.0,5.85,5.61,5,1,5,4,2,0,68.2,0.0
CLG0066,62.0,5.95,6.04,7,0,7,7,3,0,66.6,0.0
CLG0032,88.0,9.63,9.45,6,0,0,3,3,0,103.3,0.0
CLG0051,108.0,5.16,5.16,2,0,5,5,2,0,62.400000000000006,0.0
CLG0026,96.0,7.31,7.18,9,1,2,10,5,0,81.39999999999999,0.0
CLG0057,105.0,6.57,6.71,5,0,7,7,5,0,77.6,0.0
CLG0084,90.0,8.33,8.32,2,0,8,9,0,0,92.2,0.0
CLG0060,101.0,9.2,8.7,6,0,4,6,0,0,97.1,0.0
CLG0055,97.0,6.8,6.95,10,1,1,2,1,0,79.2,0.0
CLG0006,117.0,7.13,7.05,5,1,6,9,2,1,82.2,440500.0
CLG0007,103.0,9.91,9.75,2,0,5,6,3,0,107.8,0.0
CLG0066,105.0,8.92,8.51,10,0,5,10,1,0,95.6,0.0
CLG0081,93.0,9.49,9.21,10,0,0,2,1,0,101.4,0.0
CLG0026,92.0,7.19,6.91,7,0,0,1,1,0,78.3,0.0
CLG0095,93.0,6.17,6.61,10,0,5,4,0,0,75.4,0.0
CLG0098,105.0,7.06,6.99,2,1,5,2,4,0,80.4,0.0
CLG0082,93.0,8.58,8.12,7,1,3,7,1,0,90.49999999999999,0.0
CLG0078,104.0,5.55,5.19,6,1,7,7,3,0,62.300000000000004,0.0
CLG0005,131.0,6.35,5.93,4,1,8,3,5,0,72.39999999999999,0.0
CLG0087,113.0,5.23,5.32,4,0,5,10,0,0,64.5,0.0
CLG0001,95.0,7.16,6.85,6,0,9,1,5,0,78.0,0.0
CLG0084,118.0,9.14,9.14,9,0,7,2,4,1,103.2,424600.0
CLG0002,93.0,5.12,4.99,10,1,7,8,4,0,59.2,0.0
CLG0065,69.0,8.38,8.68,6,1,1,4,1,0,93.7,0.0
CLG0010,84.0,9.66,9.48,6,1,3,3,1,0,103.20000000000002,0.0
CLG0050,71.0,6.18,6.14,1,0,0,10,0,0,68.5,0.0
CLG0051,94.0,8.47,8.69,5,1,0,7,1,0,96.3,0.0
CLG0069,100.0,9.88,9.81,1,0,5,10,0,0,108.10000000000001,0.0
CLG0041,125.0,9.81,10.1,9,0,6,4,4,1,113.5,466500.0
CLG0058,104.0,6.17,6.33,10,0,4,2,3,0,73.7,0.0
CLG0077,96.0,5.5,5.41,4,1,7,3,3,0,63.7,0.0
CLG0068,112.0,5.74,5.74,2,0,8,4,2,0,68.60000000000001,0.0
CLG0024,66.0,8.51,8.98,9,0,3,1,5,0,96.4,0.0
CLG0091,103.0,8.63,8.79,6,1,0,8,2,1,98.19999999999999,503099.99999999994
CLG0056,111.0,8.37,8.77,10,1,5,8,2,1,98.79999999999998,506300.0
CLG0100,77.0,6.68,6.36,3,0,0,5,3,0,71.3,0.0
CLG0036,117.0,5.85,5.83,2,1,1,6,1,0,70.0,0.0
CLG0002,105.0,7.9,8.31,6,1,10,4,0,0,93.60000000000001,0.0
CLG0096,93.0,7.42,7.24,10,1,3,3,3,0,81.7,0.0
CLG0056,109.0,8.64,9.11,6,1,3,3,2,0,102.0,0.0
CLG0081,134.0,7.21,6.81,9,1,5,4,2,0,81.5,0.0
CLG0012,102.0,6.69,7.09,5,0,7,6,5,0,81.10000000000001,0.0
CLG0012,103.0,6.47,6.42,9,0,2,2,1,0,74.5,0.0
CLG0085,93.0,6.06,5.63,5,0,5,6,2,0,65.6,0.0
CLG0072,87.0,6.33,6.71,2,1,2,8,2,0,75.8,0.0
CLG0022,112.0,5.47,5.22,1,1,1,9,0,0,63.39999999999999,0.0
CLG0074,87.0,6.73,6.25,9,1,3,4,1,0,71.2,0.0
CLG0084,101.0,5.18,4.82,10,0,3,5,4,0,58.300000000000004,0.0
CLG0062,92.0,5.93,6.09,7,1,1,8,4,0,70.1,0.0
CLG0064,107.0,8.73,9.21,3,0,10,10,2,1,102.80000000000001,421900.00000000006
CLG0028,105.0,6.63,6.24,6,1,2,2,2,0,72.9,0.0
CLG0089,115.0,8.34,8.3,10,0,8,10,0,1,94.5,389500.0
CLG0028,92.0,8.58,8.26,4,0,9,2,4,0,91.8,0.0
CLG0004,95.0,7.91,8.16,9,1,8,9,1,0,91.1,0.0
CLG0045,85.0,9.79,9.41,2,0,9,6,1,0,102.6,0.0
CLG0090,93.0,5.11,4.85,4,0,6,10,3,0,57.8,0.0
CLG0013,105.0,8.69,8.39,1,0,1,9,5,1,94.4,388100.0
CLG0083,111.0,9.79,9.84,7,0,4,10,3,1,109.5,449100.0
CLG0098,86.0,9.31,9.68,4,1,7,7,1,0,105.39999999999999,0.0
CLG0080,113.0,5.84,5.85,5,0,0,5,3,0,69.8,0.0
CLG0004,120.0,6.63,6.19,1,1,0,9,5,1,73.9,407600.0
CLG0061,106.0,5.86,5.92,2,1,10,9,5,0,69.8,0.0
CLG0084,128.0,8.01,8.31,4,1,10,2,0,0,95.9,0.0
CLG0026,88.0,8.56,8.19,2,1,5,8,2,1,90.69999999999999,471600.0
CLG0094,81.0,6.59,6.16,1,1,6,8,1,0,69.7,0.0
CLG0006,73.0,7.7,7.39,10,0,6,2,4,0,81.19999999999999,0.0
CLG0077,122.0,8.45,8.7,1,0,2,10,4,1,99.2,409000.0
CLG0056,109.0,7.11,7.2,6,0,9,7,1,0,82.9,0.0
CLG0100,99.0,9.27,9.31,2,0,3,1,3,0,103.00000000000001,0.0
CLG0081,104.0,8.86,8.61,3,0,8,5,3,0,96.5,0.0
CLG0027,83.0,5.32,5.15,5,1,10,5,1,0,59.8,0.0
CLG0035,136.0,8.11,8.58,3,1,9,10,1,1,99.39999999999999,511200.0
CLG0097,101.0,6.18,5.92,6,0,3,5,1,0,69.3,0.0
CLG0082,101.0,7.79,8.19,7,0,4,2,0,0,91.99999999999999,0.0
CLG0058,110.0,9.78,9.86,10,1,5,3,4,0,109.6,0.0
CLG0084,107.0,9.4,9.02,6,1,6,6,0,0,100.89999999999999,0.0
CLG0063,103.0,7.02,6.99,2,1,4,1,5,0,80.2,0.0
CLG0033,88.0,6.46,6.91,9,0,6,6,0,0,77.89999999999999,0.0
CLG0095,107.0,6.17,6.09,2,0,1,6,2,0,71.6,0.0
CLG0083,128.0,7.66,8.02,6,0,6,7,0,0,92.99999999999999,0.0
CLG0097,120.0,5.57,5.33,9,0,4,9,5,1,65.3,273200.0
CLG0081,123.0,7.75,7.82,9,0,9,9,4,1,90.5,374300.0
CLG0033,92.0,5.01,5.35,2,0,4,4,3,0,62.7,0.0
CLG0100,85.0,6.62,7.04,9,0,10,2,4,0,78.9,0.0
CLG0069,98.0,6.1,6.09,8,0,5,5,1,0,70.7,0.0
CLG0040,100.0,9.86,10.0,7,1,8,1,5,0,110.0,0.0
CLG0047,116.0,8.64,8.14,8,0,3,5,1,0,93.0,0.0
CLG0045,74.0,6.75,6.5,10,1,4,10,1,0,72.4,0.0
CLG0027,122.0,5.46,5.24,8,0,4,3,0,0,64.60000000000001,0.0
CLG0007,97.0,7.58,7.17,1,1,2,7,5,0,81.4,0.0
CLG0058,93.0,6.07,5.85,9,1,2,7,2,0,67.8,0.0
CLG0014,84.0,7.68,7.5,6,0,0,3,3,0,83.4,0.0
CLG0004,75.0,9.18,9.65,1,0,3,5,0,0,104.0,0.0
CLG0082,112.0,8.08,8.25,1,1,8,9,1,1,93.7,486000.0
CLG0034,101.0,8.17,8.1,7,0,1,4,4,0,91.1,0.0
CLG0080,80.0,7.71,8.2,10,0,9,2,1,0,90.0,0.0
CLG0091,80.0,9.64,9.29,2,1,3,3,4,0,100.89999999999999,0.0
CLG0038,94.0,9.66,9.64,6,1,8,1,3,0,105.80000000000001,0.0
CLG0020,125.0,7.56,7.71,5,0,8,5,1,0,89.6,0.0
CLG0046,96.0,6.53,6.09,5,1,7,9,5,0,70.5,0.0
CLG0019,77.0,7.3,7.52,10,0,1,2,5,0,82.89999999999999,0.0
CLG0001,96.0,5.93,5.53,6,1,10,3,3,0,64.9,0.0
CLG0023,95.0,8.18,7.82,8,1,2,3,1,0,87.7,0.0
CLG0062,59.0,7.5,7.16,5,1,5,7,1,0,77.5,0.0
CLG0073,99.0,5.52,5.95,8,1,1,10,4,0,69.4,0.0
CLG0028,96.0,5.99,6.17,5,0,2,7,2,0,71.3,0.0
CLG0084,110.0,7.4,7.56,10,0,0,1,5,0,86.6,0.0
CLG0080,127.0,9.44,9.5,6,1,3,3,4,1,107.7,543500.0
CLG0077,116.0,7.83,7.62,8,1,10,1,0,0,87.8,0.0
CLG0033,95.0,8.41,8.53,2,0,5,9,3,1,94.8,388700.0
CLG0003,83.0,6.7,6.61,7,1,0,7,3,0,74.4,0.0
CLG0079,138.0,7.86,7.51,3,0,0,5,2,0,88.89999999999999,0.0
CLG0016,100.0,7.24,7.43,9,1,7,7,1,0,84.3,0.0
CLG0030,100.0,8.3,7.93,10,1,6,3,3,0,89.3,0.0
CLG0025,99.0,5.25,4.94,7,1,6,3,2,0,59.300000000000004,0.0
CLG0078,102.0,7.47,7.79,3,1,6,1,0,0,88.10000000000001,0.0
CLG0001,97.0,6.48,6.64,8,0,4,5,3,0,76.1,0.0
CLG0033,91.0,6.63,6.76,10,1,3,7,0,0,76.69999999999999,0.0
CLG0037,91.0,9.8,9.72,2,1,6,3,5,0,106.3,0.0
CLG0029,99.0,5.91,5.81,10,0,10,5,4,0,68.0,0.0
CLG0037,91.0,6.56,6.75,8,0,2,10,3,0,76.6,0.0
CLG0061,89.0,7.55,7.79,7,0,8,1,3,0,86.80000000000001,0.0
CLG0008,101.0,9.32,9.33,5,1,1,7,1,0,103.39999999999999,0.0
CLG0001,96.0,7.08,7.55,4,1,0,8,0,0,85.1,0.0
CLG0063,122.0,8.72,9.18,10,0,7,8,4,1,104.0,428200.0
CLG0088,60.0,9.28,9.19,10,0,5,1,2,0,97.89999999999999,0.0
CLG0065,116.0,6.55,6.87,1,0,3,4,4,0,80.3,0.0
CLG0046,118.0,6.96,7.0,4,1,9,9,3,1,81.8,439000.0
CLG0043,68.0,6.78,6.79,6,1,8,2,5,0,74.7,0.0
CLG0010,94.0,9.16,8.71,6,0,4,1,0,0,96.50000000000001,0.0
CLG0082,94.0,5.22,5.29,2,0,10,6,3,0,62.3,0.0
CLG0085,78.0,6.54,6.94,9,1,0,1,2,0,77.2,0.0
CLG0010,88.0,8.4,8.68,1,0,0,6,2,0,95.6,0.0
CLG0062,83.0,7.83,8.12,4,1,6,1,3,0,89.49999999999999,0.0
CLG0086,126.0,7.18,6.84,4,0,0,6,5,0,81.0,0.0
CLG0051,114.0,7.7,7.56,2,0,5,9,3,1,87.0,359400.0
CLG0045,119.0,5.99,5.72,8,0,6,5,3,0,69.1,0.0
CLG0073,110.0,7.15,6.97,2,0,10,4,0,0,80.7,0.0
CLG0073,83.0,7.51,7.59,2,1,9,8,1,0,84.2,0.0
CLG0045,92.0,9.51,9.37,2,1,4,4,2,0,102.89999999999999,0.0
CLG0085,107.0,6.3,6.36,1,0,2,4,0,0,74.3,0.0
CLG0058,81.0,9.34,9.28,5,1,2,9,2,1,100.89999999999999,511700.0
CLG0095,110.0,8.22,8.01,4,0,1,1,3,0,91.1,0.0
CLG0066,96.0,5.1,4.7,2,0,10,3,2,0,56.6,0.0
CLG0024,94.0,8.62,9.01,1,1,0,4,5,0,99.5,0.0
CLG0097,110.0,5.18,4.69,1,0,10,8,5,0,57.900000000000006,0.0
CLG0075,106.0,9.99,9.49,2,1,7,1,5,0,105.5,0.0
CLG0065,94.0,9.36,9.69,1,1,8,3,4,0,106.3,0.0
CLG0055,117.0,6.49,6.99,9,0,1,2,2,0,81.60000000000001,0.0
CLG0051,83.0,6.29,6.52,2,0,3,6,5,0,73.49999999999999,0.0
CLG0072,109.0,6.91,6.43,3,1,2,9,4,0,75.2,0.0
CLG0073,108.0,6.78,6.51,9,1,3,10,0,0,75.89999999999999,0.0
CLG0021,95.0,6.86,7.33,5,0,3,9,0,0,82.8,0.0
CLG0047,104.0,6.59,6.9,8,1,7,10,5,0,79.4,0.0
CLG0022,81.0,8.11,8.18,7,0,10,5,4,0,89.89999999999999,0.0
CLG0029,113.0,5.82,5.56,6,0,2,3,2,0,66.89999999999999,0.0
CLG0040,97.0,9.23,8.74,2,1,2,8,5,1,97.10000000000001,498100.0
CLG0003,92.0,9.06,8.58,4,0,5,9,0,0,95.0,0.0
CLG0049,115.0,7.38,7.49,9,1,10,9,2,1,86.4,457100.0
CLG0025,89.0,9.26,8.78,7,0,2,1,1,0,96.7,0.0
CLG0082,78.0,6.24,6.73,3,1,4,10,5,0,75.10000000000001,0.0
CLG0011,76.0,5.09,4.77,6,1,3,5,1,0,55.3,0.0
CLG0094,109.0,8.1,8.31,8,0,10,10,5,1,94.00000000000001,386900.0
CLG0089,80.0,7.29,6.95,8,0,3,9,4,0,77.5,0.0
CLG0075,126.0,7.84,7.88,8,0,1,3,4,0,91.39999999999999,0.0
CLG0098,68.0,9.5,9.08,8,1,8,7,2,0,97.6,0.0
CLG0088,125.0,9.85,10.12,10,0,4,9,1,1,113.69999999999999,467299.99999999994
CLG0048,103.0,8.17,8.25,6,1,4,2,1,0,92.8,0.0
CLG0032,98.0,8.82,8.41,10,0,6,2,4,0,93.89999999999999,0.0
CLG0003,91.0,5.42,5.77,3,1,2,5,3,0,66.8,0.0
CLG0045,105.0,5.8,5.85,9,0,5,8,2,0,69.0,0.0
CLG0089,99.0,8.67,9.09,3,1,0,10,2,1,100.80000000000001,513100.0
CLG0020,116.0,7.16,7.58,4,1,4,5,0,0,87.39999999999999,0.0
CLG0020,101.0,7.23,7.65,10,0,4,8,4,0,86.6,0.0
CLG0051,102.0,6.54,6.12,1,0,8,4,0,0,71.4,0.0
CLG0081,94.0,8.04,7.66,2,1,4,9,3,0,86.0,0.0
CLG0020,99.0,5.93,6.42,6,0,7,4,0,0,74.10000000000001,0.0
CLG0082,104.0,8.13,8.12,1,1,2,5,3,0,91.6,0.0
CLG0014,74.0,5.87,5.61,9,0,10,7,0,0,63.5,0.0
CLG0098,79.0,5.32,5.59,8,0,5,9,4,0,63.8,0.0
CLG0080,111.0,6.65,6.41,2,0,1,5,3,0,75.19999999999999,0.0
CLG0032,102.0,6.16,6.39,2,0,8,7,2,0,74.1,0.0
CLG0072,97.0,9.44,9.78,8,1,5,4,4,0,107.5,0.0
CLG0042,100.0,5.27,5.55,8,0,4,2,4,0,65.5,0.0
CLG0080,105.0,5.88,5.65,1,0,8,2,5,0,67.0,0.0
CLG0039,91.0,7.74,7.64,5,1,0,5,1,0,85.49999999999999,0.0
CLG0038,88.0,7.41,7.32,2,1,2,2,2,0,82.0,0.0
CLG0064,102.0,5.23,5.22,1,0,1,2,0,0,62.39999999999999,0.0
CLG0004,85.0,5.04,4.71,3,0,8,2,4,0,55.6,0.0
CLG0099,106.0,9.94,9.89,3,1,10,4,0,0,109.5,0.0
CLG0092,74.0,8.29,8.3,10,0,5,8,4,1,90.4,369000.0
CLG0063,115.0,6.83,6.86,9,1,10,7,2,0,80.10000000000001,0.0
CLG0061,107.0,7.35,7.67,10,0,5,5,4,0,87.4,0.0
CLG0078,103.0,6.33,6.35,1,0,4,7,0,0,73.8,0.0
CLG0005,114.0,6.72,6.45,2,0,3,6,0,0,75.9,0.0
CLG0066,124.0,8.25,8.41,9,1,3,8,2,1,96.5,498400.0
CLG0045,115.0,9.41,9.71,5,0,1,8,0,1,108.60000000000001,445900.00000000006
CLG0050,72.0,5.92,5.74,9,0,6,7,3,0,64.60000000000001,0.0
CLG0088,80.0,9.2,9.35,6,1,5,5,4,0,101.5,0.0
CLG0003,90.0,5.61,5.26,10,0,2,6,3,0,61.599999999999994,0.0
CLG0023,100.0,6.07,5.91,10,0,6,10,1,0,69.1,0.0
CLG0011,107.0,5.19,5.6,3,0,8,8,1,0,66.7,0.0
CLG0038,89.0,5.7,6.11,8,0,9,7,5,0,70.0,0.0
CLG0056,102.0,9.59,9.67,9,0,0,5,5,0,106.9,0.0
CLG0035,88.0,7.3,7.5,2,0,10,10,4,0,83.8,0.0
CLG0065,90.0,5.39,5.74,9,1,9,8,0,0,66.4,0.0
CLG0006,78.0,9.8,10.26,4,0,7,4,2,0,110.39999999999999,0.0
CLG0070,86.0,9.39,9.38,8,0,1,6,1,0,102.4,0.0
CLG0040,79.0,8.77,8.83,5,0,0,4,0,0,96.2,0.0
CLG0090,85.0,9.67,9.59,6,0,8,5,5,0,104.4,0.0
CLG0035,115.0,6.1,5.67,4,0,1,10,2,1,68.2,284300.0
CLG0013,85.0,9.18,9.1,5,0,6,3,4,0,99.5,0.0
CLG0025,139.0,8.45,8.74,1,0,6,2,0,0,101.30000000000001,0.0
CLG0086,107.0,9.35,9.65,3,1,0,1,3,0,107.2,0.0
CLG0081,102.0,8.98,9.37,4,0,9,3,4,0,103.89999999999999,0.0
CLG0078,87.0,6.73,6.28,1,0,0,1,1,0,71.5,0.0
CLG0067,110.0,8.87,8.9,3,1,6,6,4,0,100.0,0.0
CLG0068,91.0,6.31,5.92,4,0,5,2,4,0,68.3,0.0
CLG0099,101.0,6.64,6.34,9,1,3,3,2,0,73.5,0.0
CLG0047,138.0,5.54,5.94,3,0,2,8,1,0,73.2,0.0
CLG0055,98.0,9.68,9.68,3,0,4,5,5,0,106.6,0.0
CLG0092,117.0,6.46,6.72,4,0,4,2,2,0,78.9,0.0
CLG0043,89.0,7.6,7.16,9,0,10,2,4,0,80.5,0.0
CLG0002,99.0,6.96,6.88,9,0,2,3,0,0,78.7,0.0
CLG0045,126.0,9.8,9.97,1,0,5,3,3,1,112.3,461800.0
CLG0048,90.0,6.68,6.31,8,0,2,8,3,0,72.1,0.0
CLG0062,127.0,8.89,8.72,10,0,3,5,2,1,99.9,412300.0
CLG0038,110.0,9.28,8.84,1,0,2,8,0,0,99.4,0.0
CLG0047,91.0,7.18,7.33,2,0,5,4,3,0,82.39999999999999,0.0
CLG0004,109.0,6.89,7.36,10,1,8,9,0,0,84.50000000000001,0.0
CLG0060,114.0,8.74,9.07,5,0,2,3,5,1,102.10000000000001,419800.0
CLG0049,109.0,9.56,10.03,6,0,0,2,5,0,111.2,0.0
CLG0076,76.0,8.77,9.12,2,0,6,6,2,0,98.79999999999998,0.0
CLG0034,89.0,6.14,6.5,10,1,4,4,1,0,73.9,0.0
CLG0044,96.0,9.44,9.52,5,1,3,2,0,0,104.79999999999998,0.0
CLG0094,98.0,6.94,6.96,3,1,2,6,0,0,79.39999999999999,0.0
CLG0085,109.0,7.88,7.79,7,0,6,4,1,0,88.80000000000001,0.0
CLG0056,102.0,9.16,9.48,1,0,1,10,4,1,105.00000000000001,430200.0
CLG0092,79.0,5.94,5.62,5,0,10,4,4,0,64.10000000000001,0.0
CLG0042,105.0,8.92,8.48,3,0,3,10,4,1,95.30000000000001,391700.0
CLG0050,109.0,7.98,8.43,2,1,1,4,2,0,95.2,0.0
CLG0069,108.0,9.47,8.97,3,0,9,4,4,0,100.5,0.0
CLG0033,116.0,5.86,6.34,10,0,7,8,2,1,75.0,311600.0
CLG0098,112.0,7.1,7.33,4,1,2,1,1,0,84.5,0.0
CLG0096,106.0,9.16,8.99,2,0,4,9,0,0,100.5,0.0
CLG0091,98.0,5.1,5.3,2,1,10,3,3,0,62.8,0.0
CLG0067,75.0,5.56,5.88,3,0,3,5,3,0,66.3,0.0
CLG0042,106.0,9.95,9.7,2,0,4,5,2,0,107.6,0.0
CLG0044,103.0,6.4,6.67,6,0,3,4,2,0,77.0,0.0
CLG0068,104.0,9.88,10.18,2,0,7,4,5,0,112.2,0.0
CLG0100,80.0,5.91,5.66,1,0,5,7,0,0,64.6,0.0
CLG0057,83.0,6.81,6.35,8,0,0,4,1,0,71.8,0.0
CLG0036,115.0,8.76,8.46,10,0,4,10,0,1,96.10000000000001,395900.00000000006
CLG0041,99.0,8.29,7.99,4,0,0,3,5,0,89.80000000000001,0.0
CLG0056,110.0,7.91,7.48,2,0,2,9,2,0,85.80000000000001,0.0
CLG0003,100.0,7.65,7.88,4,1,10,4,0,0,88.8,0.0
CLG0056,100.0,9.22,9.1,2,0,5,4,2,0,101.0,0.0
CLG0056,114.0,6.17,6.55,5,0,8,10,3,1,76.9,319000.0
CLG0065,92.0,7.21,6.96,7,0,2,8,0,0,78.8,0.0
CLG0039,101.0,5.78,5.73,6,0,3,7,1,0,67.4,0.0
CLG0040,93.0,7.98,8.12,2,0,9,4,3,0,90.49999999999999,0.0
CLG0039,93.0,6.25,6.63,4,0,0,8,1,0,75.6,0.0
CLG0027,95.0,6.67,6.69,8,0,9,10,1,0,76.4,0.0
CLG0067,103.0,7.36,7.23,7,1,1,2,2,0,82.60000000000001,0.0
CLG0100,92.0,5.13,5.5,7,0,6,9,1,0,64.2,0.0
CLG0094,118.0,5.46,5.27,4,0,7,2,5,0,64.5,0.0
CLG0065,86.0,8.43,8.01,1,1,0,10,4,1,88.69999999999999,463400.0
CLG0074,97.0,7.14,7.09,7,0,8,3,1,0,80.60000000000001,0.0
CLG0003,93.0,9.32,9.61,6,0,5,6,0,0,105.39999999999999,0.0
CLG0003,121.0,8.47,8.0,8,1,0,7,5,0,92.1,0.0
CLG0037,102.0,5.04,5.13,5,0,3,9,2,0,61.5,0.0
CLG0098,115.0,8.08,8.17,8,1,3,8,2,1,93.2,484300.0
CLG0020,77.0,5.47,5.9,10,1,6,6,5,0,66.7,0.0
CLG0011,104.0,8.9,8.69,8,0,0,8,4,1,97.3,399600.0
CLG0083,113.0,9.96,9.74,9,1,9,5,2,1,108.7,546100.0
CLG0091,101.0,7.66,7.6,1,0,8,10,2,0,86.1,0.0
CLG0024,115.0,8.41,8.27,3,0,0,10,3,1,94.19999999999999,388300.0
CLG0070,92.0,6.19,6.43,6,0,9,9,3,0,73.5,0.0
CLG0065,121.0,7.19,7.33,4,0,2,4,3,0,85.39999999999999,0.0
CLG0083,134.0,9.28,9.54,8,1,0,1,4,1,108.8,548600.0
CLG0074,94.0,5.84,6.16,10,0,0,8,5,0,71.0,0.0
CLG0032,93.0,6.33,6.75,1,0,3,5,2,0,76.8,0.0
CLG0062,121.0,7.23,7.16,5,1,1,9,2,1,83.69999999999999,446900.0
CLG0055,123.0,8.56,9.04,4,1,8,3,2,1,102.69999999999999,523099.99999999994
CLG0036,92.0,6.88,6.6,1,0,0,9,1,0,75.2,0.0
CLG0066,93.0,9.64,9.85,10,0,2,8,2,1,107.8,440500.0
CLG0037,95.0,5.47,5.5,6,0,1,6,2,0,64.5,0.0
CLG0014,79.0,6.85,7.17,10,1,0,10,5,0,79.60000000000001,0.0
CLG0046,86.0,8.54,8.52,3,0,10,10,0,0,93.79999999999998,0.0
CLG0077,84.0,6.13,6.41,5,1,8,8,0,0,72.5,0.0
CLG0056,88.0,8.28,8.71,6,0,4,8,2,1,95.9,392400.00000000006
CLG0050,99.0,5.82,6.05,4,0,10,7,1,0,70.4,0.0
CLG0061,103.0,5.28,5.56,10,1,5,7,1,0,65.89999999999999,0.0
CLG0017,123.0,5.61,5.18,10,1,7,3,4,0,64.1,0.0
CLG0027,85.0,9.65,9.35,6,0,6,7,4,0,102.0,0.0
CLG0054,114.0,7.76,8.23,7,1,6,3,5,1,93.70000000000002,486200.0
CLG0029,96.0,8.98,9.17,2,0,8,9,2,1,101.3,414800.0
CLG0013,99.0,6.66,6.72,7,1,2,5,3,0,77.10000000000001,0.0
CLG0049,110.0,7.96,7.83,7,0,9,8,1,0,89.3,0.0
CLG0025,83.0,7.47,7.01,2,1,7,3,3,0,78.39999999999999,0.0
CLG0088,105.0,9.73,9.6,3,0,5,3,4,0,106.5,0.0
CLG0100,102.0,8.74,8.74,3,0,7,3,1,0,97.60000000000001,0.0
CLG0023,107.0,8.65,8.36,1,1,3,8,3,1,94.3,487900.0
CLG0026,104.0,5.23,4.9,1,1,0,9,2,0,59.4,0.0
CLG0048,136.0,7.75,7.76,10,0,10,7,3,0,91.19999999999999,0.0
CLG0036,90.0,7.33,7.42,6,0,2,1,4,0,83.2,0.0
CLG0006,92.0,9.64,9.38,9,1,9,6,1,0,103.00000000000001,0.0
CLG0080,90.0,6.29,6.38,9,1,2,3,1,0,72.8,0.0
CLG0074,91.0,6.35,6.75,1,1,0,1,1,0,76.6,0.0
CLG0039,90.0,7.06,7.03,7,0,4,10,2,0,79.3,0.0
CLG0057,117.0,6.22,6.58,6,0,5,2,1,0,77.5,0.0
CLG0091,121.0,5.65,6.08,4,0,8,3,3,0,72.89999999999999,0.0
CLG0066,91.0,9.29,8.88,3,0,7,7,0,0,97.9,0.0
CLG0010,87.0,7.79,7.39,9,1,3,6,5,0,82.6,0.0
CLG0072,107.0,9.31,9.29,10,1,5,2,5,0,103.6,0.0
CLG0009,91.0,9.16,9.25,5,0,2,5,0,0,101.6,0.0
CLG0077,109.0,6.41,6.34,8,0,0,1,5,0,74.3,0.0
CLG0072,103.0,7.74,7.57,4,0,8,3,2,0,86.0,0.0
CLG0027,77.0,5.42,5.56,4,0,7,1,3,0,63.3,0.0
CLG0046,123.0,9.58,9.08,6,1,5,3,5,1,103.1,524700.0
CLG0063,126.0,7.02,7.49,6,0,2,2,2,0,87.5,0.0
CLG0042,90.0,6.97,6.7,3,1,10,4,0,0,76.0,0.0
CLG0085,94.0,6.51,6.93,2,0,4,5,5,0,78.7,0.0
CLG0041,104.0,7.3,6.91,9,0,8,3,1,0,79.5,0.0
CLG0034,105.0,6.26,6.0,2,0,6,10,0,0,70.5,0.0
CLG0093,109.0,6.87,6.6,9,1,1,5,0,0,76.9,0.0
CLG0030,130.0,9.0,9.5,8,0,5,7,0,0,108.0,0.0
CLG0044,97.0,9.17,8.67,10,1,8,10,2,1,96.4,495300.0
CLG0080,88.0,6.52,6.66,7,1,10,9,4,0,75.39999999999999,0.0
CLG0001,79.0,7.35,7.72,5,0,10,8,2,0,85.10000000000001,0.0
CLG0045,89.0,9.37,9.54,3,0,9,6,4,0,104.3,0.0
CLG0047,99.0,5.26,5.12,2,0,0,9,2,0,61.1,0.0
CLG0093,126.0,9.45,9.91,8,1,4,8,5,1,111.69999999999999,559400.0
CLG0030,92.0,6.1,6.49,2,0,8,4,5,0,74.10000000000001,0.0
CLG0022,103.0,8.39,8.32,8,1,2,2,5,0,93.5,0.0
CLG0015,99.0,7.91,7.98,5,1,2,9,0,0,89.70000000000002,0.0
CLG0084,117.0,7.76,8.23,9,0,9,6,1,0,94.00000000000001,0.0
CLG0038,137.0,9.3,9.78,4,1,8,10,3,1,111.5,559700.0
CLG0023,92.0,5.51,5.46,8,1,2,8,4,0,63.8,0.0
CLG0031,92.0,6.74,7.09,7,1,10,8,2,0,80.10000000000001,0.0
CLG0057,115.0,7.69,7.49,8,1,8,4,5,0,86.4,0.0
CLG0081,110.0,9.06,8.93,5,0,9,10,1,0,100.3,0.0
CLG0035,127.0,6.08,5.74,2,0,2,5,3,0,70.10000000000001,0.0
CLG0066,108.0,9.01,8.72,7,0,7,1,1,0,98.0,0.0
CLG0053,94.0,7.0,7.16,3,1,9,9,5,0,81.0,0.0
CLG0031,108.0,5.94,5.95,10,0,8,7,4,0,70.3,0.0
CLG0026,116.0,8.79,8.52,10,0,2,1,4,1,96.79999999999998,398800.0
CLG0031,112.0,5.45,5.35,10,0,0,10,3,1,64.7,270000.0
CLG0072,107.0,7.57,7.44,10,0,8,10,3,0,85.10000000000001,0.0
CLG0080,116.0,5.32,5.81,2,0,6,3,5,0,69.69999999999999,0.0
CLG0012,117.0,6.78,7.13,3,1,5,9,5,1,83.0,443700.0
CLG0053,120.0,8.01,7.9,4,0,3,1,4,0,91.0,0.0
CLG0056,109.0,7.78,8.19,10,1,4,6,4,0,92.8,0.0
CLG0083,97.0,7.02,6.86,7,1,6,5,0,0,78.30000000000001,0.0
CLG0062,102.0,7.15,7.32,10,1,8,4,3,0,83.4,0.0
CLG0044,118.0,6.13,6.6,1,0,5,1,3,0,77.8,0.0
CLG0058,87.0,7.28,7.17,6,1,3,7,4,0,80.4,0.0
CLG0077,105.0,9.77,9.95,6,0,3,1,2,0,110.0,0.0
CLG0065,94.0,9.25,9.05,8,1,9,1,0,0,99.9,0.0
CLG0013,100.0,5.73,5.5,2,0,2,2,2,0,65.0,0.0
CLG0061,119.0,5.15,5.22,2,1,1,9,4,1,64.1,368300.0
CLG0068,102.0,9.67,10.15,1,0,3,1,0,0,111.7,0.0
CLG0051,100.0,7.63,7.58,3,0,5,8,0,0,85.8,0.0
CLG0062,79.0,7.69,8.13,7,1,0,1,4,0,89.20000000000002,0.0
CLG0048,111.0,8.9,9.31,8,0,1,1,5,1,104.2,427900.0
CLG0095,109.0,6.57,6.32,7,1,7,9,1,0,74.10000000000001,0.0
CLG0063,132.0,7.41,7.31,9,0,2,8,1,0,86.3,0.0
CLG0072,95.0,9.84,9.98,8,0,0,1,3,0,109.30000000000001,0.0
CLG0091,103.0,8.36,8.38,8,1,1,7,4,0,94.10000000000001,0.0
CLG0072,103.0,5.77,5.37,2,0,2,8,5,0,64.0,0.0
CLG0051,123.0,5.67,6.16,1,1,1,2,4,0,73.9,0.0
CLG0024,98.0,6.02,6.27,6,0,3,4,5,0,72.5,0.0
CLG0086,104.0,8.83,8.77,7,0,3,2,2,0,98.1,0.0
CLG0040,109.0,6.48,6.6,6,0,10,6,4,0,76.9,0.0
CLG0029,102.0,5.11,4.7,7,0,9,5,1,0,57.2,0.0
CLG0073,93.0,9.72,9.72,8,0,1,5,5,0,106.5,0.0
CLG0017,102.0,5.85,6.28,2,0,0,8,4,0,73.0,0.0
CLG0001,116.0,5.05,5.45,1,0,2,1,2,0,66.1,0.0
CLG0096,84.0,6.19,6.03,10,0,3,10,3,0,68.7,0.0
CLG0084,101.0,6.18,6.21,8,0,10,2,5,0,72.2,0.0
CLG0001,89.0,7.11,7.31,8,0,5,1,0,0,82.0,0.0
CLG0025,117.0,9.6,9.44,8,0,4,4,5,1,106.1,436100.0
CLG0041,77.0,9.4,8.96,10,1,1,2,3,0,97.30000000000001,0.0
CLG0091,91.0,7.28,7.29,7,1,3,10,2,0,82.0,0.0
CLG0023,105.0,7.05,7.15,2,0,5,7,4,0,82.0,0.0
CLG0018,123.0,7.78,7.29,4,0,3,5,1,0,85.2,0.0
CLG0095,99.0,6.22,5.82,9,1,10,5,5,0,68.10000000000001,0.0
CLG0028,91.0,5.26,4.97,8,0,10,1,4,0,58.8,0.0
CLG0085,128.0,9.7,9.55,4,0,6,2,5,1,108.3,446000.0
CLG0012,78.0,5.93,5.97,8,0,5,5,0,0,67.5,0.0
CLG0088,67.0,5.99,5.78,10,0,5,7,1,0,64.5,0.0
CLG0049,106.0,7.36,7.14,6,1,9,1,3,0,81.99999999999999,0.0
CLG0097,92.0,7.46,7.83,9,1,1,7,5,0,87.5,0.0
CLG0081,84.0,5.09,4.74,1,0,10,2,2,0,55.800000000000004,0.0
CLG0097,110.0,5.74,5.74,6,0,6,2,3,0,68.4,0.0
CLG0016,103.0,6.89,7.34,4,0,8,9,0,0,83.7,0.0
CLG0027,91.0,8.42,8.55,3,0,5,8,5,1,94.6,387500.0
CLG0053,80.0,6.14,6.36,5,1,7,10,0,0,71.6,0.0
CLG0092,113.0,7.12,7.05,10,0,5,4,4,0,81.8,0.0
CLG0036,109.0,7.79,7.31,8,1,5,5,4,0,84.0,0.0
CLG0007,98.0,9.44,9.59,10,0,3,9,5,1,105.7,432600.0
CLG0034,127.0,6.63,6.76,6,1,5,4,4,0,80.3,0.0
CLG0065,83.0,5.67,5.28,1,1,9,10,0,0,61.10000000000001,0.0
CLG0004,77.0,7.45,7.41,6,0,3,8,1,0,81.8,0.0
CLG0026,89.0,8.73,9.15,7,0,9,5,5,0,100.4,0.0
CLG0020,99.0,5.55,5.26,6,0,5,1,3,0,62.49999999999999,0.0
CLG0051,103.0,7.12,7.08,3,0,0,7,3,0,81.1,0.0
CLG0077,96.0,5.09,5.05,9,1,6,10,2,0,60.1,0.0
CLG0099,105.0,5.17,5.48,10,0,1,3,2,0,65.30000000000001,0.0
CLG0010,81.0,7.41,7.73,10,0,5,7,1,0,85.4,0.0
CLG0008,121.0,6.49,6.75,4,0,8,8,4,1,79.6,330500.0
CLG0018,98.0,9.23,9.1,5,0,9,4,4,0,100.8,0.0
CLG0017,116.0,8.01,7.58,5,1,2,6,1,0,87.39999999999999,0.0
CLG0069,105.0,7.27,7.12,3,1,3,10,3,0,81.7,0.0
CLG0030,106.0,7.04,7.22,2,0,4,7,4,0,82.8,0.0
CLG0095,108.0,7.49,7.69,8,1,7,8,3,0,87.7,0.0
CLG0039,106.0,5.2,5.67,7,0,9,3,0,0,67.3,0.0
CLG0061,109.0,9.46,9.41,5,1,5,7,5,0,105.0,0.0
CLG0024,119.0,9.99,10.12,1,0,7,5,2,1,113.1,464299.99999999994
CLG0081,102.0,5.91,5.95,10,1,2,7,4,0,69.7,0.0
CLG0098,110.0,5.6,5.25,1,0,2,6,2,0,63.5,0.0
CLG0035,98.0,5.72,5.68,8,0,8,5,1,0,66.6,0.0
CLG0079,121.0,8.31,8.35,4,1,5,3,5,1,95.6,494500.0
CLG0061,89.0,8.31,8.76,4,0,7,10,0,0,96.5,0.0
CLG0075,127.0,9.24,9.11,9,1,3,2,4,1,103.8,527900.0
CLG0098,99.0,8.76,9.24,2,0,4,3,4,0,102.30000000000001,0.0
CLG0072,78.0,7.25,7.29,5,0,8,2,3,0,80.7,0.0
CLG0015,101.0,8.06,7.8,6,0,6,3,2,0,88.1,0.0
CLG0036,89.0,8.44,8.13,6,1,4,2,0,0,90.20000000000002,0.0
CLG0055,112.0,7.56,7.2,10,1,6,1,5,0,83.2,0.0
CLG0037,90.0,7.38,7.33,3,0,10,9,3,0,82.3,0.0
CLG0087,93.0,8.23,7.75,10,0,8,10,5,0,86.8,0.0
CLG0062,71.0,7.79,7.74,6,1,2,5,0,0,84.5,0.0
CLG0064,93.0,8.22,8.71,10,0,2,9,0,0,96.4,0.0
CLG0039,63.0,8.06,8.23,10,0,3,8,1,0,88.60000000000001,0.0
CLG0090,76.0,8.6,8.86,5,1,10,7,1,0,96.19999999999999,0.0
CLG0098,111.0,8.21,7.83,8,0,9,6,3,0,89.39999999999999,0.0
CLG0075,111.0,7.6,7.57,4,0,6,4,3,0,86.8,0.0
CLG0012,106.0,8.41,8.2,10,0,4,10,5,1,92.6,381000.0
CLG0072,85.0,7.25,7.64,10,1,4,10,3,0,84.89999999999999,0.0
CLG0008,99.0,6.21,5.89,3,0,3,7,0,0,68.8,0.0
CLG0041,99.0,5.01,4.97,6,1,7,7,4,0,59.599999999999994,0.0
CLG0069,82.0,7.8,7.89,10,1,2,1,1,0,87.1,0.0
CLG0074,122.0,7.95,7.96,9,0,1,9,5,1,91.8,379400.0
CLG0003,113.0,9.86,10.19,8,1,3,4,5,1,113.19999999999999,564100.0
CLG0043,96.0,6.81,6.54,10,1,7,7,5,0,75.0,0.0
CLG0037,100.0,6.97,6.85,8,0,3,9,4,0,78.5,0.0
CLG0086,103.0,6.01,6.3,3,0,7,2,2,0,73.3,0.0
CLG0057,69.0,5.35,5.38,1,0,4,8,1,0,60.699999999999996,0.0
CLG0025,96.0,8.86,8.76,3,0,8,4,5,0,97.19999999999999,0.0
CLG0004,89.0,6.25,5.78,3,0,1,4,2,0,66.7,0.0
CLG0058,84.0,8.04,8.29,6,0,7,3,2,0,91.3,0.0
CLG0037,95.0,8.44,8.91,3,1,6,10,3,1,98.6,503900.0
CLG0008,126.0,7.36,7.48,2,0,1,4,5,0,87.4,0.0
CLG0094,109.0,9.38,9.74,9,1,4,9,0,0,108.30000000000001,0.0
CLG0009,91.0,7.22,7.24,6,0,5,1,4,0,81.5,0.0
CLG0079,108.0,6.42,6.15,5,0,8,9,5,0,72.3,0.0
CLG0001,120.0,9.48,8.99,3,1,10,10,2,1,101.9,519600.0
CLG0013,113.0,9.31,9.46,7,0,7,9,5,1,105.9,434900.00000000006
CLG0068,100.0,5.82,5.81,7,0,6,1,3,0,68.1,0.0
CLG0016,90.0,5.13,5.41,4,0,10,9,0,0,63.1,0.0
CLG0044,110.0,5.45,5.64,10,0,0,6,1,0,67.4,0.0
CLG0065,105.0,6.43,6.92,2,0,9,8,2,0,79.7,0.0
CLG0014,113.0,9.86,9.87,2,0,2,8,5,1,109.99999999999999,451299.99999999994
CLG0091,109.0,7.79,7.72,8,0,0,8,3,0,88.10000000000001,0.0
CLG0026,115.0,6.87,6.66,4,0,9,8,5,1,78.1,323900.0
CLG0032,91.0,9.44,9.42,7,0,5,1,5,0,103.3,0.0
CLG0002,119.0,7.27,7.64,3,1,2,1,5,0,88.3,0.0
CLG0016,102.0,6.58,6.12,9,0,1,7,5,0,71.4,0.0
CLG0092,131.0,9.71,10.19,10,1,9,9,3,1,114.99999999999999,573100.0
CLG0049,89.0,9.25,9.74,9,1,1,10,3,1,106.30000000000001,534100.0
CLG0090,126.0,9.22,9.32,7,0,7,8,1,1,105.8,435800.0
CLG0075,102.0,7.56,7.39,7,0,0,5,0,0,84.1,0.0
CLG0023,90.0,8.95,8.67,1,0,8,8,4,1,95.7,391800.0
CLG0094,92.0,5.9,5.68,10,1,6,9,4,0,66.0,0.0
CLG0060,95.0,7.87,7.42,8,0,0,7,2,0,83.7,0.0
CLG0095,106.0,9.92,9.9,2,0,4,10,0,0,109.6,0.0
CLG0066,107.0,6.45,6.01,8,0,4,3,2,0,70.8,0.0
CLG0020,91.0,8.97,9.19,2,0,1,9,4,1,100.99999999999999,413100.0
CLG0093,99.0,7.45,7.32,1,0,0,5,1,0,83.10000000000001,0.0
CLG0074,132.0,5.2,4.9,8,0,6,8,5,1,62.2,262000.0
CLG0018,125.0,8.82,8.86,4,0,8,1,0,0,101.1,0.0
CLG0059,106.0,5.84,6.31,10,1,7,1,0,0,73.69999999999999,0.0
CLG0031,100.0,8.16,8.36,6,1,6,3,2,0,93.6,0.0
CLG0004,101.0,5.43,5.42,10,0,3,2,2,0,64.3,0.0
CLG0027,109.0,9.73,10.01,10,1,9,5,1,0,111.0,0.0
CLG0018,84.0,6.46,6.7,1,1,6,9,0,0,75.4,0.0
CLG0063,96.0,6.13,6.52,9,1,7,9,4,0,74.79999999999998,0.0
CLG0095,74.0,5.65,5.35,7,1,8,8,4,0,60.9,0.0
CLG0071,105.0,9.73,10.09,5,1,8,5,3,0,111.4,0.0
CLG0019,109.0,8.56,8.36,6,1,4,3,4,0,94.5,0.0
CLG0039,92.0,8.71,9.15,3,1,4,6,5,0,100.7,0.0
CLG0066,123.0,7.5,7.28,9,0,5,8,5,1,85.1,352700.0
CLG0078,81.0,7.37,7.8,2,1,7,6,3,0,86.1,0.0
CLG0100,78.0,5.55,6.01,10,0,2,7,3,0,67.89999999999999,0.0
CLG0046,103.0,7.8,7.45,1,0,2,7,2,0,84.8,0.0
CLG0092,115.0,6.23,6.7,1,0,10,7,4,0,78.5,0.0
CLG0038,125.0,9.89,9.48,10,1,4,9,3,1,107.30000000000001,541700.0
CLG0067,93.0,8.98,8.7,2,1,10,9,4,1,96.3,494500.0
CLG0029,116.0,7.06,7.0,6,1,0,1,4,0,81.6,0.0
CLG0091,99.0,5.76,6.25,6,0,4,3,4,0,72.4,0.0
CLG0057,97.0,8.93,8.92,9,0,8,5,1,0,98.9,0.0
CLG0048,113.0,5.61,5.66,10,1,4,4,3,0,67.9,0.0
CLG0052,109.0,5.95,6.14,4,0,6,1,5,0,72.3,0.0
CLG0048,76.0,6.06,6.53,8,1,9,1,4,0,72.89999999999999,0.0
CLG0061,122.0,7.78,8.06,4,1,8,4,2,1,92.80000000000001,483400.0
CLG0067,120.0,8.94,8.66,3,0,7,5,1,0,98.6,0.0
CLG0048,90.0,6.57,6.37,4,0,4,4,3,0,72.7,0.0
CLG0094,105.0,5.42,5.02,1,0,1,2,0,0,60.699999999999996,0.0
CLG0082,107.0,7.32,7.46,9,1,4,5,3,0,85.3,0.0
CLG0008,103.0,8.74,8.42,5,0,9,10,1,0,94.5,0.0
CLG0074,91.0,6.11,5.87,7,0,7,3,2,0,67.8,0.0
CLG0086,89.0,6.1,6.49,3,1,10,7,1,0,73.80000000000001,0.0
CLG0088,99.0,9.74,9.57,5,0,0,4,4,0,105.60000000000001,0.0
CLG0067,117.0,9.77,9.84,10,0,9,2,5,1,110.10000000000001,452100.0
CLG0014,108.0,9.95,9.85,4,1,3,8,5,1,109.3,548000.0
CLG0047,94.0,9.04,8.61,7,0,0,10,1,0,95.5,0.0
CLG0024,111.0,5.94,5.8,5,0,4,2,0,0,69.1,0.0
CLG0091,57.5,6.06,5.97,2,0,1,7,0,0,65.44999999999999,0.0
CLG0062,117.0,6.7,7.1,3,1,1,8,4,1,82.7,442500.0
CLG0058,73.0,6.59,6.41,8,0,6,10,4,0,71.39999999999999,0.0
CLG0034,94.0,9.78,9.66,3,0,3,3,0,0,106.0,0.0
CLG0031,83.0,8.95,9.23,7,1,1,6,5,0,100.60000000000001,0.0
CLG0048,80.0,8.62,8.88,5,0,10,4,2,0,96.80000000000001,0.0
CLG0091,117.0,5.93,6.23,7,0,2,2,5,0,74.0,0.0
CLG0045,92.0,9.55,10.0,10,0,2,8,5,1,109.2,446000.0
CLG0029,105.0,9.14,9.44,9,0,1,2,1,0,104.89999999999999,0.0
CLG0029,99.0,5.82,5.73,7,1,6,9,0,0,67.2,0.0
CLG0063,107.0,9.36,9.68,6,1,0,9,4,1,107.5,540700.0
CLG0048,101.0,6.36,6.37,1,0,8,8,4,0,73.8,0.0
CLG0012,80.0,5.4,5.18,4,0,4,10,2,0,59.8,0.0
CLG0078,114.0,8.28,8.08,8,1,3,3,3,1,92.2,480200.0
CLG0027,92.0,8.27,7.99,1,0,2,8,4,0,89.10000000000001,0.0
CLG0047,76.0,5.47,5.11,6,0,2,5,2,0,58.7,0.0
CLG0066,93.0,6.59,6.27,2,1,2,10,0,0,72.0,0.0
CLG0037,122.0,9.96,9.52,9,1,0,5,3,1,107.39999999999999,541800.0
CLG0045,112.0,8.39,8.78,8,0,1,2,0,0,99.0,0.0
CLG0057,94.0,8.65,9.08,9,0,10,3,2,0,100.2,0.0
CLG0018,94.0,6.06,6.15,9,0,6,8,0,0,70.9,0.0
CLG0013,95.0,5.39,5.73,2,1,2,1,1,0,66.80000000000001,0.0
CLG0073,131.0,6.38,6.06,2,0,5,4,2,0,73.69999999999999,0.0
CLG0029,105.0,6.24,6.64,9,1,3,6,3,0,76.89999999999999,0.0
CLG0056,106.0,6.17,6.18,2,0,9,9,4,0,72.39999999999999,0.0
CLG0074,115.0,5.96,5.53,4,0,4,8,0,0,66.80000000000001,0.0
CLG0020,103.0,7.87,7.51,2,1,7,10,2,0,85.39999999999999,0.0
CLG0029,96.0,6.64,6.45,1,0,1,5,0,0,74.1,0.0
CLG0006,97.0,9.1,8.64,10,1,9,7,5,0,96.10000000000001,0.0
CLG0026,98.0,5.92,5.73,7,0,4,8,2,0,67.10000000000001,0.0
CLG0061,99.0,7.32,6.88,5,0,1,9,5,0,78.7,0.0
CLG0086,110.0,5.07,4.81,3,0,8,3,2,0,59.099999999999994,0.0
CLG0043,100.0,7.41,7.18,8,0,1,8,5,0,81.8,0.0
CLG0047,110.0,5.28,5.77,5,1,0,3,3,0,68.69999999999999,0.0
CLG0026,98.0,9.89,9.63,1,0,3,1,0,0,106.10000000000001,0.0
CLG0081,101.0,8.95,8.69,9,0,6,4,0,0,96.99999999999999,0.0
CLG0001,70.0,7.45,7.64,5,1,1,7,2,0,83.39999999999999,0.0
CLG0095,113.0,5.43,5.79,3,0,10,9,1,0,69.2,0.0
CLG0073,105.0,7.96,7.85,6,0,9,10,4,0,89.0,0.0
CLG0026,114.0,8.79,9.17,8,0,8,7,4,1,103.10000000000001,423800.0
CLG0064,57.5,5.95,5.79,2,0,0,10,1,0,63.65,0.0
CLG0062,131.0,7.84,7.54,3,0,0,5,3,0,88.5,0.0
CLG0006,97.0,9.07,8.9,7,0,7,1,5,0,98.7,0.0
CLG0062,116.0,8.84,8.95,2,0,4,1,1,0,101.1,0.0
CLG0066,84.0,9.01,8.88,5,0,8,9,5,1,97.20000000000002,397200.00000000006
CLG0042,109.0,9.4,9.57,9,1,7,4,1,0,106.60000000000001,0.0
CLG0027,84.0,9.69,9.43,7,1,5,3,3,0,102.7,0.0
CLG0065,90.0,7.03,7.23,3,0,3,5,2,0,81.30000000000001,0.0
CLG0030,128.0,7.84,7.69,2,0,5,7,5,0,89.7,0.0
CLG0082,97.0,8.95,8.91,10,0,1,7,0,0,98.8,0.0
CLG0098,103.0,8.49,8.55,9,0,4,5,5,0,95.8,0.0
CLG0085,113.0,9.98,10.17,9,1,9,8,5,1,113.0,563300.0
CLG0065,107.0,5.07,4.81,9,0,2,5,4,0,58.8,0.0
CLG0047,102.0,6.78,7.12,10,0,2,10,5,0,81.4,0.0
CLG0032,105.0,6.41,6.63,3,1,0,4,4,0,76.8,0.0
CLG0034,136.0,6.31,6.04,1,1,10,6,4,0,74.0,0.0
CLG0047,99.0,6.11,6.58,9,1,7,3,1,0,75.7,0.0
CLG0014,103.0,8.55,8.71,7,0,9,4,2,0,97.4,0.0
CLG0005,115.0,5.42,5.37,2,0,2,8,2,1,65.2,272300.0
CLG0036,116.0,8.71,8.37,6,0,0,10,5,1,95.29999999999998,392799.99999999994
CLG0096,117.0,8.47,8.5,9,0,3,10,1,1,96.7,398500.0
CLG0009,109.0,6.25,5.91,8,1,0,3,3,0,70.0,0.0
CLG0035,82.0,6.26,6.19,6,0,0,10,3,0,70.10000000000001,0.0
CLG0025,124.0,8.14,8.05,6,1,0,3,2,1,92.9,484000.0
CLG0075,82.0,8.81,9.03,8,0,1,6,1,0,98.5,0.0
CLG0046,104.0,9.38,9.07,9,1,0,8,5,1,101.10000000000001,514800.0
CLG0013,88.0,9.26,9.58,8,0,5,10,4,1,104.6,427200.0
CLG0061,99.0,9.82,9.65,1,1,6,2,0,0,106.4,0.0
CLG0030,104.0,7.91,7.85,2,1,0,1,2,0,88.9,0.0
CLG0098,104.0,9.54,9.81,6,0,9,10,4,1,108.50000000000001,444400.0
CLG0032,106.0,9.04,9.17,8,1,0,1,2,0,102.3,0.0
CLG0030,124.0,9.47,9.28,4,0,10,7,0,0,105.2,0.0
CLG0082,106.0,5.06,4.95,4,1,9,2,5,0,60.1,0.0
CLG0056,96.0,9.83,9.64,2,0,8,9,3,1,106.0,433600.0
CLG0067,114.0,7.37,7.46,10,0,8,10,2,1,86.0,355400.0
CLG0071,117.0,8.99,8.82,1,0,0,4,5,1,99.9,411300.0
CLG0055,81.0,5.64,5.87,10,0,10,7,1,0,66.8,0.0
CLG0098,108.0,6.98,7.06,9,0,7,5,3,0,81.39999999999999,0.0
CLG0008,110.0,6.36,6.01,7,0,2,5,3,0,71.1,0.0
CLG0043,95.0,6.46,6.27,9,1,6,7,4,0,72.19999999999999,0.0
CLG0048,120.0,5.62,5.34,2,1,0,9,1,0,65.4,0.0
CLG0058,97.0,9.03,8.92,10,0,6,4,5,0,98.9,0.0
CLG0032,101.0,5.05,5.07,5,1,10,9,2,0,60.800000000000004,0.0
CLG0078,97.0,6.56,6.57,2,1,0,9,2,0,75.4,0.0
CLG0069,100.0,5.87,6.12,10,0,2,8,1,0,71.2,0.0
CLG0007,83.0,7.95,7.64,7,0,6,1,3,0,84.69999999999999,0.0
CLG0074,78.0,6.27,6.72,9,1,0,10,2,0,75.0,0.0
CLG0020,123.0,6.29,6.13,3,0,8,9,2,1,73.6,306700.0
CLG0062,87.0,7.44,7.24,1,1,4,3,2,0,81.10000000000001,0.0
CLG0021,85.0,8.26,8.45,4,0,1,8,0,0,93.0,0.0
CLG0092,67.0,5.61,5.92,4,0,3,5,1,0,65.9,0.0
CLG0029,90.0,5.88,5.76,6,1,7,6,0,0,66.6,0.0
CLG0070,80.0,6.24,6.49,5,0,3,3,0,0,72.9,0.0
CLG0038,124.0,9.87,10.25,5,0,9,7,4,1,114.9,472000.0
CLG0042,115.0,6.99,7.26,9,0,4,2,2,0,84.1,0.0
CLG0003,89.0,7.99,7.52,1,0,1,3,0,0,84.1,0.0
CLG0037,133.0,6.21,6.54,8,1,4,2,1,0,78.7,0.0
CLG0017,114.0,7.45,7.72,8,0,6,9,4,1,88.60000000000001,365800.0
CLG0033,95.0,5.37,5.54,8,0,8,3,4,0,64.9,0.0
CLG0010,62.0,5.17,5.43,3,1,7,8,5,0,60.5,0.0
CLG0037,134.0,7.34,7.82,10,0,9,6,3,0,91.60000000000001,0.0
CLG0033,79.0,6.99,6.92,8,0,10,1,3,0,77.10000000000001,0.0
CLG0028,75.0,5.68,5.25,2,1,5,6,4,0,60.0,0.0
CLG0087,115.0,8.44,8.4,8,1,8,8,1,1,95.5,493500.0
CLG0042,136.0,9.96,9.51,8,0,6,10,0,1,108.69999999999999,448400.0
CLG0058,120.0,6.98,6.77,3,0,2,3,3,0,79.69999999999999,0.0
CLG0048,108.0,8.12,8.21,4,1,10,7,0,0,92.9,0.0
CLG0051,108.0,9.81,9.62,9,0,0,6,1,0,106.99999999999999,0.0
CLG0010,112.0,9.16,9.35,9,0,4,1,0,0,104.7,0.0
CLG0008,111.0,7.32,7.64,10,1,8,2,4,0,87.49999999999999,0.0
CLG0016,104.0,8.69,8.61,9,0,7,5,3,0,96.5,0.0
CLG0096,101.0,5.64,6.04,10,1,5,7,1,0,70.5,0.0
CLG0062,99.0,7.56,7.14,6,0,7,4,4,0,81.3,0.0
CLG0049,88.0,6.4,6.74,1,0,7,6,1,0,76.2,0.0
CLG0089,95.0,5.81,6.14,8,1,2,2,5,0,70.9,0.0
CLG0015,74.0,7.13,6.95,9,0,5,5,3,0,76.9,0.0
CLG0016,98.0,5.66,5.46,8,1,6,10,0,0,64.4,0.0
CLG0081,85.0,8.49,8.3,1,0,1,3,1,0,91.5,0.0
CLG0027,83.0,7.28,7.59,6,0,10,1,3,0,84.2,0.0
CLG0047,102.0,7.66,7.99,9,1,6,6,5,0,90.10000000000001,0.0
CLG0026,120.0,5.73,5.56,9,1,9,9,5,1,67.6,382400.0
CLG0072,113.0,5.7,5.79,7,1,5,10,4,1,69.2,388100.0
CLG0041,76.0,7.92,7.56,7,1,1,8,3,0,83.19999999999999,0.0
CLG0011,85.0,9.93,9.9,4,0,1,4,0,0,107.5,0.0
CLG0091,114.0,5.48,5.98,7,0,5,8,3,1,71.2,296200.0
CLG0009,85.0,6.43,6.09,10,0,2,5,4,0,69.4,0.0
CLG0054,96.0,9.35,9.8,5,0,5,3,4,0,107.6,0.0
CLG0011,108.0,5.36,5.68,10,1,8,4,1,0,67.6,0.0
CLG0007,85.0,9.38,9.85,5,1,9,7,4,0,107.0,0.0
CLG0028,101.0,7.62,7.3,1,1,0,5,2,0,83.1,0.0
CLG0094,79.0,7.04,6.75,2,1,2,4,4,0,75.4,0.0
CLG0062,90.0,6.55,6.07,9,0,1,3,0,0,69.7,0.0
CLG0055,104.0,6.49,6.71,2,1,10,3,4,0,77.5,0.0
CLG0036,76.0,6.53,6.67,10,0,2,10,1,0,74.3,0.0
CLG0073,106.0,9.42,9.1,2,1,1,6,4,0,101.6,0.0
CLG0099,99.0,8.62,8.91,9,0,2,8,3,1,99.0,405900.0
CLG0063,108.0,8.35,8.15,3,1,3,4,5,0,92.3,0.0
CLG0051,103.0,8.99,8.62,2,0,6,1,5,0,96.49999999999999,0.0
CLG0077,120.0,6.29,6.21,7,1,1,4,3,0,74.1,0.0
CLG0048,101.0,8.09,7.68,9,1,1,5,3,0,86.89999999999999,0.0
CLG0068,93.0,7.3,7.06,6,1,1,8,2,0,79.89999999999999,0.0
CLG0010,101.0,8.91,8.78,7,1,5,7,1,0,97.89999999999999,0.0
CLG0026,108.0,6.55,6.9,3,1,7,2,3,0,79.8,0.0
CLG0067,100.0,8.22,8.51,3,1,3,9,3,1,95.1,490400.0
CLG0053,100.0,9.41,9.35,8,0,9,3,5,0,103.5,0.0
CLG0043,89.0,7.01,7.23,7,1,2,9,3,0,81.20000000000002,0.0
CLG0017,90.0,5.33,5.4,5,0,8,1,5,0,63.0,0.0
CLG0027,78.0,7.58,7.42,6,0,0,9,5,0,82.0,0.0
CLG0022,126.0,6.73,6.96,9,0,9,7,1,0,82.19999999999999,0.0
CLG0036,81.0,8.36,8.54,3,0,1,2,5,0,93.49999999999999,0.0
CLG0072,89.0,9.76,9.88,3,0,6,10,3,1,107.70000000000002,439700.00000000006
CLG0033,89.0,7.43,7.55,6,1,2,7,2,0,84.4,0.0
CLG0090,113.0,7.33,7.51,8,1,8,1,3,0,86.39999999999999,0.0
CLG0095,95.0,8.27,8.15,5,0,0,3,0,0,91.0,0.0
CLG0053,118.0,5.52,5.89,1,1,8,7,2,0,70.7,0.0
CLG0011,89.0,6.27,5.93,3,0,5,3,0,0,68.2,0.0
CLG0093,104.0,9.59,9.97,8,0,0,2,3,0,110.10000000000001,0.0
CLG0029,87.0,8.35,8.19,4,0,8,5,3,0,90.6,0.0
CLG0038,132.0,5.07,4.7,9,1,8,3,1,0,60.2,0.0
CLG0058,82.0,6.02,6.12,6,1,9,9,5,0,69.4,0.0
CLG0015,104.0,8.41,8.29,10,1,10,7,0,0,93.3,0.0
CLG0054,109.0,8.82,9.14,4,0,4,1,0,0,102.30000000000001,0.0
CLG0062,106.0,9.2,9.13,4,0,6,1,4,0,101.9,0.0
CLG0057,97.0,6.46,6.63,10,0,2,6,4,0,76.0,0.0
CLG0079,98.0,9.66,9.47,5,1,7,4,4,0,104.5,0.0
CLG0071,100.0,7.76,7.47,7,1,2,1,4,0,84.7,0.0
CLG0058,97.0,8.48,8.37,7,0,9,9,0,0,93.39999999999999,0.0
CLG0049,114.0,7.98,8.09,10,1,6,2,1,0,92.30000000000001,0.0
CLG0053,133.0,5.61,5.77,7,1,3,1,4,0,71.0,0.0
CLG0029,91.0,9.82,9.9,5,1,4,3,0,0,108.1,0.0
CLG0033,79.0,5.61,6.1,9,1,6,10,1,0,68.9,0.0
CLG0046,98.0,6.27,6.46,2,0,1,1,1,0,74.39999999999999,0.0
CLG0054,138.0,9.07,9.5,8,1,3,4,4,1,108.8,549000.0
CLG0080,87.0,8.09,7.71,10,0,6,4,0,0,85.8,0.0
CLG0098,124.0,9.19,8.75,8,1,2,6,2,1,99.9,512000.0
CLG0085,125.0,7.58,7.39,3,0,3,3,0,0,86.39999999999999,0.0
CLG0007,91.0,6.88,6.52,5,0,9,9,1,0,74.29999999999998,0.0
CLG0029,108.0,9.61,9.64,8,1,7,6,3,0,107.2,0.0
CLG0009,124.0,5.18,5.2,10,1,2,7,4,0,64.4,0.0
CLG0049,94.0,9.28,9.36,9,1,8,6,1,0,103.0,0.0
CLG0071,96.0,6.15,6.4,7,0,4,9,2,0,73.6,0.0
CLG0078,91.0,9.24,9.71,4,0,1,2,2,0,106.2,0.0
CLG0094,84.0,5.7,6.08,4,0,7,8,2,0,69.2,0.0
CLG0088,90.0,7.9,7.52,3,1,9,5,2,0,84.19999999999999,0.0
CLG0051,81.0,9.44,9.28,8,0,7,2,5,0,100.89999999999999,0.0
CLG0098,100.0,7.37,7.13,6,1,0,7,0,0,81.3,0.0
CLG0008,88.0,8.73,8.41,10,1,8,5,1,0,92.89999999999999,0.0
CLG0055,103.0,9.02,9.06,6,0,1,8,2,1,100.9,413900.0
CLG0065,76.0,8.68,8.73,10,0,3,10,1,0,94.9,0.0
CLG0098,104.0,9.63,9.36,10,1,5,6,1,0,104.0,0.0
CLG0084,112.0,7.23,7.44,9,1,8,7,3,0,85.60000000000001,0.0
CLG0095,70.0,5.87,6.1,3,0,0,1,0,0,68.0,0.0
CLG0079,105.0,5.24,4.76,4,0,8,2,3,0,58.099999999999994,0.0
CLG0015,118.0,6.23,6.13,3,0,7,9,4,1,73.1,304200.0
CLG0051,81.0,5.72,6.11,3,1,6,7,4,0,69.2,0.0
CLG0034,125.0,7.79,7.81,1,0,1,7,5,0,90.6,0.0
CLG0069,106.0,5.92,5.77,10,1,6,4,4,0,68.3,0.0
CLG0086,89.0,5.19,4.94,6,0,1,4,3,0,58.300000000000004,0.0
CLG0012,99.0,5.18,4.92,9,1,8,3,1,0,59.1,0.0
CLG0045,108.0,9.16,8.76,5,1,3,10,5,1,98.39999999999999,504400.0
CLG0031,101.0,7.96,8.28,10,0,1,4,4,0,92.89999999999999,0.0
CLG0054,108.0,6.79,6.38,2,0,4,10,5,0,74.6,0.0
CLG0093,86.0,9.47,9.26,10,1,8,6,4,0,101.19999999999999,0.0
CLG0022,102.0,5.35,4.9,4,0,3,3,3,0,59.2,0.0
CLG0072,78.0,9.9,10.18,6,0,4,10,1,0,109.6,0.0
CLG0064,98.0,8.08,7.62,7,1,7,8,4,0,86.0,0.0
CLG0060,86.0,5.92,5.73,7,0,2,1,0,0,65.9,0.0
CLG0028,88.0,8.4,8.47,4,0,5,6,4,0,93.5,0.0
CLG0021,118.0,8.82,8.73,10,1,0,2,3,1,99.10000000000001,508200.0
CLG0075,116.0,7.15,6.93,10,0,2,1,3,0,80.89999999999999,0.0
CLG0075,109.0,9.31,9.09,5,0,7,4,0,0,101.80000000000001,0.0
CLG0087,83.0,5.75,6.05,4,0,9,6,1,0,68.8,0.0
CLG0077,95.0,6.39,6.86,10,0,9,7,0,0,78.10000000000001,0.0
CLG0043,118.0,5.47,5.32,6,0,5,1,5,0,65.0,0.0
CLG0027,102.0,6.05,5.59,7,1,9,3,4,0,66.1,0.0
CLG0023,134.0,6.19,5.73,2,0,3,6,3,0,70.7,0.0
CLG0097,105.0,9.59,9.85,10,0,7,6,1,0,109.0,0.0
CLG0090,102.0,5.39,5.44,3,1,2,10,4,0,64.60000000000001,0.0
CLG0036,95.0,7.14,7.42,8,0,1,6,0,0,83.7,0.0
CLG0097,102.0,7.66,7.86,7,1,9,7,5,0,88.80000000000001,0.0
CLG0038,97.0,9.49,9.9,1,0,7,7,4,0,108.7,0.0
CLG0016,110.0,9.99,10.38,4,0,3,10,0,0,114.80000000000001,0.0
CLG0074,114.0,8.77,9.06,5,0,8,8,2,1,102.00000000000001,419400.0
CLG0043,88.0,9.85,9.83,3,1,10,2,2,0,107.1,0.0
CLG0041,80.0,8.94,8.75,4,0,2,10,3,1,95.5,390000.0
CLG0044,72.0,9.82,9.83,10,0,8,1,1,0,105.5,0.0
CLG0052,107.0,8.54,8.54,10,0,9,10,3,1,96.1,395099.99999999994
CLG0017,83.0,5.4,5.51,10,1,5,7,4,0,63.39999999999999,0.0
CLG0052,67.0,7.01,6.7,7,0,4,1,5,0,73.7,0.0
CLG0043,105.0,8.23,8.39,8,1,1,2,2,0,94.4,0.0
CLG0023,137.0,6.75,6.71,9,0,10,1,3,0,80.8,0.0
CLG0001,99.0,6.37,6.49,2,0,5,1,0,0,74.80000000000001,0.0
CLG0093,112.0,7.89,7.63,4,0,3,3,1,0,87.5,0.0
CLG0025,101.0,9.67,9.6,1,0,4,4,2,0,106.1,0.0
CLG0006,98.0,5.17,4.88,3,0,10,5,1,0,58.599999999999994,0.0
CLG0074,113.0,8.85,9.23,8,0,5,5,1,0,103.60000000000001,0.0
CLG0054,95.0,8.61,8.6,7,0,6,2,2,0,95.5,0.0
CLG0078,104.0,9.82,9.54,8,1,3,3,0,0,105.8,0.0
CLG0023,104.0,9.65,9.19,6,0,10,8,5,1,102.3,419600.0
CLG0019,89.0,8.81,8.99,5,1,7,2,0,0,98.80000000000001,0.0
CLG0056,114.0,7.6,7.31,10,0,4,4,0,0,84.5,0.0
CLG0053,97.0,6.02,6.51,9,1,6,7,1,0,74.8,0.0
CLG0031,88.0,7.73,7.76,5,1,5,9,0,0,86.39999999999999,0.0
CLG0038,108.0,8.83,8.62,9,0,10,3,4,0,96.99999999999999,0.0
CLG0019,86.0,9.48,9.64,4,0,10,3,5,0,105.0,0.0
CLG0001,100.0,8.95,8.73,5,1,4,7,4,0,97.30000000000001,0.0
CLG0077,99.0,5.98,6.3,1,1,6,8,0,0,72.9,0.0
CLG0050,116.0,8.0,7.81,6,1,10,4,0,0,89.69999999999999,0.0
CLG0098,107.0,6.66,7.15,3,0,3,1,2,0,82.2,0.0
CLG0058,99.0,5.05,5.16,10,1,6,5,2,0,61.5,0.0
CLG0081,112.0,6.0,6.34,2,0,2,4,3,0,74.6,0.0
CLG0032,120.0,5.57,5.14,6,1,7,8,1,0,63.4,0.0
CLG0049,108.0,9.21,9.06,1,0,9,7,1,0,101.4,0.0
CLG0098,100.0,6.29,6.53,9,0,3,2,2,0,75.3,0.0
CLG0097,80.0,6.42,6.58,5,1,3,6,4,0,73.8,0.0
CLG0092,84.0,9.8,9.49,7,1,0,4,3,0,103.30000000000001,0.0
CLG0044,95.0,6.9,6.76,10,0,7,7,2,0,77.1,0.0
CLG0029,90.0,5.05,4.81,9,0,4,9,5,0,57.099999999999994,0.0
CLG0088,97.0,6.42,6.53,9,0,8,7,5,0,75.0,0.0
CLG0048,100.0,5.6,5.44,7,0,2,2,3,0,64.4,0.0
CLG0080,107.0,5.51,5.32,4,1,4,8,1,0,63.900000000000006,0.0
CLG0077,98.0,5.39,5.1,4,1,3,6,5,0,60.8,0.0
CLG0026,107.0,7.97,7.88,7,1,10,9,1,0,89.5,0.0
CLG0007,100.0,5.95,5.65,8,1,6,7,5,0,66.5,0.0
CLG0044,70.0,6.81,7.27,7,0,9,5,1,0,79.69999999999999,0.0
CLG0014,85.0,9.31,8.96,10,0,4,8,4,1,98.10000000000001,400900.00000000006
CLG0052,97.0,7.12,7.53,4,0,1,7,2,0,85.0,0.0
CLG0032,81.0,9.58,9.51,4,1,5,1,5,0,103.19999999999999,0.0
CLG0075,108.0,7.49,7.37,8,1,3,5,5,0,84.5,0.0
CLG0032,122.0,6.99,6.72,9,1,5,7,5,0,79.4,0.0
CLG0075,118.0,8.75,8.89,7,0,0,10,3,1,100.7,414600.0
CLG0084,96.0,5.37,5.56,3,0,10,7,2,0,65.19999999999999,0.0
CLG0057,122.0,5.45,5.42,10,1,0,3,1,0,66.4,0.0
CLG0052,102.0,8.26,7.82,1,0,3,5,1,0,88.4,0.0
CLG0034,94.0,7.43,7.85,5,0,6,8,2,0,87.9,0.0
CLG0061,90.0,8.95,9.43,6,0,10,9,0,0,103.3,0.0
CLG0062,95.0,9.58,9.51,9,1,6,9,0,0,104.6,0.0
CLG0086,94.0,6.94,7.05,5,0,0,10,2,0,79.9,0.0
CLG0087,102.0,7.98,7.93,1,1,4,5,1,0,89.5,0.0
CLG0093,102.0,7.5,7.32,4,0,5,2,5,0,83.4,0.0
CLG0076,100.0,9.91,9.49,2,1,4,8,3,1,104.9,529600.0
CLG0031,106.0,9.16,9.12,4,0,6,7,0,0,101.79999999999998,0.0
CLG0029,117.0,9.56,9.88,7,0,5,4,5,1,110.50000000000001,453700.00000000006
CLG0031,114.0,6.27,5.79,9,0,4,5,5,0,69.3,0.0
CLG0012,77.0,8.86,8.94,3,1,4,10,5,1,97.1,496100.0
CLG0035,61.0,6.33,6.71,3,0,8,10,2,0,73.19999999999999,0.0
CLG0057,114.0,6.04,5.76,4,0,2,2,4,0,69.0,0.0
CLG0041,79.0,9.72,9.4,7,1,8,9,2,1,101.9,515500.0
CLG0027,96.0,5.1,5.37,6,0,10,6,1,0,63.300000000000004,0.0
CLG0015,82.0,9.83,9.59,5,1,1,9,2,1,104.10000000000001,524600.0
CLG0094,72.0,5.75,5.44,4,0,9,8,0,0,61.60000000000001,0.0
CLG0071,108.0,9.1,8.98,8,1,6,1,0,0,100.60000000000001,0.0
CLG0036,111.0,6.38,6.27,4,0,5,9,5,1,73.8,306300.0
CLG0024,91.0,6.75,7.12,3,1,7,9,2,0,80.3,0.0
CLG0082,61.0,6.08,6.2,7,1,8,4,5,0,68.1,0.0
CLG0024,91.0,7.93,7.84,2,0,5,1,3,0,87.5,0.0
CLG0096,105.0,6.74,6.77,4,0,1,4,2,0,78.19999999999999,0.0
CLG0076,77.0,8.29,8.74,8,0,9,6,3,0,95.10000000000001,0.0
CLG0028,102.0,5.08,4.69,4,1,3,4,0,0,57.10000000000001,0.0
CLG0075,99.0,5.32,5.03,10,0,2,9,4,0,60.2,0.0
CLG0003,108.0,5.5,5.96,7,1,2,4,3,0,70.4,0.0
CLG0003,101.0,7.09,7.55,2,1,4,10,2,0,85.6,0.0
CLG0029,85.0,9.07,8.75,5,0,9,8,1,0,96.0,0.0
CLG0032,117.0,9.44,9.09,4,0,0,2,1,0,102.60000000000001,0.0
CLG0054,97.0,6.22,6.14,9,1,8,7,2,0,71.1,0.0
CLG0038,99.0,7.87,7.42,7,1,3,8,0,0,84.10000000000001,0.0
CLG0095,86.0,8.84,8.99,9,1,6,6,0,0,98.5,0.0
CLG0056,93.0,6.44,6.02,10,0,6,10,0,0,69.5,0.0
CLG0065,86.0,7.05,6.61,7,0,6,6,2,0,74.7,0.0
CLG0021,97.0,7.62,7.61,2,0,10,8,1,0,85.80000000000001,0.0
CLG0041,125.0,5.67,6.13,2,0,4,3,4,0,73.8,0.0
CLG0020,79.0,5.13,5.06,2,0,3,2,1,0,58.49999999999999,0.0
CLG0060,75.0,5.76,5.62,5,0,3,9,0,0,63.7,0.0
CLG0075,122.0,8.13,8.63,1,0,4,8,2,1,98.50000000000001,406200.00000000006
CLG0059,96.0,5.37,5.4,7,0,5,10,2,0,63.6,0.0
CLG0074,89.0,5.95,5.83,2,1,9,5,4,0,67.2,0.0
CLG0055,115.0,6.69,6.58,4,1,6,5,1,0,77.3,0.0
CLG0003,90.0,5.39,5.08,9,0,4,6,0,0,59.8,0.0
CLG0014,127.0,5.96,5.97,8,1,8,6,4,0,72.39999999999999,0.0
CLG0045,110.0,9.56,9.5,10,1,8,2,0,0,106.0,0.0
CLG0095,92.0,5.1,4.87,2,1,0,7,1,0,57.900000000000006,0.0
CLG0099,132.0,8.27,7.93,4,0,4,3,4,0,92.5,0.0
CLG0060,90.0,6.92,6.73,4,0,1,8,0,0,76.30000000000001,0.0
CLG0049,111.0,8.36,8.37,2,1,3,9,3,1,94.79999999999998,490299.99999999994
CLG0009,104.0,7.94,7.5,2,0,10,3,2,0,85.4,0.0
CLG0054,119.0,6.12,5.77,5,0,6,6,1,0,69.6,0.0
CLG0070,123.0,9.24,9.69,4,0,9,8,2,1,109.19999999999999,449100.0
CLG0093,100.0,7.46,7.5,8,0,5,6,0,0,85.0,0.0
CLG0052,88.0,9.11,8.67,4,1,6,10,4,1,95.5,490800.0
CLG0063,106.0,7.03,7.22,8,1,2,3,0,0,82.8,0.0
CLG0052,89.0,9.92,9.48,5,0,4,4,5,0,103.70000000000002,0.0
CLG0022,130.0,8.85,9.09,1,0,5,9,3,1,103.9,428600.0
CLG0055,102.0,9.83,10.08,9,0,10,1,3,0,111.0,0.0
CLG0003,94.0,7.57,7.72,8,0,5,4,1,0,86.60000000000001,0.0
CLG0002,102.0,7.37,7.6,1,1,5,10,2,0,86.2,0.0
CLG0059,79.0,8.78,8.37,3,0,8,1,5,0,91.6,0.0
CLG0028,85.0,9.4,9.63,3,1,5,8,0,0,104.80000000000001,0.0
CLG0037,118.0,9.82,9.46,5,1,1,7,5,1,106.4,537400.0
CLG0069,90.0,6.62,6.46,7,0,8,7,3,0,73.6,0.0
CLG0009,84.0,8.99,9.43,1,0,3,2,4,0,102.7,0.0
CLG0062,108.0,6.05,6.05,1,0,6,10,0,0,71.3,0.0
CLG0032,117.0,7.73,8.2,10,0,5,6,1,0,93.7,0.0
CLG0081,110.0,5.9,5.49,6,0,8,8,4,0,65.9,0.0
CLG0075,114.0,6.74,6.72,5,1,9,8,2,1,78.60000000000001,425800.0
CLG0035,88.0,9.66,9.22,3,1,2,5,1,0,101.0,0.0
CLG0047,78.0,5.73,5.86,3,0,7,8,2,0,66.4,0.0
CLG0018,122.0,8.16,7.74,4,0,4,2,2,0,89.60000000000001,0.0
CLG0036,95.0,7.96,7.64,10,1,5,4,3,0,85.89999999999999,0.0
CLG0019,96.0,5.6,5.36,2,0,2,10,5,0,63.2,0.0
CLG0025,119.0,6.63,6.88,9,0,2,2,2,0,80.7,0.0
CLG0046,108.0,7.81,7.47,4,0,6,5,4,0,85.5,0.0
CLG0060,106.0,5.94,6.29,10,0,5,3,4,0,73.5,0.0
CLG0095,132.0,9.0,8.63,3,0,1,6,4,1,99.50000000000001,411200.00000000006
CLG0023,90.0,9.86,9.4,10,0,9,7,5,0,103.0,0.0
CLG0078,113.0,6.07,5.97,7,0,7,6,0,0,71.0,0.0
CLG0027,100.0,5.93,6.41,9,0,4,2,5,0,74.1,0.0
CLG0035,104.0,7.27,6.88,2,1,6,2,3,0,79.2,0.0
CLG0077,122.0,8.74,8.34,6,0,2,4,5,1,95.60000000000001,394600.0
CLG0055,107.0,6.41,6.66,5,1,9,7,3,0,77.3,0.0
CLG0036,108.0,5.1,4.91,1,1,4,8,4,0,59.900000000000006,0.0
CLG0088,116.0,7.71,7.93,7,1,2,5,0,0,90.89999999999999,0.0
CLG0097,94.0,9.78,9.48,1,1,2,10,5,1,104.20000000000002,526200.0
CLG0071,87.0,6.96,6.92,10,1,0,1,2,0,77.9,0.0
CLG0009,84.0,7.1,6.87,9,0,10,9,2,0,77.10000000000001,0.0
CLG0021,70.0,9.84,9.79,4,0,2,8,2,1,104.89999999999999,426599.99999999994
CLG0032,130.0,8.47,8.74,8,1,6,1,3,1,100.4,514600.0
CLG0066,83.0,8.6,8.86,1,0,10,9,2,1,96.89999999999999,395900.0
CLG0044,96.0,7.81,7.83,5,0,8,5,0,0,87.89999999999999,0.0
CLG0089,95.0,9.87,10.3,3,1,0,8,0,0,112.5,0.0
CLG0065,104.0,8.44,8.2,4,0,3,10,5,1,92.4,380000.0
CLG0075,112.0,9.48,9.22,4,0,9,10,5,1,103.4,424800.0
CLG0080,112.0,8.5,8.61,8,0,6,2,2,1,97.3,400400.0
CLG0087,91.0,8.68,8.8,10,1,5,7,3,0,97.1,0.0
CLG0015,97.0,6.45,6.0,10,0,3,9,1,0,69.7,0.0
CLG0027,104.0,6.52,6.63,3,0,10,7,4,0,76.7,0.0
CLG0016,96.0,8.91,8.78,1,0,2,9,2,1,97.39999999999999,399200.0
CLG0046,124.0,6.48,6.73,5,0,5,4,2,0,79.70000000000002,0.0
CLG0097,107.0,7.81,8.12,2,0,3,5,5,0,91.89999999999999,0.0
CLG0072,111.0,6.25,6.3,6,1,4,7,4,0,74.1,0.0
CLG0048,109.0,9.08,8.58,4,0,1,1,1,0,96.7,0.0
CLG0065,117.0,5.55,5.69,9,0,8,2,5,0,68.60000000000001,0.0
CLG0019,102.0,9.15,9.4,7,0,1,2,2,0,104.2,0.0
CLG0090,80.0,8.01,7.76,2,0,3,10,2,0,85.6,0.0
CLG0037,105.0,5.93,5.89,7,1,7,9,1,0,69.4,0.0
CLG0058,90.0,7.71,8.18,10,0,6,3,4,0,90.8,0.0
CLG0055,92.0,6.41,6.21,8,0,3,9,0,0,71.3,0.0
CLG0053,108.0,6.62,6.34,3,1,7,1,2,0,74.2,0.0
CLG0047,118.0,6.76,6.47,3,1,10,3,2,0,76.5,0.0
CLG0003,100.0,5.32,5.38,2,0,5,10,5,0,63.8,0.0
CLG0088,104.0,9.93,10.38,1,0,7,2,3,0,114.20000000000002,0.0
CLG0086,125.0,5.16,5.27,3,0,3,2,1,0,65.19999999999999,0.0
CLG0062,103.0,8.31,8.11,10,0,4,1,2,0,91.39999999999999,0.0
CLG0001,139.0,6.86,7.0,7,1,3,6,3,0,83.9,0.0
CLG0039,108.0,8.23,8.35,9,0,6,5,5,0,94.3,0.0
CLG0073,73.0,6.78,6.88,9,0,3,5,5,0,76.1,0.0
CLG0033,111.0,8.37,8.03,6,0,4,9,0,1,91.39999999999999,376700.0
CLG0023,105.0,8.65,8.78,6,1,8,6,1,0,98.3,0.0
CLG0034,119.0,8.45,8.38,5,0,7,9,0,1,95.70000000000002,394700.00000000006
CLG0049,110.0,5.57,5.09,2,1,1,4,3,0,61.9,0.0
CLG0049,97.0,8.28,8.32,7,1,6,7,5,0,92.9,0.0
CLG0099,81.0,6.4,6.89,1,0,1,4,4,0,76.99999999999999,0.0
CLG0049,96.0,5.14,4.99,6,1,9,1,5,0,59.50000000000001,0.0
CLG0010,87.0,7.07,7.54,4,0,2,4,1,0,84.10000000000001,0.0
CLG0096,91.0,7.17,6.77,3,0,0,2,4,0,76.79999999999998,0.0
CLG0066,108.0,7.34,7.57,1,0,1,5,3,0,86.5,0.0
CLG0071,125.0,8.52,8.13,6,1,2,2,1,0,93.80000000000001,0.0
CLG0088,105.0,6.54,6.31,7,1,4,2,2,0,73.6,0.0
CLG0067,82.0,6.58,6.65,1,0,5,4,3,0,74.7,0.0
CLG0076,106.0,5.3,5.39,1,0,6,7,5,0,64.5,0.0
CLG0039,117.0,8.43,8.71,7,1,4,3,3,1,98.80000000000001,506900.00000000006
CLG0042,90.0,7.84,7.96,6,0,4,7,0,0,88.6,0.0
CLG0100,97.0,6.75,6.84,7,1,10,9,4,0,78.10000000000001,0.0
CLG0091,100.0,8.53,8.94,8,0,7,3,5,0,99.39999999999999,0.0
CLG0001,88.0,7.69,7.64,8,0,0,4,5,0,85.19999999999999,0.0
CLG0046,109.0,7.35,7.08,9,1,8,1,1,0,81.7,0.0
CLG0036,98.0,7.56,7.22,9,0,2,7,5,0,82.0,0.0
CLG0096,106.0,8.18,8.08,7,0,10,1,1,0,91.39999999999999,0.0
CLG0091,86.0,8.3,8.51,9,0,5,3,2,0,93.69999999999999,0.0
CLG0044,93.0,6.44,5.98,6,1,3,9,1,0,69.10000000000001,0.0
CLG0031,110.0,5.7,5.33,9,1,1,5,2,0,64.3,0.0
CLG0097,94.0,5.78,5.39,2,0,5,10,1,0,63.3,0.0
CLG0058,125.0,8.2,8.29,2,0,9,10,5,1,95.39999999999999,394099.99999999994
CLG0096,94.0,9.36,9.1,6,1,7,2,0,0,100.4,0.0
CLG0004,103.0,7.05,6.72,3,1,3,9,5,0,77.5,0.0
CLG0053,113.0,5.85,5.94,2,0,7,6,3,0,70.7,0.0
CLG0089,78.0,8.78,9.04,8,0,6,9,1,0,98.19999999999999,0.0
CLG0093,73.0,9.16,8.99,7,1,0,4,3,0,97.2,0.0
CLG0057,77.0,9.4,9.48,8,1,4,6,4,0,102.50000000000001,0.0
CLG0073,118.0,8.03,7.63,6,0,7,7,3,0,88.1,0.0
CLG0078,91.0,9.3,9.74,9,0,5,6,4,0,106.5,0.0
CLG0050,138.0,5.08,4.92,9,1,8,4,1,0,63.0,0.0
CLG0005,91.0,5.54,6.04,2,0,10,8,0,0,69.5,0.0
CLG0052,102.0,5.46,5.94,10,0,6,6,0,0,69.60000000000001,0.0
CLG0017,123.0,8.56,8.84,5,0,1,2,3,1,100.7,415100.0
CLG0032,130.0,5.35,4.87,9,1,0,6,0,0,61.7,0.0
CLG0006,130.0,7.48,7.52,3,1,8,1,4,0,88.19999999999999,0.0
CLG0069,118.0,7.36,6.95,5,1,4,9,0,0,81.3,0.0
CLG0093,115.0,6.55,6.95,8,1,1,10,0,0,81.0,0.0
CLG0092,108.0,9.35,9.64,2,1,10,7,5,0,107.2,0.0
CLG0061,111.0,5.85,6.32,6,1,3,8,5,1,74.3,408300.0
CLG0010,91.0,6.76,6.87,4,1,9,4,0,0,77.8,0.0
CLG0023,87.0,8.87,8.89,6,0,5,8,2,1,97.60000000000001,399100.0
CLG0053,99.0,5.15,5.17,3,0,8,1,2,0,61.6,0.0
CLG0061,97.0,8.36,8.25,6,1,7,4,3,0,92.2,0.0
CLG0019,93.0,9.08,9.05,7,0,5,6,5,0,99.8,0.0
CLG0004,110.0,9.66,9.8,10,0,3,10,1,0,109.0,0.0
CLG0046,114.0,9.38,9.81,3,1,9,7,5,1,109.50000000000001,549400.0
CLG0032,101.0,6.6,6.7,5,1,4,3,1,0,77.1,0.0
CLG0084,122.0,7.93,8.29,8,0,10,10,4,1,95.1,392599.99999999994
CLG0046,82.0,5.39,5.75,2,1,10,10,4,0,65.7,0.0
CLG0062,97.0,6.29,6.31,7,0,3,2,3,0,72.8,0.0
CLG0092,89.0,5.47,5.32,1,0,3,9,2,0,62.1,0.0
CLG0054,72.0,6.58,6.72,7,1,7,1,0,0,74.4,0.0
CLG0100,98.0,9.38,9.33,1,0,3,10,2,1,103.1,422200.0
CLG0087,98.0,6.74,6.32,4,1,10,1,5,0,73.0,0.0
CLG0067,122.0,7.81,7.69,4,1,2,10,2,1,89.10000000000001,468600.0
CLG0024,109.0,7.17,7.66,5,0,1,2,5,0,87.5,0.0
CLG0066,84.0,7.29,6.84,2,0,9,5,3,0,76.80000000000001,0.0
CLG0018,127.0,9.85,10.05,6,1,0,1,2,1,113.2,565500.0
CLG0096,118.0,6.48,6.82,6,1,4,6,1,0,80.0,0.0
CLG0048,108.0,8.14,8.29,8,0,3,8,2,1,93.69999999999999,385599.99999999994
CLG0046,96.0,7.1,7.17,10,0,9,10,1,0,81.3,0.0
CLG0048,85.0,5.31,5.52,1,0,8,2,4,0,63.699999999999996,0.0
CLG0062,94.0,7.45,7.38,4,1,8,5,4,0,83.2,0.0
CLG0094,116.0,9.07,8.66,2,1,10,3,5,1,98.19999999999999,504400.0
CLG0027,128.0,5.49,5.95,8,0,4,2,3,0,72.3,0.0
CLG0062,123.0,5.35,5.28,4,1,4,6,0,0,65.10000000000001,0.0
CLG0078,92.0,5.77,5.94,8,1,5,1,2,0,68.60000000000001,0.0
CLG0065,83.0,8.82,8.85,2,0,3,8,0,0,96.8,0.0
CLG0052,102.0,8.62,8.17,4,1,5,6,1,0,91.9,0.0
CLG0001,73.0,7.83,8.28,9,1,7,4,0,0,90.1,0.0
CLG0050,104.0,7.34,7.63,5,1,4,5,2,0,86.7,0.0
CLG0040,97.0,9.44,9.09,6,0,7,2,5,0,100.60000000000001,0.0
CLG0072,93.0,8.83,9.31,10,0,7,8,0,0,102.4,0.0
CLG0017,76.0,9.06,9.3,9,0,2,6,0,0,100.6,0.0
CLG0001,107.0,9.07,9.04,9,0,5,6,0,0,101.1,0.0
CLG0078,92.0,8.21,8.32,7,0,0,3,3,0,92.4,0.0
CLG0077,82.0,7.29,6.9,2,0,4,1,0,0,77.2,0.0
CLG0030,57.5,9.32,9.38,7,1,6,8,2,1,99.55000000000001,503950.00000000006
CLG0077,99.0,9.63,9.2,9,0,4,7,5,0,101.9,0.0
CLG0067,126.0,5.12,5.16,2,1,2,1,2,0,64.2,0.0
CLG0022,124.0,5.26,5.31,7,0,1,8,0,0,65.5,0.0
CLG0035,93.0,9.79,10.16,7,0,1,10,3,1,110.89999999999999,452900.0
CLG0056,90.0,6.39,6.62,3,1,8,2,1,0,75.2,0.0
CLG0014,107.0,9.37,9.12,6,0,1,8,0,0,101.89999999999999,0.0
CLG0045,85.0,6.94,7.33,8,0,6,5,3,0,81.8,0.0
CLG0086,104.0,5.6,5.67,10,1,8,8,4,0,67.10000000000001,0.0
CLG0033,111.0,5.4,5.51,8,1,2,6,2,0,66.19999999999999,0.0
CLG0012,118.0,5.78,5.45,3,1,6,2,4,0,66.3,0.0
CLG0024,98.0,6.25,6.61,6,0,0,7,2,0,75.9,0.0
CLG0069,96.0,7.44,7.87,2,0,5,6,1,0,88.3,0.0
CLG0057,86.0,8.51,8.78,2,0,10,4,5,0,96.39999999999999,0.0
CLG0009,87.0,9.93,10.37,8,1,1,9,3,1,112.39999999999999,558300.0
CLG0002,96.0,7.21,7.01,10,1,9,4,1,0,79.69999999999999,0.0
CLG0059,105.0,7.59,7.95,5,0,0,1,4,0,90.0,0.0
CLG0095,113.0,7.61,7.6,5,0,4,3,3,0,87.3,0.0
CLG0029,87.0,7.7,7.36,4,0,5,8,4,0,82.30000000000001,0.0
CLG0093,122.0,7.59,7.76,10,1,10,3,0,0,89.8,0.0
CLG0100,95.0,5.04,5.22,4,1,1,7,4,0,61.699999999999996,0.0
CLG0055,99.0,5.01,4.8,8,0,3,1,1,0,57.9,0.0
CLG0094,88.0,5.49,5.02,3,1,2,4,1,0,59.0,0.0
CLG0022,63.0,5.51,5.21,3,1,0,4,0,0,58.4,0.0
CLG0085,113.0,8.52,8.42,8,1,0,9,3,1,95.5,493300.0
CLG0049,111.0,6.02,5.69,3,0,2,1,4,0,68.0,0.0
CLG0012,95.0,9.47,9.16,2,1,1,9,5,1,101.1,513900.0
CLG0071,101.0,9.64,9.53,5,1,1,10,4,1,105.39999999999999,531700.0
CLG0089,107.0,9.88,10.34,3,1,9,8,4,1,114.10000000000001,567100.0
CLG0008,76.0,9.7,9.96,6,1,4,10,3,1,107.2,536400.0
CLG0097,92.0,6.36,6.18,7,0,4,6,1,0,71.0,0.0
CLG0016,111.0,7.55,8.0,3,0,6,4,0,0,91.1,0.0
CLG0040,81.0,5.88,6.03,9,0,4,6,5,0,68.4,0.0
CLG0045,104.0,9.03,8.99,10,1,2,6,3,0,100.30000000000001,0.0
CLG0064,79.0,9.44,9.41,1,1,9,2,0,0,102.0,0.0
CLG0063,106.0,9.26,9.17,7,1,5,7,2,0,102.3,0.0
CLG0051,99.0,7.17,6.9,4,1,2,9,0,0,78.9,0.0
CLG0010,75.0,8.79,8.68,7,0,7,8,2,1,94.3,384700.0
CLG0076,117.0,5.49,5.52,9,0,5,3,0,0,66.89999999999999,0.0
CLG0086,88.0,5.2,5.23,9,1,6,8,2,0,61.10000000000001,0.0
CLG0071,87.0,8.77,9.03,1,1,2,4,4,0,99.0,0.0
CLG0045,103.0,7.13,6.99,10,1,10,10,5,0,80.2,0.0
CLG0085,117.0,9.98,10.2,4,0,6,1,3,1,113.7,466500.0
CLG0056,84.0,5.49,5.57,7,0,8,3,4,0,64.10000000000001,0.0
CLG0086,100.0,9.28,9.74,10,0,7,1,1,0,107.4,0.0
CLG0073,106.0,7.4,7.29,6,0,10,5,3,0,83.5,0.0
CLG0084,110.0,9.14,9.54,9,0,1,10,4,1,106.39999999999999,436599.99999999994
CLG0013,102.0,9.09,9.41,7,1,9,9,0,0,104.3,0.0
CLG0064,94.0,9.58,9.72,3,0,9,7,3,0,106.60000000000001,0.0
CLG0088,87.0,6.49,6.64,7,0,1,3,0,0,75.1,0.0
CLG0030,101.0,9.75,9.33,10,0,6,7,4,0,103.39999999999999,0.0
CLG0052,83.0,5.76,6.21,5,1,9,8,3,0,70.4,0.0
CLG0054,57.5,5.41,5.02,2,1,3,4,4,0,55.949999999999996,0.0
CLG0057,106.0,7.16,7.22,10,1,8,3,1,0,82.8,0.0
CLG0018,113.0,9.14,8.97,3,1,5,2,4,1,101.0,515300.0
CLG0025,64.0,7.37,7.3,6,0,8,8,5,0,79.4,0.0
CLG0053,84.0,9.15,9.26,6,0,10,3,1,0,101.0,0.0
CLG0020,109.0,8.65,9.06,7,0,2,7,4,0,101.50000000000001,0.0
CLG0011,130.0,6.05,6.01,6,0,5,2,3,0,73.1,0.0
CLG0040,100.0,9.74,10.23,9,0,5,5,0,0,112.30000000000001,0.0
CLG0098,89.0,5.3,5.39,5,1,7,5,3,0,62.8,0.0
CLG0023,97.0,9.49,9.15,5,1,6,9,4,1,101.2,514500.0
CLG0090,120.0,6.52,6.21,8,0,2,8,5,1,74.1,308400.0
CLG0087,90.0,7.5,7.72,8,1,0,8,4,0,86.2,0.0
CLG0042,88.0,7.11,6.66,1,0,1,10,4,0,75.39999999999999,0.0
CLG0047,92.0,5.86,5.84,3,0,10,2,2,0,67.6,0.0
CLG0056,85.0,6.79,6.44,6,0,9,2,1,0,72.9,0.0
CLG0033,101.0,5.96,5.89,6,0,1,10,0,0,69.0,0.0
CLG0089,124.0,6.02,6.27,1,1,0,7,1,0,75.1,0.0
CLG0098,104.0,5.94,5.9,2,0,3,4,4,0,69.4,0.0
CLG0026,96.0,7.45,7.11,10,0,5,3,4,0,80.7,0.0
CLG0069,95.0,8.99,8.74,7,0,3,3,1,0,96.9,0.0
CLG0029,76.0,7.84,7.71,1,0,3,7,1,0,84.69999999999999,0.0
CLG0094,113.0,9.47,9.04,10,1,10,1,5,1,101.69999999999999,518099.99999999994
CLG0060,98.0,8.18,8.26,5,1,8,4,1,0,92.39999999999999,0.0
CLG0091,97.0,8.45,8.56,1,0,1,6,2,0,95.30000000000001,0.0
CLG0037,141.5,8.34,7.9,6,1,0,9,1,0,93.15,0.0
CLG0025,104.0,7.25,7.15,7,1,6,1,4,0,81.9,0.0
CLG0074,88.0,8.45,8.36,8,0,4,1,0,0,92.39999999999999,0.0
CLG0044,93.0,5.35,5.18,3,0,4,2,3,0,61.099999999999994,0.0
CLG0034,117.0,9.3,9.36,3,0,1,7,5,1,105.3,432900.0
CLG0012,101.0,8.89,8.74,1,0,5,7,1,0,97.5,0.0
CLG0093,78.0,6.23,6.15,3,0,4,5,1,0,69.3,0.0
CLG0039,113.0,8.84,9.14,5,0,4,4,1,0,102.7,0.0
CLG0019,89.0,5.06,4.72,6,0,5,10,5,0,56.099999999999994,0.0
CLG0019,128.0,6.09,6.21,3,1,1,6,0,0,74.9,0.0
CLG0029,116.0,5.33,5.34,4,1,4,8,1,0,65.0,0.0
CLG0066,93.0,8.9,8.71,5,1,10,7,1,0,96.4,0.0
CLG0090,119.0,8.78,9.01,5,0,0,2,5,1,102.0,419900.0
CLG0098,101.0,9.07,9.12,9,1,7,2,1,0,101.29999999999998,0.0
CLG0094,112.0,5.02,5.0,8,0,0,6,0,0,61.2,0.0
CLG0076,107.0,7.51,7.68,1,0,6,1,3,0,87.5,0.0
CLG0020,87.0,8.52,8.82,2,0,5,5,5,0,96.9,0.0
CLG0057,90.0,5.78,6.25,5,0,7,1,5,0,71.5,0.0
CLG0097,115.0,8.25,8.38,3,0,4,7,4,1,95.30000000000001,392700.00000000006
CLG0009,94.0,5.42,5.79,7,1,10,3,0,0,67.3,0.0
CLG0002,93.0,5.91,5.41,6,1,5,9,1,0,63.400000000000006,0.0
CLG0028,85.0,7.38,7.41,2,1,3,5,2,0,82.6,0.0
CLG0034,106.0,8.27,7.98,8,1,9,1,0,0,90.4,0.0
CLG0021,130.0,5.73,5.32,5,1,9,10,1,0,66.2,0.0
CLG0083,83.0,5.93,5.96,6,1,0,4,5,0,67.9,0.0
CLG0078,100.0,6.02,6.27,8,1,10,8,1,0,72.69999999999999,0.0
CLG0081,121.0,6.19,6.1,6,0,6,7,4,0,73.1,0.0
CLG0056,98.0,6.13,6.3,10,0,1,6,0,0,72.8,0.0
CLG0005,106.0,6.98,6.97,3,0,0,9,0,0,80.3,0.0
CLG0085,84.0,8.27,8.21,7,0,0,4,5,0,90.50000000000001,0.0
CLG0022,106.0,7.19,6.98,4,1,0,10,4,0,80.4,0.0
CLG0059,97.0,8.88,8.76,6,1,1,1,5,0,97.3,0.0
CLG0040,114.0,8.6,8.45,6,1,0,10,2,1,95.9,495000.0
CLG0084,117.0,5.63,5.78,5,0,3,6,2,0,69.5,0.0
CLG0092,138.0,5.24,4.86,1,0,9,4,3,0,62.400000000000006,0.0
CLG0063,108.0,9.39,8.98,8,0,9,1,3,0,100.60000000000001,0.0
CLG0032,104.0,5.4,5.56,10,1,10,10,4,0,66.0,0.0
CLG0045,102.0,5.74,5.79,2,0,6,3,5,0,68.1,0.0
CLG0083,94.0,5.11,5.04,4,1,9,1,0,0,59.8,0.0
CLG0092,105.0,8.14,7.79,3,0,2,5,1,0,88.4,0.0
CLG0087,95.0,7.91,7.82,6,0,8,8,2,0,87.7,0.0
CLG0033,102.0,9.93,10.22,1,0,1,2,5,0,112.4,0.0
CLG0082,119.0,9.43,9.82,9,0,1,6,0,0,110.10000000000001,0.0
CLG0035,84.0,7.05,7.25,5,1,6,6,5,0,80.9,0.0
CLG0046,117.0,6.86,6.42,5,0,8,5,3,0,75.9,0.0
CLG0036,119.0,6.48,6.65,4,0,5,7,2,0,78.4,0.0
CLG0062,98.0,5.76,5.5,4,1,10,1,1,0,64.8,0.0
CLG0083,68.0,5.69,5.51,1,0,0,10,5,0,61.89999999999999,0.0
CLG0090,90.0,5.66,5.36,9,1,5,4,3,0,62.6,0.0
CLG0100,119.0,5.57,5.85,9,1,3,6,1,0,70.4,0.0
CLG0026,99.0,6.2,6.35,4,0,4,4,3,0,73.4,0.0
CLG0007,85.0,6.53,6.64,10,0,3,6,1,0,74.89999999999999,0.0
CLG0087,92.0,9.81,9.98,10,1,2,2,5,0,109.00000000000001,0.0
CLG0005,112.0,7.89,7.63,4,1,1,9,2,1,87.5,461200.0
CLG0087,108.0,9.94,9.88,7,0,1,4,5,0,109.60000000000001,0.0
CLG0100,96.0,6.86,6.99,4,0,9,5,4,0,79.5,0.0
CLG0032,94.0,7.29,7.43,1,1,10,7,1,0,83.7,0.0
CLG0079,94.0,6.62,6.91,9,0,3,8,2,0,78.5,0.0
CLG0091,86.0,5.91,5.7,2,1,2,1,0,0,65.6,0.0
CLG0081,124.0,5.72,5.99,5,0,10,7,0,0,72.30000000000001,0.0
CLG0084,95.0,9.73,9.67,4,1,5,10,3,1,106.2,534300.0
CLG0057,118.0,9.93,10.1,8,0,9,9,5,1,112.8,463000.0
CLG0080,122.0,5.22,5.18,6,0,2,2,5,0,64.0,0.0
CLG0062,114.0,5.75,6.2,7,0,2,2,4,0,73.4,0.0
CLG0028,93.0,7.12,6.8,2,0,3,4,3,0,77.3,0.0
CLG0095,106.0,5.93,6.11,4,0,4,1,5,0,71.7,0.0
CLG0080,99.0,6.82,6.9,4,1,10,9,5,0,78.9,0.0
CLG0078,86.0,5.65,5.32,2,0,8,5,1,0,61.800000000000004,0.0
CLG0074,104.0,7.28,6.85,10,1,10,3,4,0,78.9,0.0
CLG0066,82.0,6.36,6.66,4,0,4,6,1,0,74.8,0.0
CLG0097,117.0,6.76,6.42,9,0,0,7,5,0,75.9,0.0
CLG0041,93.0,5.47,5.16,8,1,8,4,2,0,60.900000000000006,0.0
CLG0086,103.0,7.14,7.62,1,0,1,2,4,0,86.5,0.0
CLG0066,104.0,9.92,10.14,8,0,3,5,0,0,111.80000000000001,0.0
CLG0064,96.0,6.64,6.39,9,1,9,7,2,0,73.5,0.0
CLG0007,108.0,9.38,9.47,8,0,5,10,2,1,105.5,432800.0
CLG0041,92.0,9.22,9.25,10,0,8,10,1,0,101.7,0.0
CLG0045,113.0,9.76,10.1,1,1,1,3,3,1,112.3,560500.0
CLG0044,79.0,8.95,9.18,8,0,8,2,5,0,99.7,0.0
CLG0030,101.0,8.3,8.63,5,1,8,2,1,0,96.4,0.0
CLG0038,129.0,9.28,8.99,9,0,0,4,2,1,102.80000000000001,424100.0
CLG0039,84.0,5.38,5.52,9,0,10,4,4,0,63.599999999999994,0.0
CLG0019,89.0,7.31,6.85,6,0,5,5,0,0,77.4,0.0
CLG0047,107.0,9.95,9.52,3,0,5,3,2,0,105.89999999999999,0.0
CLG0038,102.0,8.85,9.06,7,1,8,1,3,0,100.80000000000001,0.0
CLG0017,105.0,9.81,9.33,3,1,5,4,5,0,103.8,0.0
CLG0074,107.0,8.9,8.98,7,0,1,1,3,0,100.50000000000001,0.0
CLG0079,109.0,9.37,9.71,8,0,7,8,5,1,108.00000000000001,442900.00000000006
CLG0069,116.0,8.53,8.41,5,0,0,5,5,1,95.69999999999999,394400.0
CLG0099,106.0,8.8,8.34,5,0,4,2,4,0,94.0,0.0
CLG0004,96.0,7.62,7.83,4,0,9,5,3,0,87.89999999999999,0.0
CLG0035,110.0,9.62,10.05,3,0,2,5,4,0,111.5,0.0
CLG0001,128.0,9.13,9.35,8,0,10,1,3,1,106.3,438000.0
CLG0081,98.0,9.22,9.3,6,0,5,5,1,0,102.8,0.0
CLG0085,85.0,8.37,8.1,6,0,4,8,5,1,89.5,366500.0
CLG0058,116.0,6.52,6.04,2,0,9,10,0,0,72.0,0.0
CLG0022,98.0,5.18,5.37,4,0,3,2,5,0,63.5,0.0
CLG0005,67.0,9.68,9.41,5,0,2,8,0,0,100.8,0.0
CLG0060,112.0,7.93,8.29,10,1,0,8,2,1,94.1,487599.99999999994
CLG0036,91.0,6.49,6.46,5,0,7,1,2,0,73.69999999999999,0.0
CLG0009,98.0,5.75,5.78,3,0,10,4,1,0,67.60000000000001,0.0
CLG0084,104.0,9.15,9.4,10,0,4,5,5,0,104.4,0.0
CLG0057,102.0,9.18,9.46,5,0,7,10,1,0,104.80000000000001,0.0
CLG0078,110.0,9.07,9.21,5,1,8,8,0,0,103.10000000000001,0.0
CLG0084,93.0,8.23,8.67,2,0,7,3,2,0,96.0,0.0
CLG0090,107.0,6.83,7.31,5,0,5,1,2,0,83.8,0.0
CLG0004,96.0,6.52,6.97,3,0,9,7,5,0,79.3,0.0
CLG0051,111.0,5.04,5.36,3,0,7,4,0,0,64.7,0.0
CLG0039,109.0,9.17,9.38,5,0,4,10,4,1,104.70000000000002,429700.00000000006
CLG0084,85.0,5.44,5.6,9,0,8,5,1,0,64.5,0.0
CLG0052,116.0,8.15,7.75,2,1,5,6,2,0,89.1,0.0
CLG0075,91.0,7.52,7.29,9,0,1,4,0,0,82.0,0.0
CLG0071,112.0,7.63,7.14,3,0,6,1,1,0,82.6,0.0
CLG0055,105.0,9.63,9.27,7,1,0,8,5,1,103.19999999999999,523300.0
CLG0031,127.0,5.16,5.1,1,1,9,9,0,0,63.7,0.0
CLG0050,96.0,8.87,8.52,1,1,0,3,5,0,94.79999999999998,0.0
CLG0008,94.0,5.26,5.66,8,0,7,10,4,0,66.0,0.0
CLG0087,99.0,5.19,5.5,9,1,4,4,5,0,64.9,0.0
CLG0015,95.0,7.15,6.72,3,0,10,5,3,0,76.7,0.0
CLG0065,111.0,5.32,5.07,6,1,9,10,2,1,61.800000000000004,358300.0
CLG0010,75.0,8.95,9.27,3,0,8,9,5,1,100.19999999999999,408300.0
CLG0041,84.0,7.65,7.95,6,0,5,5,5,0,87.9,0.0
CLG0088,83.0,5.15,5.6,7,1,0,7,1,0,64.3,0.0
CLG0079,114.0,5.2,5.7,5,1,5,3,0,0,68.4,0.0
CLG0048,125.0,8.06,8.54,3,0,0,1,0,0,97.89999999999999,0.0
CLG0021,98.0,9.03,8.94,8,0,4,6,1,0,99.19999999999999,0.0
CLG0086,97.0,7.19,6.94,5,0,2,10,2,0,79.10000000000001,0.0
CLG0024,101.0,7.77,8.03,1,0,9,1,5,0,90.39999999999999,0.0
CLG0074,117.0,9.0,8.8,9,0,9,6,2,1,99.7,410500.0
CLG0023,86.0,8.05,8.36,3,0,8,8,5,1,92.19999999999999,377400.0
CLG0080,103.0,6.12,6.15,2,1,0,9,0,0,71.8,0.0
CLG0069,114.0,8.07,8.36,3,0,5,8,2,1,95.0,391400.0
CLG0033,107.0,8.14,7.92,7,0,2,5,5,0,89.9,0.0
CLG0036,102.0,8.67,8.68,10,1,8,7,3,0,97.0,0.0
CLG0025,115.0,8.1,8.16,8,0,1,6,4,1,93.1,383900.0
CLG0058,59.0,9.85,10.29,2,0,10,9,4,1,108.8,441099.99999999994
CLG0090,110.0,5.99,5.76,7,0,6,4,3,0,68.6,0.0
CLG0066,90.0,9.76,10.2,5,1,8,8,2,1,111.0,553000.0
CLG0098,72.0,7.69,7.99,9,1,2,9,5,0,87.10000000000001,0.0
CLG0031,107.0,8.36,8.59,7,1,2,7,0,0,96.60000000000001,0.0
CLG0044,120.0,5.5,5.79,1,0,2,7,2,0,69.9,0.0
CLG0063,97.0,6.9,7.01,1,1,0,2,1,0,79.8,0.0
CLG0045,114.0,8.85,8.59,6,1,8,9,1,1,97.30000000000001,500600.0
CLG0083,124.0,8.53,8.22,9,1,8,5,2,1,94.60000000000001,490800.0
CLG0082,119.0,5.2,5.57,1,0,5,10,3,1,67.60000000000001,282300.0
CLG0050,124.0,7.73,7.96,3,0,8,3,1,0,92.0,0.0
CLG0067,111.0,5.44,5.15,5,0,8,4,5,0,62.6,0.0
CLG0071,101.0,9.98,10.1,4,0,0,10,4,1,111.1,454500.0
CLG0087,75.0,9.49,9.44,1,0,2,2,0,0,101.89999999999999,0.0
CLG0001,96.0,5.11,4.77,10,0,2,3,3,0,57.3,0.0
CLG0071,87.0,9.29,9.32,4,0,0,6,1,0,101.9,0.0
CLG0086,132.0,9.6,9.38,4,0,5,1,0,0,107.00000000000001,0.0
CLG0067,97.0,6.77,6.37,10,0,3,2,5,0,73.4,0.0
CLG0083,101.0,8.6,8.57,4,0,7,4,4,0,95.8,0.0
CLG0094,108.0,7.21,7.3,3,0,5,1,1,0,83.8,0.0
CLG0009,100.0,8.28,7.83,7,1,3,6,1,0,88.3,0.0
CLG0099,125.0,6.7,6.6,1,0,4,4,0,0,78.5,0.0
CLG0035,90.0,6.61,6.37,2,1,1,2,0,0,72.7,0.0
CLG0013,102.0,7.12,6.65,1,1,9,10,2,0,76.7,0.0
CLG0026,88.0,5.73,5.36,4,1,0,4,1,0,62.400000000000006,0.0
CLG0045,80.0,9.16,8.8,5,0,6,8,4,1,96.0,392000.0
CLG0051,90.0,6.74,6.42,10,1,9,6,0,0,73.2,0.0
CLG0092,99.0,7.0,7.3,5,1,2,1,3,0,82.9,0.0
CLG0025,93.0,9.47,9.41,2,1,2,5,1,0,103.39999999999999,0.0
CLG0056,89.0,7.48,7.13,3,1,5,6,3,0,80.2,0.0
CLG0039,78.0,7.72,7.32,4,0,2,4,1,0,81.0,0.0
CLG0003,98.0,9.78,9.58,10,0,6,4,0,0,105.6,0.0
CLG0075,77.0,9.43,9.73,6,0,6,3,2,0,105.00000000000001,0.0
CLG0094,111.0,5.85,5.71,6,0,4,10,1,0,68.2,0.0
CLG0053,101.0,7.37,7.03,2,0,0,10,5,0,80.39999999999999,0.0
CLG0033,78.0,9.86,9.76,2,0,8,6,0,0,105.39999999999999,0.0
CLG0062,95.0,6.86,6.92,9,1,1,9,0,0,78.7,0.0
CLG0098,88.0,6.86,6.39,2,0,3,7,0,0,72.7,0.0
CLG0067,104.0,5.98,6.11,2,0,9,9,3,0,71.5,0.0
CLG0069,120.0,5.57,5.47,3,0,9,6,0,0,66.69999999999999,0.0
CLG0095,71.0,8.7,8.21,9,0,1,2,3,0,89.2,0.0
CLG0004,101.0,8.85,9.02,6,0,0,6,4,0,100.29999999999998,0.0
CLG0072,97.0,9.85,10.06,6,0,0,7,5,0,110.30000000000001,0.0
CLG0059,110.0,8.87,9.0,10,1,0,2,5,0,101.0,0.0
CLG0017,103.0,6.22,6.06,5,0,6,1,5,0,70.89999999999999,0.0
CLG0022,88.0,5.2,5.23,7,1,10,6,2,0,61.10000000000001,0.0
CLG0038,95.0,9.93,9.82,4,0,8,8,5,1,107.7,440300.0
CLG0088,88.0,6.7,6.9,10,0,0,6,0,0,77.8,0.0
CLG0031,116.0,6.56,6.64,10,0,9,8,4,1,77.99999999999999,323600.0
CLG0049,100.0,9.53,9.11,3,1,5,6,0,0,101.1,0.0
CLG0052,128.0,7.93,8.07,7,0,10,6,4,1,93.5,386800.0
CLG0089,99.0,6.07,6.26,10,0,4,8,5,0,72.5,0.0
CLG0038,89.0,9.45,9.32,1,1,2,3,0,0,102.10000000000001,0.0
CLG0096,77.0,9.97,10.35,6,1,1,3,2,0,111.2,0.0
CLG0049,72.0,5.43,5.77,2,1,1,6,0,0,64.89999999999999,0.0
CLG0090,76.0,9.31,8.99,2,0,1,4,3,0,97.5,0.0
CLG0100,104.0,6.95,7.35,8,1,6,7,0,0,83.9,0.0
CLG0027,107.0,7.62,7.56,3,0,3,7,1,0,86.3,0.0
CLG0023,76.0,9.57,9.79,9,0,6,9,3,1,105.49999999999999,429599.99999999994
CLG0084,113.0,9.87,10.18,4,0,9,2,4,1,113.1,463700.0
CLG0027,92.0,6.31,6.32,6,0,0,2,5,0,72.4,0.0
CLG0081,102.0,6.06,5.96,1,0,9,6,5,0,69.8,0.0
CLG0014,124.0,5.4,5.82,10,1,3,9,0,0,70.60000000000001,0.0
CLG0003,113.0,7.81,7.54,10,1,8,7,5,0,86.7,0.0
CLG0027,95.0,5.07,4.83,3,1,6,6,5,0,57.8,0.0
CLG0062,86.0,7.06,6.92,4,1,9,5,5,0,77.8,0.0
CLG0014,67.0,5.37,5.73,5,0,5,8,0,0,64.0,0.0
CLG0092,89.0,7.03,7.47,1,0,6,2,0,0,83.60000000000001,0.0
CLG0044,96.0,5.2,4.92,4,0,1,3,1,0,58.800000000000004,0.0
CLG0025,85.0,9.18,9.54,5,0,0,6,2,0,103.89999999999999,0.0
CLG0061,98.0,6.05,5.81,4,1,9,1,2,0,67.89999999999999,0.0
CLG0075,101.0,6.64,7.11,10,0,8,8,3,0,81.2,0.0
CLG0052,96.0,9.35,9.45,10,0,1,9,3,1,104.1,426000.0
CLG0012,90.0,8.73,8.24,7,0,1,2,1,0,91.4,0.0
CLG0097,102.0,6.1,5.63,8,1,2,9,5,0,66.5,0.0
CLG0084,106.0,5.36,5.01,8,0,2,5,1,0,60.699999999999996,0.0
CLG0034,83.0,8.58,8.27,3,0,2,8,1,0,90.99999999999999,0.0
CLG0023,121.0,6.95,7.22,5,0,3,1,4,0,84.3,0.0
CLG0019,98.0,8.83,8.55,10,1,10,1,5,0,95.3,0.0
CLG0100,100.0,7.23,7.7,8,0,0,4,5,0,87.0,0.0
CLG0001,110.0,6.73,6.87,7,1,10,1,1,0,79.7,0.0
CLG0074,103.0,7.26,7.45,9,1,0,1,1,0,84.8,0.0
CLG0065,114.0,8.74,8.46,10,0,3,5,1,0,96.00000000000001,0.0
CLG0005,104.0,9.51,9.9,7,0,0,2,1,0,109.4,0.0
CLG0057,90.0,5.25,5.42,2,0,3,4,5,0,63.2,0.0
CLG0022,105.0,7.62,7.98,4,0,1,8,2,0,90.30000000000001,0.0
CLG0043,82.0,5.16,5.62,8,0,6,6,0,0,64.4,0.0
CLG0002,101.0,7.34,6.97,9,1,5,2,0,0,79.8,0.0
CLG0073,99.0,9.43,9.03,7,0,1,3,2,0,100.2,0.0
CLG0007,96.0,6.81,7.11,5,0,1,2,1,0,80.7,0.0
CLG0021,98.0,9.66,10.03,1,1,0,4,5,0,110.1,0.0
CLG0071,71.0,8.15,8.23,9,0,3,5,4,0,89.4,0.0
CLG0059,91.0,9.67,9.54,6,1,1,9,4,1,104.49999999999999,527100.0
CLG0009,101.0,8.79,8.94,2,0,4,7,3,0,99.49999999999999,0.0
CLG0040,102.0,5.52,5.33,10,1,3,8,0,0,63.5,0.0
CLG0073,84.0,6.16,5.9,10,0,0,7,3,0,67.4,0.0
CLG0049,118.0,6.97,6.96,2,0,4,10,1,0,81.39999999999999,0.0
CLG0012,87.0,5.85,5.57,10,1,4,8,3,0,64.4,0.0
CLG0100,114.0,7.47,7.45,1,0,4,5,1,0,85.9,0.0
CLG0073,106.0,7.36,7.82,4,1,1,3,3,0,88.8,0.0
CLG0010,90.0,9.78,10.12,10,0,3,7,2,0,110.19999999999999,0.0
CLG0074,126.0,7.17,7.61,2,0,4,1,5,0,88.7,0.0
CLG0017,82.0,8.93,9.24,10,1,10,3,1,0,100.60000000000001,0.0
CLG0004,113.0,9.71,9.56,9,0,10,7,4,1,106.9,438900.0
CLG0064,115.0,9.38,9.69,2,0,5,4,1,0,108.39999999999999,0.0
CLG0016,89.0,6.04,6.46,9,0,6,7,4,0,73.5,0.0
CLG0049,120.0,7.48,7.93,1,0,9,10,5,1,91.3,377200.0
CLG0100,96.0,6.74,6.92,7,0,10,10,4,0,78.8,0.0
CLG0027,104.0,7.0,6.71,6,0,2,6,3,0,77.5,0.0
CLG0006,103.0,6.8,6.34,6,0,2,4,0,0,73.7,0.0
CLG0009,97.0,9.13,8.78,2,0,9,7,0,0,97.5,0.0
CLG0058,112.0,7.26,7.73,1,1,1,8,0,0,88.50000000000001,0.0
CLG0032,111.0,7.62,7.58,10,0,8,8,4,1,86.89999999999999,358700.0
CLG0038,73.0,9.91,10.26,8,1,0,7,0,0,109.89999999999999,0.0
CLG0030,119.0,5.3,5.27,8,1,2,2,1,0,64.6,0.0
CLG0078,75.0,7.44,7.6,2,0,2,8,1,0,83.5,0.0
CLG0045,115.0,8.87,8.39,4,1,7,5,5,1,95.4,493100.0
CLG0029,116.0,5.76,5.51,4,1,5,9,1,0,66.69999999999999,0.0
CLG0092,83.0,8.06,8.0,2,1,2,6,5,0,88.3,0.0
CLG0022,93.0,6.2,6.33,9,0,0,4,4,0,72.6,0.0
CLG0031,83.0,9.34,9.01,4,1,2,9,4,1,98.39999999999999,501900.0
CLG0081,96.0,6.64,6.9,4,1,3,1,0,0,78.6,0.0
CLG0017,95.0,6.65,6.51,4,0,0,4,5,0,74.6,0.0
CLG0054,111.0,7.99,8.31,5,0,2,5,3,1,94.2,387900.0
CLG0079,119.0,5.92,5.52,10,0,3,4,4,0,67.1,0.0
CLG0047,120.0,6.42,6.6,8,0,6,9,2,1,78.0,324000.0
CLG0032,91.0,7.08,6.87,4,0,3,1,1,0,77.8,0.0
CLG0028,96.0,6.77,7.07,3,0,0,3,1,0,80.3,0.0
CLG0011,74.0,7.62,7.52,1,1,8,9,0,0,82.6,0.0
CLG0039,87.0,8.0,8.17,2,0,5,7,3,0,90.4,0.0
CLG0017,114.0,7.83,8.26,4,0,8,5,1,0,94.0,0.0
CLG0076,124.0,8.27,7.79,9,1,6,6,4,0,90.30000000000001,0.0
CLG0039,81.0,6.54,6.05,1,0,3,4,3,0,68.6,0.0
CLG0073,91.0,5.63,5.9,6,0,0,5,1,0,68.1,0.0
CLG0025,99.0,8.8,8.95,6,0,6,8,0,0,99.4,0.0
CLG0026,104.0,9.25,9.04,10,0,8,5,0,0,100.8,0.0
CLG0068,87.0,6.29,6.28,3,1,5,10,0,0,71.5,0.0
CLG0062,106.0,7.04,6.58,10,0,0,2,4,0,76.39999999999999,0.0
CLG0019,92.0,7.49,7.18,9,0,8,8,0,0,81.0,0.0
CLG0013,99.0,7.67,7.59,10,0,6,3,2,0,85.80000000000001,0.0
CLG0029,108.0,8.3,8.63,3,0,0,5,4,0,97.10000000000001,0.0
CLG0054,100.0,5.21,5.19,1,1,3,6,2,0,61.900000000000006,0.0
CLG0073,93.0,8.61,8.7,2,0,4,1,0,0,96.3,0.0
CLG0042,98.0,5.31,5.68,4,1,1,3,3,0,66.6,0.0
CLG0062,98.0,7.34,7.15,4,0,2,1,4,0,81.3,0.0
CLG0071,94.0,9.14,9.34,2,0,1,7,2,0,102.80000000000001,0.0
CLG0071,96.0,7.26,7.62,10,1,3,2,4,0,85.8,0.0
CLG0021,123.0,5.75,5.45,6,1,6,10,2,1,66.8,379500.0
CLG0009,108.0,9.93,9.79,6,1,4,7,5,0,108.69999999999999,0.0
CLG0045,95.0,9.45,9.93,3,0,6,3,4,0,108.8,0.0
CLG0027,110.0,8.86,9.34,1,1,0,3,1,0,104.4,0.0
CLG0048,94.0,7.06,6.78,10,0,2,1,2,0,77.2,0.0
CLG0085,117.0,5.92,5.49,9,0,1,7,2,0,66.60000000000001,0.0
CLG0069,105.0,9.71,9.48,4,0,0,8,4,1,105.30000000000001,431700.0
CLG0005,98.0,7.66,7.56,9,1,4,4,3,0,85.39999999999999,0.0
CLG0072,106.0,9.26,9.2,5,0,2,9,1,0,102.6,0.0
CLG0015,76.0,6.71,6.83,7,0,7,4,2,0,75.89999999999999,0.0
CLG0077,83.0,6.68,7.08,3,1,4,10,0,0,79.1,0.0
CLG0097,82.0,9.93,9.76,3,0,4,5,0,0,105.8,0.0
CLG0044,102.0,7.61,7.96,8,0,6,6,5,0,89.8,0.0
CLG0047,125.0,5.7,5.29,1,0,7,9,4,1,65.4,274100.0
CLG0032,133.0,6.1,5.64,8,0,0,9,3,1,69.7,292100.0
CLG0036,109.0,7.41,7.41,8,0,4,8,1,0,85.0,0.0
CLG0049,107.0,5.21,4.77,3,1,8,10,2,0,58.39999999999999,0.0
CLG0053,72.0,7.31,7.2,1,0,10,2,0,0,79.2,0.0
CLG0023,91.0,7.09,7.49,9,1,8,10,2,0,84.0,0.0
CLG0034,88.0,8.9,8.64,4,1,6,10,0,0,95.2,0.0
CLG0018,90.0,6.77,6.98,7,1,3,1,4,0,78.80000000000001,0.0
CLG0012,97.0,9.91,9.71,9,0,1,2,4,0,106.80000000000001,0.0
CLG0087,92.0,5.9,5.44,3,1,4,6,2,0,63.60000000000001,0.0
CLG0002,70.0,7.95,8.01,5,1,3,7,4,0,87.1,0.0
CLG0027,111.0,5.45,5.78,10,1,0,6,1,0,68.9,0.0
CLG0050,83.0,8.67,8.58,3,0,6,1,5,0,94.1,0.0
CLG0031,103.0,9.97,10.09,5,0,2,1,4,0,111.2,0.0
CLG0048,131.0,9.1,9.5,2,0,5,1,1,0,108.1,0.0
CLG0086,86.0,7.78,8.07,4,0,4,1,4,0,89.3,0.0
CLG0069,62.0,7.42,7.11,2,1,3,10,2,0,77.30000000000001,0.0
CLG0017,95.0,9.18,9.41,3,1,2,10,1,0,103.6,0.0
CLG0043,116.0,9.68,9.68,5,1,8,1,5,1,108.39999999999999,545200.0
CLG0071,129.0,9.95,10.2,9,1,4,2,5,1,114.9,572500.0
CLG0018,81.0,6.98,6.97,3,0,9,2,5,0,77.8,0.0
CLG0066,107.0,9.95,9.58,10,0,6,4,3,0,106.5,0.0
CLG0031,93.0,5.78,5.85,6,1,3,3,5,0,67.8,0.0
CLG0063,98.0,6.27,6.26,4,1,0,4,2,0,72.39999999999999,0.0
CLG0028,139.0,5.45,5.47,4,1,1,5,1,0,68.6,0.0
CLG0067,77.0,6.36,6.74,10,0,9,4,0,0,75.10000000000001,0.0
CLG0009,103.0,8.84,9.23,10,1,4,3,5,0,102.60000000000001,0.0
CLG0097,107.0,9.26,9.21,5,0,7,3,0,0,102.80000000000001,0.0
CLG0028,116.0,8.89,8.85,7,1,7,4,3,1,100.1,512000.0
CLG0092,101.0,8.16,8.18,4,0,7,6,0,0,91.89999999999999,0.0
CLG0018,104.0,7.57,7.59,8,0,8,7,2,0,86.30000000000001,0.0
CLG0015,94.0,8.54,8.99,9,1,1,4,5,0,99.30000000000001,0.0
CLG0075,104.0,6.95,7.1,9,0,3,8,1,0,81.4,0.0
CLG0089,94.0,9.21,8.99,9,0,10,6,5,0,99.30000000000001,0.0
CLG0005,109.0,8.39,8.42,2,0,9,5,2,0,95.10000000000001,0.0
CLG0041,94.0,8.49,8.62,3,0,5,8,4,1,95.6,391799.99999999994
CLG0091,105.0,7.68,7.82,5,0,5,6,4,0,88.7,0.0
CLG0076,99.0,9.43,9.52,1,0,4,1,0,0,105.1,0.0
CLG0074,116.0,6.26,5.94,4,0,1,1,3,0,71.0,0.0
CLG0073,99.0,6.91,6.44,5,0,7,10,3,0,74.30000000000001,0.0
CLG0066,73.0,8.89,8.73,9,1,0,10,5,1,94.60000000000001,485700.0
CLG0073,118.0,7.46,7.39,8,0,0,6,4,0,85.69999999999999,0.0
CLG0051,86.0,9.45,9.01,1,0,0,8,3,1,98.69999999999999,403400.0
CLG0016,90.0,6.73,7.04,3,0,8,9,3,0,79.4,0.0
CLG0065,91.0,6.85,6.69,3,1,4,4,0,0,76.0,0.0
CLG0085,120.0,9.44,9.85,6,1,1,7,5,1,110.5,554000.0
CLG0057,67.0,7.32,6.97,4,0,10,9,2,0,76.4,0.0
CLG0037,141.5,7.58,7.14,4,0,0,8,2,1,85.55,356350.0
CLG0039,115.0,6.66,6.64,1,1,3,8,1,0,77.89999999999999,0.0
CLG0065,103.0,6.38,6.07,10,1,10,1,2,0,71.0,0.0
CLG0049,99.0,8.28,8.72,4,0,1,10,2,1,97.10000000000001,398300.0
CLG0047,104.0,5.6,5.11,1,1,2,6,0,0,61.5,0.0
CLG0040,107.0,9.4,9.31,5,0,1,9,5,1,103.80000000000001,425900.0
CLG0014,109.0,8.9,9.33,3,1,7,8,0,0,104.2,0.0
CLG0040,108.0,5.95,5.83,10,1,2,2,5,0,69.1,0.0
CLG0048,101.0,8.47,8.06,5,1,1,5,2,0,90.7,0.0
CLG0032,97.0,8.01,7.81,3,1,5,4,1,0,87.8,0.0
CLG0088,97.0,5.92,5.92,5,0,6,8,2,0,68.9,0.0
CLG0039,97.0,6.37,6.06,4,1,8,9,5,0,70.3,0.0
CLG0033,117.0,7.04,7.01,9,1,10,3,2,0,81.8,0.0
CLG0030,108.0,8.5,8.84,6,0,9,9,4,1,99.2,407600.0
CLG0026,57.5,8.19,8.56,10,1,3,1,5,0,91.35000000000001,0.0
CLG0043,109.0,7.66,7.21,2,1,4,7,1,0,83.0,0.0
CLG0055,102.0,8.84,8.5,1,1,10,8,5,1,95.2,491000.0
CLG0044,99.0,8.79,8.57,1,0,5,6,2,0,95.60000000000001,0.0
CLG0078,94.0,8.09,8.18,1,0,2,4,0,0,91.2,0.0
CLG0076,116.0,8.93,8.79,9,0,2,4,5,1,99.49999999999999,409599.99999999994
CLG0003,114.0,6.67,7.01,5,0,2,7,2,0,81.5,0.0
CLG0007,88.0,9.41,9.63,4,0,4,10,3,1,105.10000000000001,429200.00000000006
CLG0085,106.0,8.07,7.67,10,0,10,6,4,0,87.3,0.0
CLG0058,85.0,9.11,9.23,5,0,5,4,4,0,100.80000000000001,0.0
CLG0091,79.0,7.73,7.34,9,1,8,5,4,0,81.30000000000001,0.0
CLG0010,90.0,6.09,5.85,3,0,8,10,1,0,67.5,0.0
CLG0010,112.0,7.71,7.39,3,0,4,4,5,0,85.1,0.0
CLG0100,114.0,6.86,6.53,2,1,7,1,4,0,76.7,0.0
CLG0081,107.0,8.49,8.61,8,1,6,4,2,0,96.8,0.0
CLG0042,110.0,7.38,7.44,7,0,3,6,1,0,85.4,0.0
CLG0034,107.0,9.18,8.86,2,1,0,2,3,0,99.3,0.0
CLG0082,90.0,8.39,8.88,4,0,2,7,0,0,97.80000000000001,0.0
CLG0026,106.0,8.42,8.34,7,1,10,9,4,1,94.0,486600.0
CLG0060,112.0,6.09,5.69,1,0,9,10,2,1,68.10000000000001,283600.0
CLG0002,111.0,9.92,9.54,1,1,4,2,1,0,106.49999999999999,0.0
CLG0073,117.0,9.21,9.29,8,0,9,7,5,1,104.6,430099.99999999994
CLG0045,110.0,8.95,9.43,6,0,2,2,5,0,105.3,0.0
CLG0005,105.0,6.65,6.72,2,0,10,9,2,0,77.7,0.0
CLG0026,116.0,7.68,8.13,10,0,3,1,5,1,92.9,383200.00000000006
CLG0079,99.0,5.69,5.63,10,0,8,4,4,0,66.2,0.0
CLG0025,86.0,7.69,7.63,1,0,8,2,0,0,84.89999999999999,0.0
CLG0026,97.0,5.73,5.73,3,1,10,1,1,0,67.0,0.0
CLG0092,88.0,7.77,7.97,4,1,8,2,2,0,88.5,0.0
CLG0087,89.0,8.24,8.11,5,1,8,10,1,0,90.0,0.0
CLG0085,97.0,6.95,7.31,10,1,0,6,4,0,82.8,0.0
CLG0022,88.0,7.49,7.02,3,0,8,5,5,0,78.99999999999999,0.0
CLG0019,95.0,9.38,9.32,5,0,10,1,4,0,102.7,0.0
CLG0010,71.0,5.54,5.55,7,0,10,3,3,0,62.6,0.0
CLG0042,103.0,8.96,9.07,9,0,1,10,3,1,101.0,414300.0
CLG0100,100.0,5.85,5.63,5,0,7,6,4,0,66.3,0.0
CLG0031,87.0,5.18,5.11,4,1,8,5,1,0,59.8,0.0
CLG0031,109.0,5.93,5.91,10,0,7,6,2,0,70.0,0.0
CLG0099,114.0,8.83,9.02,9,1,8,8,2,1,101.6,517800.0
CLG0075,75.0,7.03,7.3,8,0,4,6,1,0,80.5,0.0
CLG0081,88.0,9.36,9.6,5,0,9,5,0,0,104.8,0.0
CLG0097,88.0,7.62,7.46,9,0,6,4,1,0,83.39999999999999,0.0
CLG0086,85.0,5.11,5.61,9,0,10,5,4,0,64.6,0.0
CLG0090,112.0,8.58,8.93,1,1,2,9,4,1,100.5,513200.0
CLG0036,97.0,5.55,5.31,6,0,3,10,3,0,62.8,0.0
CLG0066,96.0,8.95,8.65,5,0,3,6,2,0,96.1,0.0
CLG0032,69.0,5.84,5.65,6,1,9,5,3,0,63.4,0.0
CLG0067,109.0,6.73,6.68,10,1,3,8,2,0,77.7,0.0
CLG0063,81.0,8.81,9.16,3,1,10,5,1,0,99.69999999999999,0.0
CLG0023,100.0,9.77,10.05,3,0,7,5,0,0,110.5,0.0
CLG0050,104.0,6.86,7.21,10,0,1,8,5,0,82.5,0.0
CLG0065,120.0,9.15,8.92,5,1,1,9,2,1,101.2,516800.0
CLG0069,80.0,5.95,6.04,7,0,4,8,0,0,68.4,0.0
CLG0044,57.5,9.04,8.82,4,1,5,9,0,0,93.95,0.0
CLG0058,102.0,8.29,7.9,6,1,3,9,0,0,89.2,0.0
CLG0057,127.0,5.96,6.14,5,1,6,8,1,0,74.1,0.0
CLG0037,118.0,6.51,6.15,2,0,9,7,0,0,73.3,0.0
CLG0065,103.0,5.66,5.83,1,0,3,7,0,0,68.6,0.0
CLG0018,92.0,6.91,7.06,6,0,7,1,4,0,79.8,0.0
CLG0005,112.0,6.02,6.33,5,0,1,7,4,0,74.5,0.0
CLG0082,85.0,8.22,7.86,9,1,9,10,2,0,87.10000000000001,0.0
CLG0099,107.0,9.97,10.25,7,1,3,6,4,0,113.2,0.0
CLG0096,107.0,5.06,5.56,1,1,10,1,2,0,66.3,0.0
CLG0026,115.0,7.7,8.05,10,1,6,10,0,1,92.0,479500.0
CLG0033,141.0,7.87,8.12,6,0,4,10,4,1,95.29999999999998,395299.99999999994
CLG0042,105.0,9.57,9.73,7,0,9,8,3,1,107.80000000000001,441700.0
CLG0088,92.0,7.53,7.45,3,1,10,9,5,0,83.7,0.0
CLG0027,99.0,7.72,7.95,9,1,1,2,5,0,89.4,0.0
CLG0054,73.0,7.36,7.58,2,1,2,4,1,0,83.1,0.0
CLG0083,89.0,6.34,6.47,1,0,3,7,4,0,73.60000000000001,0.0
CLG0082,93.0,5.28,5.58,10,0,4,1,1,0,65.1,0.0
CLG0079,92.0,7.04,6.99,10,0,6,8,5,0,79.10000000000001,0.0
CLG0091,102.0,5.26,4.88,9,0,2,9,4,0,59.0,0.0
CLG0075,87.0,7.75,7.81,7,1,8,8,5,0,86.8,0.0
CLG0024,116.0,6.54,6.31,10,0,9,2,4,0,74.69999999999999,0.0
CLG0003,100.0,7.67,7.55,1,0,2,8,3,0,85.5,0.0
CLG0039,99.0,5.67,5.19,4,0,4,8,0,0,61.800000000000004,0.0
CLG0071,95.0,9.66,9.54,10,1,4,2,2,0,104.89999999999999,0.0
CLG0012,102.0,9.47,9.78,3,0,6,9,4,1,108.0,442200.0
CLG0033,112.0,5.95,5.99,7,0,5,1,4,0,71.10000000000001,0.0
CLG0022,86.0,6.72,6.23,5,0,10,7,1,0,70.9,0.0
CLG0035,90.0,8.07,8.04,9,1,2,2,0,0,89.39999999999999,0.0
CLG0014,95.0,5.48,5.27,3,1,0,8,4,0,62.199999999999996,0.0
CLG0026,79.0,6.77,6.75,6,0,5,8,4,0,75.4,0.0
CLG0083,87.0,6.26,6.16,10,0,10,4,2,0,70.3,0.0
CLG0085,92.0,9.58,10.01,2,0,5,8,5,1,109.3,446400.0
CLG0054,113.0,9.26,8.8,3,0,3,5,0,0,99.3,0.0
CLG0041,103.0,7.9,8.08,4,1,1,9,0,0,91.1,0.0
CLG0045,102.0,7.6,7.95,6,0,8,1,5,0,89.7,0.0
CLG0031,112.0,9.65,10.11,1,1,5,5,4,1,112.3,560400.0
CLG0069,97.0,9.66,9.34,6,0,0,9,0,0,103.10000000000001,0.0
CLG0099,105.0,9.85,9.88,4,1,7,6,0,0,109.30000000000001,0.0
CLG0017,98.0,5.63,5.17,8,0,9,4,2,0,61.5,0.0
CLG0060,103.0,5.8,5.8,9,1,6,1,3,0,68.3,0.0
CLG0096,91.0,8.38,8.01,8,0,10,10,5,1,89.19999999999999,365900.0
CLG0004,63.0,7.71,8.05,8,1,10,6,5,0,86.8,0.0
CLG0010,97.0,5.09,4.7,2,0,5,7,2,0,56.7,0.0
CLG0094,121.0,5.31,5.32,10,1,10,7,3,0,65.3,0.0
CLG0009,113.0,9.44,9.46,2,0,10,9,2,1,105.9,434900.00000000006
CLG0061,114.0,9.34,9.81,6,0,0,4,5,1,109.50000000000001,449400.0
CLG0090,118.0,6.79,6.94,5,1,9,4,5,0,81.2,0.0
CLG0022,101.0,9.46,9.25,6,1,4,5,4,0,102.6,0.0
CLG0021,102.0,7.97,7.71,9,0,3,9,2,0,87.3,0.0
CLG0023,90.0,9.03,8.66,10,1,6,2,0,0,95.6,0.0
CLG0061,95.0,7.14,7.4,7,1,1,4,0,0,83.5,0.0
CLG0012,109.0,5.57,5.76,5,0,0,9,1,0,68.5,0.0
CLG0095,118.0,7.17,7.28,10,0,6,6,4,0,84.6,0.0
CLG0017,97.0,7.29,6.83,7,1,7,6,0,0,78.0,0.0
CLG0055,93.0,7.75,8.01,8,0,4,7,4,0,89.39999999999999,0.0
CLG0021,100.0,5.53,5.67,1,0,7,5,2,0,66.7,0.0
CLG0054,109.0,9.96,10.42,10,0,3,4,0,0,115.10000000000001,0.0
CLG0047,78.0,6.22,6.31,7,0,7,3,4,0,70.89999999999999,0.0
CLG0041,65.0,5.99,5.79,4,0,10,2,2,0,64.4,0.0
CLG0097,91.0,7.63,7.51,5,0,2,7,5,0,84.19999999999999,0.0
CLG0015,81.0,7.69,7.37,2,0,6,5,3,0,81.8,0.0
CLG0096,92.0,7.2,7.42,10,1,5,1,1,0,83.4,0.0
CLG0059,97.0,8.86,9.07,5,1,0,4,2,0,100.4,0.0
CLG0099,93.0,7.58,7.28,9,0,4,9,5,0,82.1,0.0
CLG0015,121.0,8.05,7.71,1,0,10,8,3,1,89.19999999999999,368900.0
CLG0029,104.0,8.62,8.2,3,0,3,7,4,0,92.4,0.0
CLG0011,104.0,5.13,5.54,4,0,5,5,3,0,65.8,0.0
CLG0029,109.0,7.85,7.58,9,0,8,1,0,0,86.7,0.0
CLG0086,82.0,9.42,9.26,2,1,3,5,5,0,100.8,0.0
CLG0090,115.0,5.09,4.87,7,1,1,8,5,1,60.2,352300.0
CLG0082,98.0,7.03,6.94,9,0,7,4,4,0,79.2,0.0
CLG0089,110.0,9.63,9.84,10,0,0,5,1,0,109.4,0.0
CLG0085,83.0,6.77,7.14,4,1,5,8,1,0,79.69999999999999,0.0
CLG0088,76.0,7.29,6.97,5,0,3,5,4,0,77.3,0.0
CLG0056,112.0,9.91,10.1,10,0,5,4,0,0,112.2,0.0
CLG0092,105.0,6.0,5.85,4,0,2,4,4,0,69.0,0.0
CLG0053,86.0,5.33,5.81,7,1,8,6,4,0,66.69999999999999,0.0
CLG0003,86.0,9.3,9.1,8,0,2,10,5,1,99.6,407000.0
CLG0013,116.0,9.34,8.85,8,0,2,1,4,1,100.1,412000.0
CLG0038,82.0,7.36,7.38,3,1,4,4,2,0,82.0,0.0
CLG0070,124.0,7.57,7.22,2,1,6,1,1,0,84.60000000000001,0.0
CLG0011,86.0,9.18,8.72,6,1,5,6,1,0,95.8,0.0
CLG0023,109.0,8.69,8.89,1,0,6,8,0,0,99.80000000000001,0.0
CLG0073,95.0,6.33,6.56,9,0,8,4,1,0,75.1,0.0
CLG0056,109.0,5.08,5.04,7,0,2,8,0,0,61.3,0.0
CLG0017,91.0,7.4,7.58,8,0,4,2,5,0,84.89999999999999,0.0
CLG0009,97.0,9.29,9.33,7,1,4,5,0,0,103.0,0.0
CLG0083,100.0,9.48,9.61,5,0,2,3,1,0,106.1,0.0
CLG0099,84.0,9.78,9.88,5,0,10,7,4,0,107.20000000000002,0.0
CLG0096,111.0,9.4,9.57,7,0,9,9,4,1,106.8,438300.0
CLG0092,92.0,7.9,7.6,7,1,8,1,2,0,85.2,0.0
CLG0028,96.0,7.22,6.99,2,1,8,8,0,0,79.5,0.0
CLG0079,85.0,8.87,8.81,2,0,5,4,3,0,96.60000000000001,0.0
CLG0019,61.0,8.7,8.65,7,0,4,10,3,1,92.6,376500.0
CLG0097,97.0,7.69,7.96,5,1,3,5,5,0,89.3,0.0
CLG0087,136.0,5.44,5.31,2,0,3,1,1,0,66.69999999999999,0.0
CLG0092,111.0,9.63,9.29,1,1,4,5,1,0,103.99999999999999,0.0
CLG0004,99.0,7.28,7.03,9,0,1,9,3,0,80.2,0.0
CLG0047,96.0,6.82,6.53,8,0,7,8,2,0,74.89999999999999,0.0
CLG0047,100.0,8.15,8.38,2,1,6,8,5,1,93.80000000000001,485200.00000000006
CLG0031,108.0,8.37,8.34,2,1,6,6,0,0,94.2,0.0
CLG0099,82.0,6.05,6.26,3,1,0,9,0,0,70.8,0.0
CLG0005,116.0,9.18,9.1,4,1,7,4,5,1,102.6,522000.0
CLG0033,110.0,6.45,6.84,9,1,10,6,1,0,79.4,0.0
CLG0048,110.0,5.93,6.41,6,0,0,3,5,0,75.1,0.0
CLG0032,106.0,7.03,7.2,3,1,8,2,1,0,82.6,0.0
CLG0079,100.0,8.65,9.01,8,0,5,9,5,1,100.1,410400.0
CLG0059,110.0,9.83,9.84,6,1,7,5,4,0,109.4,0.0
CLG0098,108.0,9.05,9.48,8,1,0,2,2,0,105.60000000000001,0.0
CLG0064,94.0,9.7,10.03,10,1,5,5,0,0,109.7,0.0
CLG0047,91.0,5.7,6.19,2,0,0,6,4,0,71.0,0.0
CLG0009,101.0,5.36,5.48,8,1,2,8,3,0,64.9,0.0
CLG0035,123.0,7.79,8.07,5,0,1,5,4,1,93.0,384300.0
CLG0047,81.0,6.45,6.49,10,1,1,2,5,0,73.0,0.0
CLG0088,77.0,9.14,8.9,4,0,3,7,3,0,96.7,0.0
CLG0082,102.0,8.36,8.21,3,0,6,5,3,0,92.30000000000001,0.0
CLG0017,100.0,9.85,10.24,9,0,2,2,0,0,112.4,0.0
CLG0001,102.0,6.27,5.83,10,0,6,6,4,0,68.5,0.0
CLG0055,103.0,7.43,7.52,7,1,8,7,0,0,85.49999999999999,0.0
CLG0011,96.0,7.51,7.38,7,0,3,8,2,0,83.39999999999999,0.0
CLG0033,122.0,6.2,6.09,6,0,6,3,2,0,73.1,0.0
CLG0070,75.0,7.95,8.33,9,1,0,4,2,0,90.8,0.0
CLG0056,87.0,7.22,7.57,3,1,1,6,2,0,84.4,0.0
CLG0064,98.0,7.23,7.33,1,0,7,3,3,0,83.1,0.0
CLG0093,75.0,6.81,6.58,7,1,2,6,5,0,73.3,0.0
CLG0058,97.0,5.08,5.06,9,0,4,9,2,0,60.3,0.0
CLG0020,124.0,7.61,7.52,6,1,7,5,0,0,87.6,0.0
CLG0018,100.0,6.68,6.53,10,0,4,2,5,0,75.3,0.0
CLG0078,103.0,5.01,4.61,2,1,0,10,4,0,56.400000000000006,0.0
CLG0045,81.0,6.54,6.58,8,0,1,2,4,0,73.89999999999999,0.0
CLG0043,90.0,6.39,6.19,9,1,9,7,0,0,70.9,0.0
CLG0020,94.0,6.97,7.13,10,0,10,4,1,0,80.7,0.0
CLG0057,95.0,5.66,5.48,8,0,2,9,1,0,64.30000000000001,0.0
CLG0082,119.0,7.54,7.47,9,0,9,9,1,0,86.60000000000001,0.0
CLG0027,108.0,8.46,8.01,1,1,1,6,1,0,90.89999999999999,0.0
CLG0018,83.0,8.15,8.64,3,0,8,10,3,1,94.7,387100.0
CLG0017,103.0,9.02,9.03,3,0,4,5,3,0,100.6,0.0
CLG0060,107.0,7.26,6.78,9,0,0,7,4,0,78.5,0.0
CLG0089,117.0,7.6,7.64,3,0,10,5,4,0,88.1,0.0
CLG0005,123.0,9.05,9.42,10,1,10,9,3,1,106.5,538300.0
CLG0006,84.0,7.14,7.41,1,1,10,9,3,0,82.5,0.0
CLG0100,87.0,8.51,8.71,3,0,7,7,4,0,95.80000000000001,0.0
CLG0097,81.0,7.17,6.81,2,1,2,4,0,0,76.19999999999999,0.0
CLG0015,96.0,7.09,7.25,9,0,10,1,3,0,82.1,0.0
CLG0039,106.0,8.8,9.07,1,0,8,4,0,0,101.3,0.0
CLG0080,114.0,5.87,5.94,2,0,8,3,2,0,70.80000000000001,0.0
CLG0039,98.0,6.69,7.08,1,1,5,1,0,0,80.6,0.0
CLG0088,95.0,6.12,5.9,9,0,3,10,0,0,68.5,0.0
CLG0021,102.0,6.8,6.54,7,0,8,4,3,0,75.60000000000001,0.0
CLG0013,87.0,6.15,6.52,1,0,10,7,2,0,73.89999999999999,0.0
CLG0029,131.0,7.9,8.03,10,1,8,2,1,0,93.39999999999999,0.0
CLG0098,75.0,8.99,8.49,6,1,1,7,0,0,92.4,0.0
CLG0005,102.0,8.93,8.78,5,1,9,6,2,0,98.0,0.0
CLG0067,130.0,6.82,7.18,10,1,5,9,2,1,84.8,452200.0
CLG0021,100.0,9.94,9.47,5,0,10,2,3,0,104.7,0.0
CLG0009,97.0,7.97,7.47,4,0,3,6,2,0,84.4,0.0
CLG0067,94.0,7.0,6.78,3,0,2,6,5,0,77.2,0.0
CLG0044,97.0,9.18,9.59,8,0,9,6,1,0,105.60000000000001,0.0
CLG0062,120.0,8.65,9.05,7,1,5,3,3,1,102.5,522000.0
CLG0094,66.0,8.75,8.77,5,0,10,6,5,0,94.29999999999998,0.0
CLG0067,123.0,5.98,6.03,9,0,7,9,0,0,72.60000000000001,0.0
CLG0062,78.0,7.34,7.17,7,0,8,3,3,0,79.5,0.0
CLG0062,96.0,9.31,9.05,10,1,8,2,0,0,100.1,0.0
CLG0060,93.0,7.52,7.84,2,0,1,8,3,0,87.7,0.0
CLG0049,108.0,8.42,8.03,7,0,7,3,2,0,91.1,0.0
CLG0039,76.0,7.94,7.93,7,0,10,5,1,0,86.89999999999999,0.0
CLG0041,106.0,9.21,9.34,4,0,7,5,3,0,104.0,0.0
CLG0050,130.0,6.42,6.02,8,1,4,2,5,0,73.19999999999999,0.0
CLG0098,79.0,7.88,7.9,4,1,3,2,4,0,86.9,0.0
CLG0017,102.0,5.62,5.7,7,0,8,6,2,0,67.2,0.0
CLG0053,90.0,8.45,8.69,4,0,3,2,3,0,95.89999999999999,0.0
CLG0055,106.0,8.66,8.39,8,0,9,6,2,0,94.5,0.0
CLG0078,100.0,5.21,5.0,3,1,3,7,4,0,60.0,0.0
CLG0075,90.0,8.38,8.45,2,0,2,4,5,0,93.5,0.0
CLG0056,107.0,7.07,7.55,10,0,9,10,2,0,86.2,0.0
CLG0001,127.0,5.62,5.34,6,1,2,4,2,0,66.1,0.0
CLG0065,97.0,7.1,7.59,7,0,2,3,3,0,85.60000000000001,0.0
CLG0064,110.0,5.97,6.18,7,1,10,1,2,0,72.8,0.0
CLG0052,80.0,7.08,7.41,6,1,6,4,5,0,82.1,0.0
CLG0015,85.0,6.92,6.51,8,0,4,3,3,0,73.6,0.0
CLG0002,107.0,8.69,8.49,6,1,8,8,1,0,95.60000000000001,0.0
CLG0012,122.0,8.87,8.43,6,0,1,5,4,1,96.5,398200.0
CLG0045,105.0,8.04,7.91,3,0,3,7,5,0,89.6,0.0
CLG0057,95.0,5.11,5.59,2,0,1,3,5,0,65.4,0.0
CLG0042,99.0,9.66,9.27,7,1,10,3,0,0,102.6,0.0
CLG0002,81.0,8.43,8.49,6,1,7,6,4,0,93.0,0.0
CLG0087,109.0,5.17,4.68,1,0,3,10,2,0,57.699999999999996,0.0
CLG0062,113.0,9.09,9.3,2,0,0,4,5,1,104.3,428500.0
CLG0034,93.0,6.0,5.7,2,1,9,8,3,0,66.3,0.0
CLG0017,92.0,7.9,7.53,1,1,2,3,0,0,84.5,0.0
CLG0041,103.0,7.33,7.17,3,1,6,5,0,0,82.0,0.0
CLG0078,93.0,7.1,7.37,5,0,2,1,5,0,83.0,0.0
CLG0075,99.0,9.45,9.06,4,0,4,1,2,0,100.50000000000001,0.0
CLG0084,131.0,7.19,6.92,2,1,1,8,5,1,82.3,442300.0
CLG0071,96.0,5.38,4.89,8,0,7,7,0,0,58.5,0.0
CLG0065,94.0,9.73,10.2,9,1,3,1,3,0,111.4,0.0
CLG0015,90.0,9.6,9.69,8,0,0,6,2,0,105.89999999999999,0.0
CLG0038,111.0,8.42,8.64,7,0,3,2,5,1,97.5,401100.0
CLG0098,97.0,7.34,7.49,10,0,7,1,4,0,84.60000000000001,0.0
CLG0073,90.0,5.46,5.1,2,0,8,10,2,0,60.0,0.0
CLG0065,119.0,8.95,9.04,6,1,0,5,2,1,102.3,521099.99999999994
CLG0009,121.0,5.38,5.01,4,0,5,5,0,0,62.199999999999996,0.0
CLG0042,90.0,5.34,5.24,5,0,3,2,5,0,61.400000000000006,0.0
CLG0066,72.0,7.69,7.76,9,0,10,5,1,0,84.8,0.0
CLG0086,115.0,5.8,5.86,9,1,7,7,0,0,70.1,0.0
CLG0089,89.0,5.04,4.66,4,1,0,4,5,0,55.5,0.0
CLG0051,111.0,7.12,6.65,8,1,4,2,5,0,77.6,0.0
CLG0078,70.0,5.69,5.99,5,1,0,5,1,0,66.9,0.0
CLG0099,113.0,5.8,6.03,9,1,3,6,2,0,71.60000000000001,0.0
CLG0080,81.0,5.38,4.96,2,1,1,8,2,0,57.7,0.0
CLG0019,110.0,6.03,5.66,4,0,9,9,5,0,67.6,0.0
CLG0031,100.0,8.58,8.97,3,0,8,10,4,1,99.7,408800.0
CLG0066,85.0,9.04,9.31,7,1,1,8,0,0,101.60000000000001,0.0
CLG0032,93.0,7.26,7.76,2,1,3,7,4,0,86.89999999999999,0.0
CLG0100,110.0,7.53,7.28,3,0,2,9,3,0,83.8,0.0
CLG0075,101.0,5.16,5.15,9,0,0,9,2,0,61.6,0.0
CLG0008,108.0,5.35,5.09,8,0,0,6,5,0,61.7,0.0
CLG0069,129.0,6.29,6.41,2,0,1,3,5,0,77.0,0.0
CLG0098,76.0,7.72,7.34,6,1,7,8,4,0,81.0,0.0
CLG0032,124.0,8.7,8.33,3,0,1,3,3,1,95.7,395200.0
CLG0047,101.0,8.03,7.6,6,0,0,1,1,0,86.1,0.0
CLG0070,86.0,6.96,7.15,5,0,5,4,0,0,80.1,0.0
CLG0008,80.0,5.59,5.58,10,0,0,9,3,0,63.8,0.0
CLG0034,97.0,8.9,9.02,4,0,9,8,0,0,99.89999999999999,0.0
CLG0004,113.0,6.82,7.2,7,0,8,6,2,0,83.3,0.0
CLG0036,98.0,8.68,8.92,10,0,5,3,5,0,99.0,0.0
CLG0044,122.0,7.56,7.52,7,0,9,3,1,0,87.39999999999999,0.0
CLG0025,78.0,8.69,9.17,4,0,5,7,2,0,99.5,0.0
CLG0026,99.0,9.54,9.5,3,0,0,5,3,0,104.9,0.0
CLG0033,81.0,9.61,9.22,4,0,6,3,1,0,100.3,0.0
CLG0009,105.0,7.68,8.17,2,1,2,1,3,0,92.2,0.0
CLG0047,113.0,7.56,7.08,4,0,0,9,0,0,82.1,0.0
CLG0072,93.0,6.33,6.38,4,1,8,5,2,0,73.1,0.0
CLG0017,60.0,9.68,9.49,5,1,7,7,0,0,100.9,0.0
CLG0015,102.0,7.29,7.29,1,1,3,10,1,0,83.10000000000001,0.0
CLG0042,106.0,5.64,5.7,2,1,2,9,4,0,67.6,0.0
CLG0054,106.0,7.16,6.9,8,1,1,4,0,0,79.6,0.0
CLG0013,118.0,5.64,5.7,8,1,1,5,1,0,68.8,0.0
CLG0050,83.0,7.51,7.77,8,0,10,3,1,0,85.99999999999999,0.0
CLG0044,110.0,7.81,7.58,5,1,2,7,3,0,86.8,0.0
CLG0003,117.0,6.69,6.57,8,1,0,1,0,0,77.4,0.0
CLG0053,73.0,5.36,5.13,9,0,9,8,2,0,58.599999999999994,0.0
CLG0056,104.0,9.72,10.04,4,0,6,3,0,0,110.8,0.0
CLG0054,92.0,8.87,9.09,4,1,1,4,3,0,100.10000000000001,0.0
CLG0057,98.0,9.19,9.56,7,0,5,10,1,0,105.4,0.0
CLG0012,105.0,6.83,6.5,5,0,5,4,2,0,75.5,0.0
CLG0093,92.0,8.8,8.37,10,1,10,7,4,0,92.89999999999999,0.0
CLG0059,89.0,7.43,7.05,1,0,3,7,5,0,79.4,0.0
CLG0065,100.0,6.01,5.67,8,0,3,4,2,0,66.7,0.0
CLG0096,83.0,5.62,5.65,4,0,0,6,5,0,64.8,0.0
CLG0037,83.0,6.73,7.2,8,1,10,8,0,0,80.3,0.0
CLG0020,110.0,5.69,5.55,2,1,5,10,2,0,66.5,0.0
CLG0072,82.0,9.99,10.45,4,1,7,4,0,0,112.7,0.0
CLG0037,109.0,5.25,4.79,2,1,9,1,2,0,58.8,0.0
CLG0031,106.0,7.21,7.64,5,1,3,7,0,0,86.99999999999999,0.0
CLG0095,74.0,7.26,6.94,10,0,0,2,5,0,76.80000000000001,0.0
CLG0025,89.0,6.5,6.91,10,0,3,3,1,0,78.0,0.0
CLG0050,117.0,7.86,7.42,8,0,1,8,1,0,85.9,0.0
CLG0049,85.0,5.75,6.2,7,1,3,2,0,0,70.5,0.0
CLG0008,93.0,8.92,8.62,5,1,7,2,0,0,95.49999999999999,0.0
CLG0094,106.0,6.66,6.46,7,0,2,4,4,0,75.19999999999999,0.0
CLG0094,111.0,7.96,7.95,5,0,4,6,0,0,90.6,0.0
CLG0091,96.0,8.58,8.46,7,0,9,10,3,1,94.2,386400.00000000006
CLG0035,91.0,9.45,9.62,4,0,10,2,5,0,105.29999999999998,0.0
CLG0013,121.0,9.18,9.65,4,1,1,9,0,1,108.6,546500.0
CLG0021,126.0,8.04,8.15,10,1,8,2,1,0,94.1,0.0
CLG0073,114.0,6.94,7.16,4,0,2,9,2,1,83.0,343400.0
CLG0024,101.0,7.52,7.11,8,0,0,7,1,0,81.2,0.0
CLG0048,87.0,8.84,8.97,1,1,6,3,3,0,98.4,0.0
CLG0033,87.0,9.39,9.34,10,1,10,9,2,1,102.10000000000001,517100.0
CLG0001,107.0,5.52,5.91,5,1,4,9,1,0,69.8,0.0
CLG0072,106.0,6.92,6.81,10,1,8,6,0,0,78.69999999999999,0.0
CLG0003,121.0,8.88,9.06,2,0,2,2,5,1,102.7,422900.0
CLG0014,109.0,7.16,6.89,10,1,10,7,0,0,79.8,0.0
CLG0014,77.0,6.66,6.42,4,0,0,4,2,0,71.9,0.0
CLG0049,115.0,7.06,6.94,5,0,6,4,5,0,80.9,0.0
CLG0033,85.0,8.01,7.81,8,0,7,7,4,0,86.6,0.0
CLG0004,94.0,10.0,9.75,2,0,10,5,3,0,106.9,0.0
CLG0038,103.0,7.46,7.01,2,0,1,1,1,0,80.39999999999999,0.0
CLG0025,129.0,6.04,6.38,2,0,1,3,1,0,76.7,0.0
CLG0047,141.5,5.81,5.37,8,1,8,7,3,0,67.85000000000001,0.0
CLG0013,109.0,5.21,5.6,3,1,3,9,1,0,66.9,0.0
CLG0039,97.0,7.79,7.42,5,0,0,9,2,0,83.9,0.0
CLG0025,108.0,7.72,7.29,2,1,8,7,4,0,83.7,0.0
CLG0073,113.0,6.03,6.09,6,1,8,5,2,0,72.2,0.0
CLG0043,95.0,8.48,8.48,10,0,5,4,4,0,94.30000000000001,0.0
CLG0038,126.0,8.71,8.7,6,0,5,9,5,1,99.6,411000.0
CLG0035,103.0,6.3,6.37,2,0,8,6,0,0,74.0,0.0
CLG0093,107.0,6.72,6.51,4,0,1,10,4,0,75.8,0.0
CLG0055,109.0,9.95,10.11,2,1,8,2,4,0,112.0,0.0
CLG0050,106.0,6.87,6.87,10,1,3,3,4,0,79.3,0.0
CLG0078,112.0,8.8,8.63,4,0,3,7,1,0,97.50000000000001,0.0
CLG0034,90.0,7.26,7.59,7,0,8,4,4,0,84.9,0.0
CLG0025,91.0,8.97,9.2,5,1,6,7,3,0,101.1,0.0
CLG0042,83.0,8.85,8.74,10,0,9,5,0,0,95.7,0.0
CLG0092,106.0,8.34,8.69,4,0,4,1,0,0,97.49999999999999,0.0
CLG0051,111.0,9.27,9.69,10,0,7,10,1,1,107.99999999999999,443100.0
CLG0094,106.0,9.7,9.74,10,0,0,3,2,0,108.0,0.0
CLG0037,125.0,7.9,7.61,3,1,6,9,3,1,88.60000000000001,466900.0
CLG0066,99.0,6.19,6.61,6,0,3,4,2,0,76.00000000000001,0.0
CLG0085,110.0,6.99,6.68,2,0,1,5,4,0,77.8,0.0
CLG0034,83.0,8.79,8.34,4,0,1,2,2,0,91.7,0.0
CLG0083,94.0,8.25,8.08,8,0,10,10,3,1,90.2,370200.0
CLG0038,110.0,5.89,6.12,2,0,8,8,1,0,72.2,0.0
CLG0031,112.0,5.26,5.68,9,1,5,1,1,0,68.0,0.0
CLG0026,95.0,8.41,8.55,2,1,10,4,4,0,95.0,0.0
CLG0076,98.0,6.26,6.71,8,0,3,6,3,0,76.89999999999999,0.0
CLG0094,77.0,7.5,7.09,8,1,1,8,1,0,78.60000000000001,0.0
CLG0026,94.0,8.73,8.29,7,1,6,4,4,0,92.3,0.0
CLG0063,113.0,7.81,7.91,10,0,8,2,2,0,90.39999999999999,0.0
CLG0048,108.0,5.42,5.89,6,0,1,4,3,0,69.7,0.0
CLG0095,107.0,5.93,5.93,1,0,3,1,1,0,70.0,0.0
CLG0079,100.0,6.1,5.65,2,1,0,8,3,0,66.5,0.0
CLG0010,100.0,6.29,6.01,7,1,0,9,1,0,70.1,0.0
CLG0036,90.0,7.83,7.57,4,1,2,3,5,0,84.7,0.0
CLG0040,110.0,7.52,7.36,9,0,0,8,1,0,84.60000000000001,0.0
CLG0026,106.0,6.02,5.56,3,0,3,9,3,0,66.19999999999999,0.0
CLG0009,107.0,5.34,5.74,4,1,5,8,1,0,68.10000000000001,0.0
CLG0053,92.0,5.86,5.88,3,1,4,2,2,0,68.0,0.0
CLG0081,67.0,9.92,10.09,7,1,8,2,4,0,107.60000000000001,0.0
CLG0070,116.0,7.34,6.91,2,0,10,10,5,1,80.69999999999999,334400.0
CLG0086,92.0,9.34,8.89,10,1,1,4,0,0,98.10000000000001,0.0
CLG0080,87.0,9.24,9.33,2,1,1,1,3,0,102.0,0.0
CLG0086,110.0,7.56,7.95,2,1,2,3,3,0,90.5,0.0
CLG0053,94.0,8.53,8.56,4,0,3,4,4,0,95.00000000000001,0.0
CLG0039,115.0,5.96,6.34,8,1,8,2,2,0,74.9,0.0
CLG0061,109.0,8.44,8.75,8,1,10,7,0,0,98.4,0.0
CLG0052,110.0,6.36,5.94,8,1,5,10,2,0,70.4,0.0
CLG0068,79.0,9.16,8.86,8,1,8,3,3,0,96.5,0.0
CLG0068,118.0,5.42,5.58,7,0,4,7,0,0,67.6,0.0
CLG0073,103.0,8.87,8.81,6,1,8,7,1,0,98.4,0.0
CLG0078,94.0,5.5,5.29,7,0,8,9,5,0,62.3,0.0
CLG0042,102.0,9.41,9.33,5,0,0,4,3,0,103.5,0.0
CLG0090,73.0,6.52,6.47,8,0,8,4,2,0,72.0,0.0
CLG0067,106.0,8.27,8.68,2,1,6,1,4,0,97.39999999999999,0.0
CLG0096,84.0,7.44,7.04,5,1,10,6,1,0,78.80000000000001,0.0
CLG0075,79.0,6.83,6.61,7,0,7,6,0,0,74.00000000000001,0.0
CLG0051,77.0,8.23,8.27,9,0,2,7,3,0,90.39999999999999,0.0
CLG0003,116.0,9.74,9.94,10,0,0,9,4,1,110.99999999999999,455600.0
CLG0013,90.0,5.21,5.34,1,0,3,10,4,0,62.4,0.0
CLG0013,123.0,9.59,10.03,9,0,0,10,2,1,112.6,462700.0
CLG0061,91.0,8.05,8.35,3,1,0,10,5,1,92.6,479500.0
CLG0024,74.0,9.04,9.1,1,1,3,9,4,1,98.4,501000.0
CLG0020,83.0,6.92,6.63,7,0,7,5,2,0,74.6,0.0
CLG0074,118.0,7.36,7.31,3,0,0,2,0,0,84.89999999999999,0.0
CLG0087,97.0,9.34,9.53,8,0,9,1,3,0,105.0,0.0
CLG0097,91.0,7.07,7.41,2,0,9,2,0,0,83.19999999999999,0.0
CLG0055,102.0,7.67,8.13,4,0,8,2,5,0,91.50000000000001,0.0
CLG0035,107.0,5.1,5.21,2,0,5,1,2,0,62.8,0.0
CLG0078,116.0,5.79,5.82,4,1,4,8,0,0,69.8,0.0
CLG0080,121.0,8.21,7.73,1,0,8,3,3,0,89.4,0.0
CLG0030,94.0,8.58,8.15,10,1,8,10,3,1,90.9,473000.0
CLG0083,80.0,7.91,7.57,5,0,8,10,4,0,83.7,0.0
CLG0033,93.0,5.72,5.27,3,1,2,8,5,0,62.0,0.0
CLG0041,103.0,7.23,7.13,9,0,7,6,2,0,81.6,0.0
CLG0066,85.0,6.78,6.62,4,0,9,1,0,0,74.7,0.0
CLG0049,85.0,7.48,7.62,6,0,3,7,4,0,84.7,0.0
CLG0008,105.0,9.35,9.39,9,1,3,3,4,0,104.4,0.0
CLG0084,99.0,8.88,8.98,2,1,6,9,0,0,99.70000000000002,0.0
CLG0003,100.0,5.42,5.39,7,1,7,9,2,0,63.9,0.0
CLG0085,88.0,9.45,9.23,3,0,3,4,2,0,101.10000000000001,0.0
CLG0065,96.0,7.36,7.81,1,0,10,2,5,0,87.69999999999999,0.0
CLG0085,86.0,8.72,8.31,9,0,9,10,3,1,91.7,375400.0
CLG0072,113.0,5.7,6.14,9,1,5,9,2,1,72.7,402100.0
CLG0002,115.0,8.35,8.16,4,0,0,5,4,1,93.1,383900.0
CLG0087,72.0,6.18,6.19,9,1,1,8,3,0,69.10000000000001,0.0
CLG0041,86.0,7.19,6.8,7,1,4,9,1,0,76.6,0.0
CLG0053,77.0,5.08,4.65,4,1,3,1,3,0,54.2,0.0
CLG0075,90.0,5.76,5.69,2,1,2,3,4,0,65.9,0.0
CLG0016,98.0,5.46,5.7,5,1,10,7,5,0,66.8,0.0
CLG0009,78.0,6.2,5.97,8,0,5,2,0,0,67.5,0.0
CLG0096,86.0,5.5,5.56,10,1,9,4,0,0,64.19999999999999,0.0
CLG0039,84.0,8.46,8.24,10,1,5,4,5,0,90.80000000000001,0.0
CLG0064,103.0,5.15,5.04,6,1,10,7,5,0,60.7,0.0
CLG0036,101.0,8.09,8.5,5,0,9,2,0,0,95.1,0.0
CLG0023,89.0,5.7,6.06,4,1,7,8,4,0,69.5,0.0
CLG0047,102.0,9.73,9.75,6,0,1,8,5,1,107.7,441000.0
CLG0049,91.0,9.67,9.41,3,1,6,6,3,0,103.19999999999999,0.0
CLG0055,95.0,6.13,5.82,2,0,6,4,0,0,67.7,0.0
CLG0094,125.0,8.07,8.52,1,0,1,2,2,1,97.69999999999999,403300.0
CLG0010,120.0,5.14,4.84,9,0,5,3,1,0,60.4,0.0
CLG0063,80.0,9.66,9.97,1,0,4,3,0,0,107.7,0.0
CLG0095,112.0,7.61,7.48,4,0,1,3,5,0,86.00000000000001,0.0
CLG0026,112.0,5.22,5.71,6,0,8,4,0,0,68.3,0.0
CLG0048,82.0,6.71,6.58,9,0,7,7,1,0,74.0,0.0
CLG0030,112.0,5.38,5.23,4,0,6,9,2,1,63.5,265200.0
CLG0002,123.0,6.96,7.1,7,0,5,10,1,0,83.3,0.0
CLG0029,83.0,8.35,8.81,7,0,4,4,0,0,96.4,0.0
CLG0054,86.0,7.35,7.83,6,1,8,7,0,0,86.89999999999999,0.0
CLG0032,115.0,6.92,7.13,9,0,4,10,3,1,82.8,342700.0
CLG0038,104.0,5.6,5.85,10,0,5,6,5,0,68.9,0.0
CLG0021,108.0,6.22,6.28,7,0,2,10,4,0,73.60000000000001,0.0
CLG0027,105.0,5.5,5.76,3,0,8,9,3,0,68.1,0.0
CLG0088,105.0,9.04,9.4,6,0,10,8,3,1,104.5,428500.0
CLG0034,80.0,5.68,5.67,7,0,7,2,3,0,64.7,0.0
CLG0023,115.0,7.98,8.1,7,0,8,3,3,1,92.5,381500.0
CLG0078,117.0,6.71,6.75,6,0,0,6,3,0,79.2,0.0
CLG0039,96.0,6.13,6.19,3,0,0,5,2,0,71.5,0.0
CLG0069,99.0,8.2,8.59,6,0,1,2,5,0,95.80000000000001,0.0
CLG0073,77.0,7.29,7.15,2,0,3,2,4,0,79.2,0.0
CLG0045,107.0,7.0,6.71,10,1,9,5,4,0,77.8,0.0
CLG0063,108.0,7.96,7.92,1,1,4,5,5,0,90.0,0.0
CLG0008,99.0,7.46,7.17,8,1,6,1,4,0,81.60000000000001,0.0
CLG0007,116.0,6.52,6.52,3,0,3,10,2,1,76.79999999999998,318800.0
CLG0030,94.0,7.8,8.2,8,0,0,3,2,0,91.4,0.0
CLG0012,108.0,8.35,8.47,3,0,7,9,5,1,95.5,392800.0
CLG0020,84.0,5.13,5.49,2,1,10,10,2,0,63.300000000000004,0.0
CLG0064,99.0,7.33,7.0,8,1,2,3,0,0,79.9,0.0
CLG0029,97.0,5.29,5.69,3,1,8,6,4,0,66.60000000000001,0.0
CLG0055,103.0,5.93,6.03,8,1,1,6,1,0,70.60000000000001,0.0
CLG0012,94.0,7.8,7.33,2,0,10,2,3,0,82.7,0.0
CLG0084,98.0,9.33,9.46,4,0,0,7,0,0,104.4,0.0
CLG0022,112.0,9.41,9.86,9,0,9,9,0,1,109.8,450400.0
CLG0023,93.0,5.35,4.93,1,0,7,9,3,0,58.599999999999994,0.0
CLG0048,75.0,7.1,7.18,2,0,2,8,0,0,79.3,0.0
CLG0045,126.0,7.92,8.34,2,1,0,5,2,1,96.0,496600.0
CLG0026,120.0,5.74,5.25,9,0,10,8,0,0,64.5,0.0
CLG0028,80.0,8.83,8.96,10,0,2,9,4,1,97.60000000000001,398400.00000000006
CLG0055,110.0,8.72,8.69,5,0,7,1,4,0,97.89999999999999,0.0
CLG0073,92.0,9.52,9.37,4,0,10,1,5,0,102.89999999999999,0.0
CLG0069,103.0,5.04,5.17,10,1,3,5,5,0,62.0,0.0
CLG0002,104.0,6.08,5.63,10,0,9,7,1,0,66.7,0.0
CLG0028,96.0,9.14,9.39,4,1,10,9,4,1,103.5,523600.0
CLG0077,88.0,8.35,7.85,7,0,6,9,3,0,87.3,0.0
CLG0079,89.0,9.47,9.28,3,0,7,3,3,0,101.7,0.0
CLG0053,86.0,5.29,5.29,9,1,6,1,4,0,61.5,0.0
CLG0014,87.0,7.98,7.86,5,1,0,3,2,0,87.30000000000001,0.0
CLG0046,98.0,7.85,7.66,9,0,3,8,4,0,86.39999999999999,0.0
CLG0078,89.0,5.18,5.51,1,0,9,7,2,0,63.99999999999999,0.0
CLG0067,110.0,7.57,8.0,10,0,8,5,5,0,91.0,0.0
CLG0074,122.0,8.05,8.42,8,0,6,10,3,1,96.4,397800.0
CLG0070,91.0,5.96,5.98,2,0,0,9,4,0,68.9,0.0
CLG0020,103.0,6.37,6.75,8,1,7,4,5,0,77.8,0.0
CLG0035,107.0,8.2,8.62,4,1,3,6,1,0,96.89999999999999,0.0
CLG0048,107.0,7.34,7.25,2,0,6,5,3,0,83.2,0.0
CLG0043,101.0,9.29,9.07,2,0,5,6,1,0,100.8,0.0
CLG0020,111.0,6.71,6.31,6,0,6,4,3,0,74.19999999999999,0.0
CLG0056,107.0,6.33,6.31,3,1,9,3,0,0,73.8,0.0
CLG0003,81.0,9.92,10.37,10,0,9,5,5,0,111.79999999999998,0.0
CLG0068,113.0,9.56,9.62,3,0,0,5,0,0,107.49999999999999,0.0
CLG0011,113.0,5.14,5.31,9,0,5,2,0,0,64.39999999999999,0.0
CLG0062,88.0,8.85,8.46,5,0,2,10,1,0,93.4,0.0
CLG0061,100.0,5.55,5.19,7,0,9,4,2,0,61.900000000000006,0.0
CLG0095,110.0,5.14,5.1,5,1,3,3,3,0,62.0,0.0
CLG0058,96.0,6.37,6.82,2,0,0,7,0,0,77.8,0.0
CLG0029,116.0,6.35,6.21,8,1,9,5,1,0,73.7,0.0
CLG0038,135.0,9.1,9.48,9,0,7,6,3,1,108.30000000000001,446700.0
CLG0084,88.0,8.55,8.17,2,0,1,7,0,0,90.5,0.0
CLG0088,79.0,9.91,10.03,2,0,2,2,0,0,108.2,0.0
CLG0087,104.0,8.56,8.66,4,0,6,10,0,0,97.0,0.0
CLG0022,110.0,7.09,7.45,8,0,1,4,1,0,85.5,0.0
CLG0086,96.0,8.49,7.99,5,0,3,6,2,0,89.5,0.0
CLG0041,121.0,10.0,9.69,5,0,6,3,5,1,108.99999999999999,448100.0
CLG0084,79.0,8.55,8.27,7,1,2,6,5,0,90.6,0.0
CLG0063,110.0,8.81,9.26,4,1,1,10,0,0,103.6,0.0
CLG0038,90.0,9.69,9.34,9,0,7,1,0,0,102.4,0.0
CLG0050,125.0,5.57,5.11,4,1,1,8,2,1,63.6,366900.0
CLG0007,129.0,8.52,8.55,8,1,9,10,5,1,98.4,506500.0
CLG0024,88.0,9.25,9.28,3,0,6,5,2,0,101.6,0.0
CLG0046,91.0,9.77,10.11,6,0,10,1,4,0,110.19999999999999,0.0
CLG0025,112.0,6.05,6.5,1,0,2,10,0,0,76.2,0.0
CLG0078,94.0,7.52,7.56,7,0,3,10,5,0,85.0,0.0
CLG0029,99.0,8.4,8.83,7,1,5,1,3,0,98.2,0.0
CLG0067,100.0,6.24,6.47,2,0,10,10,4,0,74.7,0.0
CLG0093,71.0,8.0,7.76,5,0,2,3,3,0,84.69999999999999,0.0
CLG0080,99.0,6.29,6.72,4,1,0,6,2,0,77.10000000000001,0.0
CLG0085,89.0,6.67,6.84,10,0,7,2,5,0,77.30000000000001,0.0
CLG0022,92.0,7.21,7.12,9,0,3,8,4,0,80.4,0.0
CLG0085,121.0,7.65,7.83,2,0,0,10,1,0,90.39999999999999,0.0
CLG0086,81.0,7.25,7.15,3,0,1,7,4,0,79.6,0.0
CLG0009,112.0,7.47,7.08,1,0,5,2,4,0,82.0,0.0
CLG0087,95.0,6.49,6.71,10,0,0,1,2,0,76.6,0.0
CLG0049,95.0,5.79,6.11,5,1,8,7,0,0,70.6,0.0
CLG0073,111.0,5.24,5.47,3,0,6,7,2,0,65.8,0.0
CLG0096,105.0,5.98,5.71,4,1,7,3,2,0,67.6,0.0
CLG0036,108.0,7.91,8.37,4,0,7,10,2,1,94.49999999999999,388799.99999999994
CLG0100,114.0,8.93,8.46,6,0,5,8,3,1,96.00000000000001,395400.00000000006
CLG0005,95.0,5.85,5.68,10,0,7,8,5,0,66.3,0.0
CLG0090,90.0,5.54,5.3,7,0,6,5,1,0,62.0,0.0
CLG0004,83.0,8.75,8.3,7,1,0,7,3,0,91.3,0.0
CLG0024,87.0,6.53,6.44,8,0,2,3,4,0,73.10000000000001,0.0
CLG0041,141.5,9.76,9.88,3,1,8,6,2,1,112.95000000000002,565950.0
CLG0014,118.0,8.57,8.95,5,1,7,3,5,1,101.3,517000.0
CLG0091,79.0,6.63,7.12,10,0,4,9,0,0,79.10000000000001,0.0
CLG0012,80.0,6.45,6.76,6,0,0,7,2,0,75.6,0.0
CLG0082,107.0,7.62,7.59,6,0,1,1,3,0,86.60000000000001,0.0
CLG0044,108.0,5.4,5.62,8,1,9,8,5,0,67.0,0.0
CLG0009,108.0,5.59,5.93,5,0,9,9,1,0,70.1,0.0
CLG0066,96.0,5.88,5.85,5,1,8,10,3,0,68.1,0.0
CLG0038,98.0,8.87,9.16,1,1,9,2,2,0,101.39999999999999,0.0
CLG0096,104.0,7.57,7.55,1,0,7,1,5,0,85.9,0.0
CLG0077,101.0,5.05,4.94,6,1,8,4,1,0,59.50000000000001,0.0
CLG0057,66.0,8.37,8.4,10,1,1,9,0,0,90.6,0.0
CLG0047,96.0,7.12,7.3,10,0,2,6,3,0,82.6,0.0
CLG0055,87.0,7.55,7.78,5,1,2,10,5,0,86.5,0.0
CLG0088,102.0,6.07,5.93,10,1,0,8,3,0,69.5,0.0
CLG0002,141.5,7.76,7.83,6,0,1,7,5,0,92.45,0.0
CLG0083,105.0,9.9,10.31,9,0,9,5,4,0,113.60000000000001,0.0
CLG0018,95.0,5.37,5.85,8,0,4,5,5,0,68.0,0.0
CLG0066,113.0,6.42,6.15,7,1,6,6,1,0,72.8,0.0
CLG0090,107.0,6.21,5.9,7,0,5,6,3,0,69.7,0.0
CLG0057,106.0,6.24,6.42,6,0,1,5,4,0,74.8,0.0
CLG0064,109.0,6.89,6.8,6,1,7,8,0,0,78.9,0.0
CLG0088,130.0,9.09,8.61,1,0,3,3,5,1,99.1,409400.0
CLG0027,83.0,9.56,9.41,7,0,10,9,3,1,102.39999999999999,417900.0
CLG0053,107.0,6.01,6.32,5,0,1,5,3,0,73.9,0.0
CLG0059,86.0,7.71,8.01,7,0,3,9,2,1,88.69999999999999,363400.0
CLG0029,108.0,8.18,8.17,6,0,7,5,3,0,92.5,0.0
CLG0072,86.0,7.61,7.58,8,0,0,3,0,0,84.39999999999999,0.0
CLG0095,93.0,7.17,7.25,3,1,10,9,5,0,81.8,0.0
CLG0098,95.0,5.96,5.68,8,1,8,2,4,0,66.3,0.0
CLG0014,114.0,7.44,7.47,7,0,7,5,5,0,86.10000000000001,0.0
CLG0068,113.0,7.01,6.52,1,0,7,3,1,0,76.49999999999999,0.0
CLG0043,81.0,8.98,8.96,3,0,9,7,0,0,97.7,0.0
CLG0029,100.0,8.82,8.66,10,1,8,4,1,0,96.6,0.0
CLG0057,89.0,5.67,5.84,4,0,6,8,0,0,67.3,0.0
CLG0033,81.0,5.44,5.58,9,1,10,1,5,0,63.9,0.0
CLG0021,96.0,9.54,9.42,6,0,8,5,5,0,103.8,0.0
CLG0041,95.0,7.68,7.19,7,0,0,8,4,0,81.4,0.0
CLG0001,136.0,9.29,9.04,5,0,0,2,2,1,103.99999999999999,429599.99999999994
CLG0027,106.0,5.29,5.42,3,1,3,6,4,0,64.8,0.0
CLG0002,79.0,7.63,7.2,5,1,1,7,5,0,79.9,0.0
CLG0064,91.0,7.7,7.31,7,0,7,6,1,0,82.19999999999999,0.0
CLG0051,115.0,9.3,9.45,9,0,0,10,1,1,106.0,435500.0
CLG0054,131.0,5.49,5.75,9,1,3,3,5,0,70.6,0.0
CLG0074,76.0,6.2,6.02,8,0,10,6,3,0,67.8,0.0
CLG0074,71.0,7.03,7.02,5,0,10,7,5,0,77.29999999999998,0.0
CLG0030,128.0,9.33,9.78,7,1,8,3,2,1,110.6,555200.0
CLG0001,105.0,9.69,10.14,4,1,1,10,4,1,111.9,558100.0
CLG0095,86.0,9.96,9.77,10,0,5,2,5,0,106.29999999999998,0.0
CLG0099,108.0,9.8,10.11,5,1,3,3,4,0,111.89999999999999,0.0
CLG0029,60.0,5.03,5.12,4,1,3,1,1,0,57.2,0.0
CLG0013,100.0,5.24,5.72,3,0,5,7,2,0,67.19999999999999,0.0
CLG0073,104.0,5.74,5.72,1,0,9,4,4,0,67.6,0.0
CLG0043,113.0,6.74,7.01,5,0,3,3,2,0,81.39999999999999,0.0
CLG0041,84.0,9.15,9.42,2,1,8,6,2,0,102.60000000000001,0.0
CLG0075,101.0,9.46,9.46,6,0,7,3,4,0,104.7,0.0
CLG0088,86.0,5.93,6.23,5,0,7,10,5,0,70.9,0.0
CLG0089,103.0,8.1,7.86,2,1,4,3,2,0,88.9,0.0
CLG0058,86.0,9.59,9.21,8,0,5,9,5,1,100.7,411400.00000000006
CLG0077,93.0,7.32,7.25,5,0,0,2,0,0,81.8,0.0
CLG0014,85.0,5.52,5.96,2,1,0,5,1,0,68.1,0.0
CLG0041,109.0,7.29,7.29,1,1,8,10,2,0,83.80000000000001,0.0
CLG0067,112.0,6.88,7.02,2,0,3,10,2,1,81.39999999999999,336800.0
CLG0054,96.0,7.89,8.01,1,1,2,2,0,0,89.69999999999999,0.0
CLG0006,100.0,7.19,6.82,10,0,4,6,3,0,78.2,0.0
CLG0046,78.0,5.09,4.98,10,0,8,4,2,0,57.6,0.0
CLG0077,95.0,9.97,10.18,3,0,8,7,4,0,111.3,0.0
CLG0001,99.0,7.72,8.19,3,1,2,1,5,0,91.8,0.0
CLG0029,139.0,7.37,7.04,10,0,6,8,5,1,84.30000000000001,351100.0
CLG0078,83.0,9.77,9.68,1,0,2,2,3,0,105.1,0.0
CLG0076,121.0,5.78,5.38,7,1,2,4,5,0,65.89999999999999,0.0
CLG0026,114.0,5.95,5.69,10,0,3,7,5,0,68.30000000000001,0.0
CLG0058,104.0,9.04,8.92,7,0,1,8,5,1,99.60000000000001,408800.0
CLG0087,126.0,6.3,6.34,9,1,5,9,3,1,76.0,416600.0
CLG0003,105.0,9.0,8.73,5,1,4,5,0,0,97.80000000000001,0.0
CLG0060,105.0,6.36,6.09,4,1,9,9,4,0,71.4,0.0
CLG0014,99.0,5.17,5.45,5,0,9,9,5,0,64.4,0.0
CLG0098,118.0,7.59,8.05,8,0,1,3,3,1,92.3,381000.0
CLG0023,116.0,5.98,5.8,8,1,9,7,2,0,69.6,0.0
CLG0062,90.0,8.79,8.98,4,0,1,8,0,0,98.80000000000001,0.0
CLG0010,80.0,8.21,7.97,8,1,1,1,0,0,87.7,0.0
CLG0004,96.0,9.62,10.05,4,0,3,10,0,0,110.1,0.0
CLG0039,87.0,8.91,9.08,4,1,2,5,5,0,99.5,0.0
CLG0074,99.0,5.9,6.2,8,1,8,1,1,0,71.9,0.0
CLG0088,118.0,9.0,8.55,2,0,4,3,3,1,97.3,401000.0
CLG0034,93.0,8.21,8.31,4,0,0,2,5,0,92.4,0.0
CLG0088,99.0,8.34,8.37,1,0,1,2,4,0,93.6,0.0
CLG0025,100.0,9.16,8.95,1,0,6,4,4,0,99.5,0.0
CLG0052,112.0,7.87,7.63,8,0,7,5,1,0,87.5,0.0
CLG0015,66.0,7.33,7.41,4,0,5,1,5,0,80.69999999999999,0.0
CLG0012,90.0,8.18,8.39,6,1,6,6,2,0,92.9,0.0
CLG0001,103.0,6.49,6.02,5,0,1,5,3,0,70.5,0.0
CLG0009,118.0,5.91,5.98,10,1,5,4,0,0,71.60000000000001,0.0
CLG0059,92.0,8.08,7.75,6,1,5,6,1,0,86.7,0.0
CLG0014,71.0,6.17,5.81,4,0,3,2,1,0,65.19999999999999,0.0
CLG0031,109.0,5.4,5.52,4,0,10,8,3,0,66.1,0.0
CLG0088,90.0,5.0,4.81,7,0,3,6,4,0,57.099999999999994,0.0
CLG0053,82.0,8.04,7.98,1,0,1,3,5,0,88.00000000000001,0.0
CLG0063,90.0,6.81,6.67,9,1,2,4,3,0,75.7,0.0
CLG0010,97.0,8.76,8.91,10,0,9,2,4,0,98.8,0.0
CLG0043,90.0,6.88,6.85,3,0,5,4,3,0,77.5,0.0
CLG0018,66.0,7.43,7.89,4,0,3,9,4,0,85.49999999999999,0.0
CLG0067,113.0,7.04,6.89,9,0,2,4,5,0,80.19999999999999,0.0
CLG0059,119.0,8.25,8.49,5,0,0,8,1,1,96.80000000000001,399100.0
CLG0076,109.0,6.78,6.54,4,0,10,3,4,0,76.30000000000001,0.0
CLG0099,82.0,9.82,9.83,6,1,10,5,3,0,106.5,0.0
CLG0023,96.0,9.68,9.73,1,0,10,2,2,0,106.9,0.0
CLG0086,99.0,9.24,9.07,10,0,2,9,3,1,100.60000000000001,412300.0
CLG0075,108.0,9.6,9.57,1,0,0,9,1,0,106.5,0.0
CLG0046,110.0,7.25,7.03,5,1,3,10,4,0,81.3,0.0
CLG0049,88.0,7.68,7.19,5,0,3,7,4,0,80.7,0.0
CLG0023,101.0,8.71,8.43,9,0,10,2,4,0,94.39999999999999,0.0
CLG0012,106.0,8.48,8.68,1,0,0,4,1,0,97.39999999999999,0.0
CLG0029,121.0,9.45,9.72,3,0,6,6,5,1,109.3,449300.0
CLG0089,110.0,8.58,8.36,3,0,4,9,3,1,94.6,389400.0
CLG0088,111.0,9.99,9.9,4,0,0,6,4,1,110.1,451500.0
CLG0059,101.0,6.74,6.28,7,1,4,4,2,0,72.9,0.0
CLG0053,121.0,9.16,8.9,7,1,6,1,5,1,101.1,516500.0
CLG0068,106.0,8.49,8.77,10,0,5,7,2,0,98.29999999999998,0.0
CLG0063,87.0,8.46,8.57,5,1,9,7,0,0,94.4,0.0
CLG0029,121.0,6.63,6.34,9,0,4,6,2,0,75.5,0.0
CLG0003,110.0,8.93,8.69,7,1,7,3,0,0,97.89999999999999,0.0
CLG0095,93.0,9.5,9.82,2,1,8,5,4,0,107.5,0.0
CLG0089,92.0,6.09,5.8,3,1,0,7,1,0,67.2,0.0
CLG0037,104.0,8.13,7.96,7,0,5,6,1,0,90.0,0.0
CLG0063,106.0,6.96,7.12,5,0,1,7,1,0,81.8,0.0
CLG0023,102.0,9.95,10.01,7,0,7,5,4,0,110.3,0.0
CLG0049,104.0,7.39,7.35,9,0,4,1,4,0,83.9,0.0
CLG0086,125.0,6.14,6.54,9,0,0,10,3,1,77.9,324100.0
CLG0093,116.0,6.91,6.63,3,1,4,5,5,0,77.89999999999999,0.0
CLG0100,102.0,8.27,8.51,8,1,9,2,2,0,95.3,0.0
CLG0077,114.0,5.38,5.04,6,0,4,10,4,1,61.8,258600.0
CLG0003,84.0,8.02,8.14,4,0,1,10,2,1,89.80000000000001,367600.0
CLG0022,105.0,9.66,10.03,4,0,3,2,1,0,110.8,0.0
CLG0036,127.0,9.25,9.21,4,0,5,4,2,1,104.80000000000001,431900.00000000006
CLG0010,96.0,5.34,5.56,7,1,0,6,3,0,65.19999999999999,0.0
CLG0009,87.0,9.97,10.29,6,1,10,5,1,0,111.6,0.0
CLG0056,90.0,8.49,8.13,2,0,8,7,2,0,90.30000000000001,0.0
CLG0055,83.0,5.81,6.02,5,1,6,10,3,0,68.5,0.0
CLG0019,88.0,5.06,5.48,5,1,5,8,5,0,63.60000000000001,0.0
CLG0072,94.0,5.86,5.94,6,1,0,10,2,0,68.80000000000001,0.0
CLG0033,78.0,9.19,8.88,7,0,7,1,3,0,96.60000000000001,0.0
CLG0020,100.0,5.11,4.74,8,1,7,8,2,0,57.400000000000006,0.0
CLG0094,113.0,6.17,5.93,10,1,3,3,1,0,70.6,0.0
CLG0035,86.0,8.79,8.39,8,0,3,10,1,0,92.5,0.0
CLG0031,122.0,7.93,7.94,5,1,0,10,0,0,91.60000000000001,0.0
CLG0083,107.0,8.91,8.48,2,1,8,2,3,0,95.50000000000001,0.0
CLG0050,115.0,8.73,8.45,10,1,7,2,2,1,96.0,495500.0
CLG0046,90.0,5.25,5.19,8,1,9,5,5,0,60.900000000000006,0.0
CLG0078,112.0,9.46,9.43,6,0,6,2,2,1,105.5,433200.0
CLG0010,83.0,6.14,6.21,3,1,1,4,2,0,70.4,0.0
CLG0067,113.0,7.77,7.98,4,0,6,3,4,0,91.10000000000001,0.0
CLG0034,102.0,8.22,7.77,1,1,3,8,3,0,87.89999999999999,0.0
CLG0051,108.0,5.84,5.42,3,0,2,9,2,0,65.0,0.0
CLG0092,82.0,9.88,9.44,4,0,10,6,0,0,102.6,0.0
CLG0083,86.0,7.44,7.36,2,0,9,4,1,0,82.2,0.0
CLG0039,108.0,5.29,4.83,6,0,3,2,4,0,59.099999999999994,0.0
CLG0090,85.0,9.69,9.94,8,1,9,8,4,1,107.89999999999999,540100.0
CLG0068,106.0,7.93,7.65,6,0,5,3,1,0,87.1,0.0
CLG0012,79.0,8.5,8.94,10,0,6,2,5,0,97.3,0.0
CLG0026,112.0,7.63,7.62,3,0,1,4,5,0,87.4,0.0
CLG0071,81.0,9.17,9.12,9,1,6,2,4,0,99.29999999999998,0.0
CLG0067,108.0,5.17,5.45,4,1,9,3,0,0,65.3,0.0
CLG0090,109.0,6.34,6.55,6,0,1,9,0,0,76.4,0.0
CLG0002,89.0,7.35,7.46,4,0,10,7,1,0,83.5,0.0
CLG0012,108.0,5.38,5.82,4,0,1,1,3,0,69.0,0.0
CLG0059,103.0,8.53,8.45,2,0,0,10,5,1,94.8,389500.0
CLG0032,91.0,6.97,7.28,10,1,10,5,4,0,81.89999999999999,0.0
CLG0051,84.0,6.36,6.24,2,0,6,5,2,0,70.80000000000001,0.0
CLG0011,70.0,5.02,5.36,2,0,0,9,5,0,60.6,0.0
CLG0032,105.0,8.6,8.36,2,0,2,1,2,0,94.1,0.0
CLG0064,76.0,9.17,8.96,8,1,10,1,0,0,97.2,0.0
CLG0045,101.0,6.98,7.16,10,0,7,10,3,0,81.69999999999999,0.0
CLG0079,96.0,7.82,7.53,4,1,0,7,3,0,84.89999999999999,0.0
CLG0054,110.0,6.14,5.87,4,0,5,7,5,0,69.7,0.0
CLG0006,95.0,8.11,7.92,10,0,1,8,4,0,88.7,0.0
CLG0026,95.0,5.06,5.24,10,0,8,4,5,0,61.900000000000006,0.0
CLG0008,110.0,7.44,7.83,3,0,1,7,4,0,89.3,0.0
CLG0008,105.0,8.22,8.39,5,0,5,6,1,0,94.4,0.0
CLG0038,104.0,9.59,9.92,4,0,3,1,0,0,109.60000000000001,0.0
CLG0008,107.0,6.91,6.95,7,1,8,2,1,0,80.2,0.0
CLG0017,76.0,8.83,8.4,10,0,0,8,1,0,91.6,0.0
CLG0083,111.0,7.99,7.59,7,0,0,6,3,0,87.0,0.0
CLG0003,109.0,9.64,9.69,6,1,9,7,4,0,107.8,0.0
CLG0041,84.0,6.99,6.82,7,0,2,8,2,0,76.60000000000001,0.0
CLG0073,96.0,6.6,6.32,7,1,10,5,1,0,72.8,0.0
CLG0053,99.0,9.44,9.41,8,1,5,5,0,0,104.0,0.0
CLG0097,97.0,5.25,5.42,1,1,2,2,1,0,63.900000000000006,0.0
CLG0096,105.0,5.68,5.56,3,0,6,4,2,0,66.1,0.0
CLG0096,121.0,5.41,5.71,3,0,8,2,2,0,69.2,0.0
CLG0070,116.0,9.22,9.46,5,0,9,7,0,0,106.2,0.0
CLG0062,80.0,5.05,5.28,10,1,1,9,5,0,60.800000000000004,0.0
CLG0053,109.0,9.31,9.8,7,1,3,2,2,0,108.9,0.0
CLG0059,119.0,7.26,7.06,10,0,2,4,2,0,82.5,0.0
CLG0093,105.0,5.02,5.16,6,1,5,8,5,0,62.1,0.0
CLG0081,116.0,7.01,7.37,4,0,4,9,2,1,85.3,352800.0
CLG0083,130.0,5.93,6.01,6,0,2,4,1,0,73.1,0.0
CLG0095,115.0,8.12,8.41,7,0,8,8,0,1,95.6,393900.0
CLG0083,103.0,8.4,8.31,4,0,7,7,1,0,93.4,0.0
CLG0023,115.0,7.44,7.53,8,1,2,5,5,0,86.8,0.0
CLG0047,102.0,5.2,4.76,5,0,9,4,0,0,57.8,0.0
CLG0035,100.0,8.28,8.77,3,1,4,6,2,0,97.69999999999999,0.0
CLG0014,94.0,9.21,9.51,2,0,4,6,2,0,104.5,0.0
CLG0065,123.0,8.6,8.97,1,0,4,2,4,1,102.0,420300.0
CLG0097,87.0,9.15,9.34,4,0,7,3,2,0,102.10000000000001,0.0
CLG0049,122.0,6.0,5.69,2,1,2,6,0,0,69.10000000000001,0.0
CLG0036,107.0,9.44,8.97,3,0,2,4,3,0,100.4,0.0
CLG0001,79.0,6.61,6.97,1,0,7,3,0,0,77.60000000000001,0.0
CLG0084,105.0,5.07,4.97,6,0,8,4,2,0,60.199999999999996,0.0
CLG0022,68.0,9.22,8.98,4,0,4,6,2,0,96.60000000000001,0.0
CLG0035,109.0,9.71,9.77,5,0,9,3,3,0,108.6,0.0
CLG0003,113.0,8.28,8.2,8,0,7,1,2,1,93.3,384500.0
CLG0012,91.0,6.16,6.31,4,0,4,6,4,0,72.19999999999999,0.0
CLG0037,101.0,6.26,6.24,6,0,3,2,3,0,72.5,0.0
CLG0058,129.0,7.33,7.53,3,0,1,9,1,0,88.2,0.0
CLG0077,92.0,9.49,9.84,8,0,10,6,5,0,107.60000000000001,0.0
CLG0012,84.0,5.75,5.45,3,1,3,1,4,0,62.9,0.0
CLG0002,122.0,9.13,8.96,7,0,1,4,0,0,101.80000000000001,0.0
CLG0084,129.0,6.46,6.4,7,0,6,5,5,0,76.9,0.0
CLG0065,100.0,9.04,9.5,3,1,6,8,5,1,105.0,530000.0
CLG0058,115.0,9.6,9.47,3,1,8,3,4,1,106.2,536300.0
CLG0060,120.0,7.14,7.02,10,0,3,9,4,1,82.19999999999999,340800.0
CLG0041,88.0,6.83,6.98,10,0,4,9,2,0,78.60000000000001,0.0
CLG0035,92.0,9.01,8.93,8,1,10,10,1,0,98.5,0.0
CLG0088,118.0,7.65,8.1,3,0,3,5,3,1,92.8,383000.0
CLG0090,125.0,8.42,8.81,2,0,3,4,5,1,100.60000000000001,414900.0
CLG0011,108.0,8.11,8.12,5,1,4,7,4,0,91.99999999999999,0.0
CLG0052,86.0,5.76,5.9,7,1,2,9,5,0,67.6,0.0
CLG0052,129.0,9.22,8.78,8,0,8,6,2,1,100.7,415700.0
CLG0062,92.0,5.98,6.18,1,1,6,7,4,0,71.0,0.0
CLG0063,94.0,9.66,9.87,2,1,0,1,1,0,108.1,0.0
CLG0015,105.0,6.25,6.11,7,1,0,4,3,0,71.6,0.0
CLG0070,123.0,8.67,8.39,9,1,0,2,2,1,96.2,497100.0
CLG0040,112.0,6.42,6.84,3,1,2,1,4,0,79.60000000000001,0.0
CLG0009,106.0,6.59,6.52,8,1,8,7,1,0,75.79999999999998,0.0
CLG0070,106.0,6.55,6.7,10,0,7,10,0,0,77.6,0.0
CLG0017,100.0,8.74,8.27,3,0,8,4,0,0,92.69999999999999,0.0
CLG0023,108.0,7.78,7.69,4,1,4,2,1,0,87.7,0.0
CLG0058,62.0,9.41,9.73,2,0,6,5,5,0,103.50000000000001,0.0
CLG0095,95.0,6.54,6.43,9,1,9,7,3,0,73.8,0.0
CLG0080,103.0,8.46,8.56,5,0,8,2,4,0,95.9,0.0
CLG0051,82.0,8.76,8.47,5,1,4,7,4,0,92.9,0.0
CLG0057,105.0,5.76,5.68,4,0,7,3,1,0,67.3,0.0
CLG0086,96.0,7.0,7.43,5,1,7,8,4,0,83.89999999999999,0.0
CLG0016,126.0,7.41,7.48,1,0,2,7,3,0,87.4,0.0
CLG0045,123.0,6.78,7.18,10,1,4,1,1,0,84.1,0.0
CLG0061,93.0,6.61,7.01,10,1,7,9,5,0,79.39999999999999,0.0
CLG0012,97.0,8.43,8.87,6,0,9,6,0,0,98.39999999999999,0.0
CLG0073,98.0,6.08,6.48,4,0,2,4,0,0,74.60000000000001,0.0
CLG0006,93.0,8.55,8.05,4,0,2,6,2,0,89.8,0.0
CLG0004,102.0,9.68,10.11,5,0,5,2,5,0,111.3,0.0
CLG0081,88.0,7.83,7.47,1,1,6,2,5,0,83.5,0.0
CLG0074,83.0,8.06,7.6,4,0,6,8,0,0,84.3,0.0
CLG0035,109.0,5.34,4.9,10,0,5,10,4,0,59.9,0.0
CLG0047,109.0,9.32,9.17,3,1,6,5,3,0,102.60000000000001,0.0
CLG0085,87.0,6.43,6.55,5,0,6,7,3,0,74.2,0.0
CLG0019,113.0,8.08,7.98,10,0,3,1,2,0,91.10000000000001,0.0
CLG0027,90.0,9.9,9.43,5,1,7,6,5,0,103.3,0.0
CLG0011,103.0,7.98,7.96,8,1,7,10,4,0,89.89999999999999,0.0
CLG0070,112.0,8.62,8.56,1,1,1,7,5,1,96.80000000000001,498400.0
CLG0059,99.0,7.23,7.49,3,0,9,10,1,0,84.80000000000001,0.0
CLG0041,106.0,5.3,5.08,5,0,4,7,2,0,61.4,0.0
CLG0043,92.0,8.99,8.71,3,0,1,10,4,1,96.30000000000001,394400.00000000006
CLG0028,97.0,5.17,4.93,6,0,2,3,1,0,59.0,0.0
CLG0063,96.0,8.5,8.3,10,1,2,9,0,0,92.6,0.0
CLG0067,88.0,5.11,5.21,3,1,4,9,0,0,60.900000000000006,0.0
CLG0045,97.0,9.31,9.28,6,0,7,5,1,0,102.5,0.0
CLG0024,76.0,5.79,5.63,8,0,2,9,2,0,63.9,0.0
CLG0077,92.0,7.57,7.44,4,1,6,7,1,0,83.60000000000001,0.0
CLG0064,95.0,7.99,7.86,8,1,4,7,5,0,88.10000000000001,0.0
CLG0079,96.0,7.29,7.76,7,1,9,9,4,0,87.19999999999999,0.0
CLG0073,96.0,6.7,6.43,4,1,9,2,5,0,73.89999999999999,0.0
CLG0039,99.0,7.34,7.66,3,1,9,10,5,0,86.5,0.0
CLG0099,107.0,6.56,6.77,5,1,3,5,1,0,78.39999999999999,0.0
CLG0045,113.0,7.19,6.7,5,1,1,8,4,1,78.3,424500.0
CLG0061,90.0,6.79,7.28,7,0,5,8,4,0,81.8,0.0
CLG0082,81.0,7.83,8.09,1,0,3,3,0,0,89.0,0.0
CLG0043,84.0,6.19,6.37,9,0,3,5,4,0,72.10000000000001,0.0
CLG0067,92.0,9.94,9.85,2,0,4,4,3,0,107.7,0.0
CLG0092,94.0,7.5,7.56,9,0,8,4,5,0,85.0,0.0
CLG0080,88.0,5.97,5.72,9,0,0,2,0,0,66.0,0.0
CLG0042,80.0,7.39,6.93,3,1,4,6,5,0,77.3,0.0
CLG0041,93.0,9.33,9.67,7,0,4,1,0,0,106.0,0.0
CLG0047,102.0,5.11,5.51,3,1,1,8,1,0,65.3,0.0
CLG0043,108.0,8.4,8.06,8,1,2,10,4,1,91.4,476400.0
CLG0023,91.0,7.74,8.03,8,0,3,9,5,1,89.39999999999999,366700.0
CLG0032,93.0,5.85,6.09,3,1,0,5,1,0,70.2,0.0
CLG0074,86.0,9.09,8.77,5,0,9,6,4,0,96.29999999999998,0.0
CLG0057,99.0,6.84,6.76,7,0,2,1,0,0,77.5,0.0
CLG0038,87.0,6.47,6.39,1,1,0,6,3,0,72.6,0.0
CLG0077,108.0,9.14,9.4,3,1,0,1,5,0,104.8,0.0
CLG0015,73.0,8.19,8.53,1,1,8,5,0,0,92.6,0.0
CLG0028,94.0,9.49,9.08,2,0,3,9,2,1,100.2,410200.0
CLG0013,104.0,8.15,8.21,7,1,3,5,1,0,92.50000000000001,0.0
CLG0035,102.0,8.7,8.96,7,0,3,3,3,0,99.80000000000001,0.0
CLG0002,140.0,9.18,9.47,3,1,10,4,1,0,108.7,0.0
CLG0061,105.0,5.27,4.92,6,1,8,3,4,0,59.7,0.0
CLG0065,84.0,8.88,8.91,6,0,10,4,1,0,97.5,0.0
CLG0041,98.0,8.07,8.43,2,0,7,10,0,0,94.1,0.0
CLG0096,73.0,5.35,5.17,9,0,3,6,0,0,59.0,0.0
CLG0094,98.0,7.54,7.47,8,0,5,3,1,0,84.5,0.0
CLG0086,87.0,5.41,5.71,2,0,1,5,4,0,65.8,0.0
CLG0004,113.0,8.68,8.27,4,0,5,7,4,1,93.99999999999999,387300.0
CLG0053,91.0,7.73,8.09,9,0,0,1,3,0,90.0,0.0
CLG0088,98.0,9.77,9.58,4,0,4,3,0,0,105.6,0.0
CLG0014,90.0,5.92,5.42,7,0,7,6,1,0,63.2,0.0
CLG0017,126.0,8.03,7.76,5,0,0,10,3,1,90.19999999999999,373400.0
CLG0014,95.0,6.06,5.65,10,1,10,2,2,0,66.0,0.0
CLG0041,127.0,8.07,7.66,6,0,1,8,3,1,89.3,369900.0
CLG0062,112.0,8.61,8.8,1,1,2,7,5,1,99.2,508000.0
CLG0052,107.0,8.61,8.32,4,1,6,2,2,0,93.9,0.0
CLG0027,105.0,9.08,9.51,5,0,7,5,2,0,105.6,0.0
CLG0085,105.0,9.27,9.29,6,1,3,4,3,0,103.39999999999999,0.0
CLG0040,71.0,5.39,5.35,6,0,7,2,0,0,60.6,0.0
CLG0035,95.0,6.72,6.65,5,1,0,4,3,0,76.0,0.0
CLG0090,112.0,8.44,8.63,3,0,2,9,3,1,97.50000000000001,401200.00000000006
CLG0095,99.0,7.49,7.44,2,0,3,10,5,0,84.30000000000001,0.0
CLG0059,78.0,5.95,5.58,7,0,4,2,0,0,63.599999999999994,0.0
CLG0097,99.0,7.76,8.14,1,0,10,10,0,0,91.30000000000001,0.0
CLG0049,125.0,7.04,6.97,5,1,8,10,5,1,82.2,441300.0
CLG0063,118.0,6.95,6.52,4,0,1,6,0,0,76.99999999999999,0.0
CLG0011,99.0,9.05,9.08,7,1,6,4,0,0,100.7,0.0
CLG0080,114.0,7.04,7.19,2,1,2,8,5,1,83.30000000000001,444600.0
CLG0006,94.0,5.13,4.91,8,0,9,4,0,0,58.5,0.0
CLG0098,74.0,5.29,5.59,9,0,1,9,5,0,63.3,0.0
CLG0041,86.0,9.28,9.45,10,1,8,10,0,0,103.1,0.0
CLG0032,123.0,9.8,9.95,1,0,2,3,3,1,111.8,459500.0
CLG0021,95.0,8.44,8.36,5,0,7,7,5,0,93.1,0.0
CLG0093,96.0,6.82,7.28,4,0,0,5,1,0,82.39999999999999,0.0
CLG0075,95.0,9.69,9.46,5,1,4,1,1,0,104.10000000000001,0.0
CLG0057,128.0,8.31,8.39,9,0,4,3,1,0,96.7,0.0
CLG0005,124.0,9.22,9.03,3,0,5,9,3,1,102.7,423200.0
CLG0091,133.0,8.83,9.07,1,1,6,9,0,1,104.0,529300.0
CLG0028,97.0,6.9,6.45,3,1,2,5,2,0,74.2,0.0
CLG0095,104.0,7.39,6.94,4,0,4,5,0,0,79.80000000000001,0.0
CLG0075,77.0,5.93,6.24,2,0,7,4,4,0,70.10000000000001,0.0
CLG0077,122.0,6.46,6.39,1,0,5,4,0,0,76.1,0.0
CLG0070,82.0,8.89,8.73,1,0,1,4,5,0,95.50000000000001,0.0
CLG0027,103.0,9.47,9.58,8,0,6,2,5,0,106.1,0.0
CLG0094,83.0,8.62,8.82,4,0,2,7,1,0,96.5,0.0
CLG0053,91.0,7.33,7.03,2,0,9,3,0,0,79.39999999999999,0.0
CLG0048,87.0,5.43,5.12,10,1,8,1,0,0,59.900000000000006,0.0
CLG0083,90.0,5.28,5.74,3,1,3,10,5,0,66.4,0.0
CLG0078,91.0,6.87,6.96,8,0,10,3,4,0,78.69999999999999,0.0
CLG0058,91.0,7.32,7.21,6,0,3,9,2,0,81.19999999999999,0.0
CLG0009,112.0,8.05,8.35,8,0,3,9,2,1,94.7,390000.0
CLG0055,83.0,5.03,5.06,10,0,9,10,1,0,58.89999999999999,0.0
CLG0045,103.0,9.95,9.69,5,1,9,7,5,0,107.19999999999999,0.0
CLG0028,118.0,6.82,6.53,3,1,7,1,2,0,77.1,0.0
CLG0028,92.0,9.24,9.14,6,0,0,6,1,0,100.60000000000001,0.0
CLG0046,89.0,7.67,8.03,10,1,2,10,3,1,89.2,465700.0
CLG0025,96.0,5.65,5.21,8,0,7,1,4,0,61.7,0.0
CLG0026,117.0,8.99,8.71,5,0,6,2,0,0,98.80000000000001,0.0
CLG0062,102.0,8.55,8.94,5,1,5,3,4,0,99.6,0.0
CLG0068,92.0,7.64,7.26,3,1,6,6,2,0,81.8,0.0
CLG0067,107.0,7.57,7.7,3,0,0,7,5,0,87.7,0.0
CLG0034,83.0,5.44,5.15,8,1,7,8,0,0,59.8,0.0
CLG0021,110.0,8.28,8.39,1,0,3,9,4,1,94.9,390600.0
CLG0081,106.0,9.56,9.44,4,0,0,7,4,0,104.99999999999999,0.0
CLG0034,95.0,5.47,5.07,9,1,3,6,5,0,60.2,0.0
CLG0044,87.0,6.32,6.4,6,0,1,5,5,0,72.7,0.0
CLG0076,86.0,9.51,9.69,6,0,4,10,1,0,105.49999999999999,0.0
CLG0089,108.0,6.42,6.6,10,0,0,2,5,0,76.8,0.0
CLG0021,118.0,8.27,8.41,7,0,0,8,5,1,95.89999999999999,395400.0
CLG0018,90.0,7.67,7.67,7,1,4,5,5,0,85.7,0.0
CLG0036,106.0,7.98,8.0,6,0,1,10,3,0,90.6,0.0
CLG0070,68.0,7.08,7.22,9,1,8,2,4,0,79.0,0.0
CLG0084,91.0,6.5,6.69,8,0,9,3,5,0,76.0,0.0
CLG0053,99.0,5.24,5.39,8,1,6,10,0,0,63.8,0.0
CLG0020,86.0,8.72,8.81,2,1,3,10,3,1,96.7,495400.0
CLG0096,85.0,8.73,8.39,7,0,6,7,3,0,92.4,0.0
CLG0095,89.0,8.35,8.06,1,1,7,10,5,1,89.50000000000001,466900.0
CLG0084,104.0,8.22,7.98,10,0,7,8,0,0,90.20000000000002,0.0
CLG0094,97.0,6.22,6.64,8,0,7,5,3,0,76.1,0.0
CLG0003,66.0,5.11,5.37,3,0,4,10,2,0,60.300000000000004,0.0
CLG0084,68.0,9.04,9.09,9,0,6,8,3,1,97.7,397600.0
CLG0008,90.0,7.46,7.21,5,1,10,10,1,0,81.1,0.0
CLG0085,106.0,6.53,6.14,7,0,6,10,3,0,72.0,0.0
CLG0048,58.0,5.51,5.91,7,0,1,6,4,0,64.9,0.0
CLG0023,92.0,5.31,5.7,9,1,2,2,5,0,66.2,0.0
CLG0001,92.0,6.74,6.35,2,1,10,2,3,0,72.7,0.0
CLG0002,120.0,9.02,9.32,4,0,1,8,1,1,105.2,432800.0
CLG0074,94.0,9.59,9.54,8,1,2,4,1,0,104.8,0.0
CLG0037,105.0,9.48,9.3,5,0,8,8,5,1,103.5,424500.0
CLG0094,102.0,9.6,9.84,5,1,6,9,3,1,108.60000000000001,544600.0
CLG0051,68.0,9.54,9.65,3,0,3,6,2,0,103.3,0.0
CLG0044,111.0,7.64,7.92,5,1,7,9,3,1,90.3,472300.0
CLG0024,103.0,6.1,5.67,7,0,6,6,0,0,67.0,0.0
CLG0032,107.0,8.99,8.81,4,1,9,3,1,0,98.80000000000001,0.0
CLG0056,141.5,6.07,5.89,8,0,5,8,3,1,73.05,306350.0
CLG0050,68.0,6.34,6.17,6,1,3,1,2,0,68.5,0.0
CLG0064,125.0,6.17,6.17,6,0,4,6,2,0,74.2,0.0
CLG0030,95.0,7.57,7.35,6,1,9,3,2,0,83.0,0.0
CLG0038,104.0,6.61,6.55,4,0,7,10,4,0,75.9,0.0
CLG0078,99.0,5.77,5.64,3,0,2,10,4,0,66.3,0.0
CLG0055,93.0,7.27,7.51,10,1,10,3,4,0,84.39999999999999,0.0
CLG0003,91.0,9.37,9.47,6,1,2,9,5,1,103.8,524300.0
CLG0025,104.0,7.85,8.0,6,0,4,7,0,0,90.4,0.0
CLG0045,77.0,9.39,9.1,2,1,8,2,0,0,98.7,0.0
CLG0062,111.0,5.98,5.81,10,0,4,6,5,0,69.19999999999999,0.0
CLG0007,93.0,5.83,5.35,9,0,0,4,3,0,62.8,0.0
CLG0081,83.0,7.88,7.49,4,1,4,10,4,0,83.2,0.0
CLG0027,93.0,7.32,7.09,4,0,8,7,4,0,80.2,0.0
CLG0023,118.0,8.3,7.87,10,1,6,4,0,0,90.5,0.0
CLG0032,91.0,8.97,9.07,8,0,8,7,2,0,99.8,0.0
CLG0002,105.0,8.76,9.26,3,0,9,6,2,0,103.1,0.0
CLG0075,89.0,9.71,9.31,10,1,9,8,5,1,102.00000000000001,516900.0
CLG0034,111.0,6.99,7.31,7,1,4,7,5,0,84.19999999999999,0.0
CLG0052,110.0,6.03,5.65,7,0,2,9,5,0,67.5,0.0
CLG0061,127.0,7.75,7.92,2,0,1,4,1,0,91.9,0.0
CLG0034,97.0,5.55,5.69,3,1,8,9,5,0,66.60000000000001,0.0
CLG0007,110.0,6.44,6.84,4,1,4,5,3,0,79.4,0.0
CLG0010,101.0,6.04,5.65,2,1,10,9,3,0,66.6,0.0
CLG0089,119.0,6.98,6.8,9,0,0,4,4,0,79.9,0.0
CLG0002,89.0,5.56,5.15,10,1,1,3,0,0,60.4,0.0
CLG0030,111.0,5.16,5.07,6,0,1,7,3,0,61.800000000000004,0.0
CLG0081,97.0,8.28,8.69,1,1,3,4,2,0,96.6,0.0
CLG0029,99.0,8.05,8.33,1,0,5,5,0,0,93.2,0.0
CLG0082,101.0,8.54,8.76,8,1,7,3,4,0,97.69999999999999,0.0
CLG0060,103.0,8.3,8.33,6,1,2,6,5,0,93.6,0.0
CLG0099,98.0,5.57,5.95,10,0,9,4,4,0,69.3,0.0
CLG0017,103.0,6.46,6.41,7,1,9,1,3,0,74.39999999999999,0.0
CLG0056,123.0,5.65,5.3,6,1,5,2,3,0,65.3,0.0
CLG0086,114.0,9.21,9.55,2,0,3,8,5,1,106.9,439000.0
CLG0051,113.0,8.73,8.51,3,1,7,4,1,0,96.39999999999999,0.0
CLG0025,93.0,6.01,5.56,8,1,8,10,5,0,64.89999999999999,0.0
CLG0084,86.0,6.71,6.34,4,1,8,2,5,0,72.0,0.0
CLG0016,114.0,9.83,9.94,8,0,5,4,3,1,110.8,454600.0
CLG0025,113.0,7.97,8.08,3,1,1,7,3,1,92.1,479700.0
CLG0015,122.0,9.01,8.77,2,1,1,2,2,1,99.89999999999999,511800.0
CLG0079,90.0,6.32,6.55,7,1,9,6,2,0,74.5,0.0
CLG0057,96.0,6.05,6.32,1,0,8,1,0,0,72.8,0.0
CLG0015,75.0,8.92,9.34,3,0,4,3,3,0,100.9,0.0
CLG0056,94.0,8.43,8.51,2,0,6,9,3,1,94.5,387400.0
CLG0082,114.0,8.4,8.68,5,0,5,5,4,1,98.2,404200.0
CLG0037,93.0,7.76,8.01,2,0,8,8,2,1,89.39999999999999,366900.0
CLG0065,109.0,7.82,7.58,10,0,4,1,4,0,86.7,0.0
CLG0033,97.0,8.68,8.49,5,0,7,4,3,0,94.60000000000001,0.0
CLG0003,104.0,6.35,6.33,3,1,3,3,2,0,73.7,0.0
CLG0049,82.0,6.76,6.28,9,1,6,10,3,0,71.0,0.0
CLG0022,101.0,9.36,9.16,10,0,8,9,1,0,101.69999999999999,0.0
CLG0054,57.5,6.54,6.51,9,1,1,7,5,0,70.85,0.0
CLG0021,97.0,7.73,7.34,8,0,8,3,4,0,83.10000000000001,0.0
CLG0027,75.0,8.51,8.14,5,0,7,1,2,0,88.9,0.0
CLG0004,118.0,10.0,9.96,10,1,9,5,2,1,111.4,557400.0
CLG0099,111.0,7.18,7.41,7,0,0,10,3,1,85.19999999999999,351900.0
CLG0001,107.0,7.14,7.47,2,0,9,3,3,0,85.4,0.0
CLG0004,122.0,9.21,9.26,3,1,6,2,0,0,104.8,0.0
CLG0055,85.0,9.03,9.0,2,0,4,3,0,0,98.5,0.0
CLG0024,126.0,8.66,8.54,10,0,4,5,4,1,97.99999999999999,404599.99999999994
CLG0029,113.0,7.32,7.01,1,0,6,5,2,0,81.39999999999999,0.0
CLG0022,96.0,6.62,6.27,3,0,10,10,3,0,72.3,0.0
CLG0023,117.0,8.04,8.33,4,0,9,8,4,1,95.0,391700.0
CLG0085,83.0,9.38,9.35,9,0,3,4,2,0,101.8,0.0
CLG0078,87.0,9.42,9.71,2,0,0,2,3,0,105.80000000000001,0.0
CLG0008,90.0,5.54,5.74,9,1,5,8,0,0,66.4,0.0
CLG0058,92.0,7.14,6.83,1,1,0,8,2,0,77.5,0.0
CLG0080,84.0,7.32,7.33,9,0,10,10,3,0,81.7,0.0
CLG0099,118.0,9.89,9.83,6,0,0,8,4,1,110.1,452200.0
CLG0088,96.0,8.39,8.31,8,0,7,1,4,0,92.7,0.0
CLG0059,105.0,7.04,7.08,3,0,3,9,1,0,81.3,0.0
CLG0090,91.0,5.13,5.61,8,0,4,4,2,0,65.2,0.0
CLG0007,72.0,7.83,8.14,9,1,9,4,4,0,88.60000000000001,0.0
CLG0025,104.0,5.48,5.88,7,0,9,8,2,0,69.2,0.0
CLG0045,71.0,9.17,8.7,4,0,0,8,4,1,94.1,383500.0
CLG0090,98.0,8.76,8.4,6,1,9,6,2,0,93.8,0.0
CLG0026,79.0,7.3,6.88,6,1,6,4,2,0,76.7,0.0
CLG0030,129.0,7.15,6.91,2,0,10,3,2,0,82.0,0.0
CLG0066,113.0,9.49,9.43,2,1,1,5,1,0,105.6,0.0
CLG0053,101.0,6.44,6.58,5,0,5,8,0,0,75.89999999999999,0.0
CLG0073,118.0,6.25,6.25,1,0,8,7,5,0,74.3,0.0
CLG0039,87.0,9.7,10.1,5,1,1,8,2,1,109.7,547500.0
CLG0011,108.0,9.05,9.49,10,1,5,1,0,0,105.7,0.0
CLG0079,102.0,9.1,8.76,3,0,4,4,5,0,97.8,0.0
CLG0012,103.0,5.98,6.33,3,1,1,9,0,0,73.6,0.0
CLG0099,119.0,5.72,5.7,8,1,8,6,0,0,68.9,0.0
CLG0050,110.0,5.13,5.08,3,1,1,10,4,0,61.8,0.0
CLG0056,104.0,6.19,6.47,3,1,0,8,3,0,75.10000000000001,0.0
CLG0040,75.0,8.87,8.46,1,0,8,8,5,1,92.10000000000001,375900.00000000006
CLG0016,85.0,6.2,6.58,8,0,8,5,0,0,74.3,0.0
CLG0049,98.0,8.65,8.82,10,1,8,8,2,1,98.0,501800.0
CLG0032,101.0,6.26,6.64,10,0,7,4,3,0,76.49999999999999,0.0
CLG0082,83.0,6.98,7.47,6,1,3,6,4,0,83.0,0.0
CLG0045,136.0,9.92,9.94,8,0,8,7,1,0,112.99999999999999,0.0
CLG0085,122.0,6.22,5.81,3,0,1,6,0,0,70.3,0.0
CLG0080,109.0,6.88,6.55,6,1,0,6,0,0,76.4,0.0
CLG0071,101.0,6.51,6.33,2,1,9,8,4,0,73.39999999999999,0.0
CLG0005,96.0,5.55,5.15,3,0,6,5,2,0,61.1,0.0
CLG0044,85.0,7.45,7.77,4,0,5,8,5,0,86.19999999999999,0.0
CLG0041,101.0,6.89,6.69,9,0,2,9,5,0,77.0,0.0
CLG0097,103.0,8.47,8.95,4,0,1,4,5,0,99.8,0.0
CLG0095,81.0,9.09,9.29,7,0,7,3,2,0,100.99999999999999,0.0
CLG0085,105.0,7.72,7.39,8,1,3,5,3,0,84.39999999999999,0.0
CLG0067,97.0,5.16,5.14,5,0,5,10,3,0,61.099999999999994,0.0
CLG0074,71.0,8.09,8.06,2,0,3,10,2,1,87.7,357900.0
CLG0075,87.0,5.28,5.27,8,0,10,5,1,0,61.39999999999999,0.0
CLG0022,93.0,8.08,8.12,5,1,8,7,2,0,90.49999999999999,0.0
CLG0017,128.0,8.43,7.96,5,0,4,3,1,0,92.39999999999999,0.0
CLG0089,108.0,5.99,6.18,7,0,5,10,4,0,72.6,0.0
CLG0092,79.0,9.1,9.09,6,0,8,9,5,1,98.80000000000001,403100.0
CLG0050,107.0,9.56,9.85,3,0,5,6,1,0,109.2,0.0
CLG0084,76.0,9.07,9.39,7,0,1,10,5,1,101.5,413600.0
CLG0094,116.0,6.53,6.26,1,0,10,9,4,1,74.19999999999999,308400.0
CLG0031,92.0,7.93,7.48,4,1,0,1,5,0,84.00000000000001,0.0
CLG0013,98.0,9.57,9.77,4,0,8,2,5,0,107.49999999999999,0.0
CLG0074,119.0,6.6,7.08,6,0,1,10,0,0,82.7,0.0
CLG0051,80.0,9.1,9.05,6,0,1,2,2,0,98.5,0.0
CLG0033,79.0,5.05,4.81,10,1,3,8,3,0,55.99999999999999,0.0
CLG0020,91.0,5.02,4.68,8,1,9,4,0,0,55.9,0.0
CLG0048,115.0,8.8,8.59,1,0,9,7,3,1,97.4,401100.0
CLG0078,77.0,8.81,8.64,7,0,2,4,1,0,94.10000000000001,0.0
CLG0072,57.5,8.94,8.86,4,0,6,4,2,0,94.35,0.0
CLG0072,93.0,9.65,9.81,6,0,6,8,2,1,107.4,438900.0
CLG0092,108.0,5.59,5.36,10,1,2,10,2,0,64.4,0.0
CLG0074,118.0,6.16,5.71,9,0,2,4,0,0,68.9,0.0
CLG0014,93.0,9.52,9.39,3,0,8,3,4,0,103.2,0.0
CLG0062,93.0,5.89,6.25,8,0,6,10,1,0,71.8,0.0
CLG0051,117.0,8.41,8.41,3,1,2,9,0,1,95.8,494900.0
CLG0078,71.0,7.65,8.11,6,0,2,3,0,0,88.19999999999999,0.0
CLG0070,94.0,5.42,5.42,2,1,2,5,4,0,63.6,0.0
CLG0098,102.0,6.43,6.21,9,1,8,1,3,0,72.3,0.0
CLG0081,106.0,7.6,7.29,2,0,7,9,3,0,83.5,0.0
CLG0021,92.0,9.26,9.45,5,0,6,6,2,0,103.7,0.0
CLG0092,100.0,8.54,8.58,6,0,7,5,0,0,95.8,0.0
CLG0038,62.0,8.11,8.21,4,0,0,4,4,0,88.30000000000001,0.0
CLG0015,90.0,7.48,7.74,7,0,8,8,4,0,86.4,0.0
CLG0036,106.0,6.49,6.72,7,1,4,2,3,0,77.8,0.0
CLG0100,85.0,5.6,5.14,7,0,4,10,4,0,59.9,0.0
CLG0009,100.0,7.05,7.35,7,1,4,5,3,0,83.5,0.0
CLG0099,106.0,5.14,5.17,10,1,8,8,3,0,62.300000000000004,0.0
CLG0059,94.0,6.06,5.95,10,1,4,1,5,0,68.9,0.0
CLG0082,102.0,7.16,7.2,9,0,1,3,0,0,82.2,0.0
CLG0054,85.0,7.09,7.2,2,1,5,7,5,0,80.5,0.0
CLG0017,96.0,5.22,4.87,5,1,6,10,1,0,58.300000000000004,0.0
CLG0082,109.0,7.95,7.87,10,0,10,5,5,0,89.60000000000001,0.0
CLG0004,102.0,7.75,7.59,9,1,6,10,2,0,86.10000000000001,0.0
CLG0084,91.0,5.39,5.24,2,1,6,9,1,0,61.50000000000001,0.0
CLG0013,103.0,9.72,9.31,3,1,10,1,4,0,103.4,0.0
CLG0075,110.0,5.5,5.16,7,0,1,7,5,0,62.6,0.0
CLG0043,69.0,9.27,8.93,9,0,5,10,1,0,96.2,0.0
CLG0097,117.0,5.0,4.87,3,1,8,6,1,0,60.400000000000006,0.0
CLG0092,94.0,9.41,9.8,10,0,0,10,3,1,107.4,439000.0
CLG0008,106.0,5.1,4.81,8,0,2,4,0,0,58.699999999999996,0.0
CLG0020,117.0,8.79,8.71,8,1,5,10,4,1,98.80000000000001,506900.00000000006
CLG0082,79.0,6.81,6.62,4,0,6,10,2,0,74.10000000000001,0.0
CLG0071,89.0,8.69,8.98,6,0,1,6,3,0,98.70000000000002,0.0
CLG0061,95.0,7.01,6.56,8,1,9,10,2,0,75.1,0.0
CLG0044,88.0,5.35,5.05,9,1,7,9,0,0,59.3,0.0
CLG0097,126.0,8.84,8.55,2,0,10,9,1,1,98.1,405000.0
CLG0051,87.0,5.36,5.85,1,1,5,2,5,0,67.2,0.0
CLG0058,91.0,9.61,9.68,5,1,8,9,1,0,105.89999999999999,0.0
CLG0075,103.0,5.25,4.89,10,0,8,2,0,0,59.2,0.0
CLG0030,81.0,7.4,7.17,3,1,8,6,4,0,79.8,0.0
CLG0099,94.0,8.62,8.29,6,0,8,7,3,0,92.3,0.0
CLG0084,104.0,6.97,6.59,1,1,1,9,1,0,76.30000000000001,0.0
CLG0010,95.0,6.09,6.39,4,1,9,6,5,0,73.4,0.0
CLG0094,98.0,8.8,8.8,6,0,9,8,0,0,97.8,0.0
CLG0018,92.0,8.92,9.05,2,0,6,10,3,1,99.7,408000.0
CLG0025,77.0,9.61,9.44,8,0,4,3,3,0,102.1,0.0
CLG0096,104.0,6.88,6.93,4,0,8,10,0,0,79.7,0.0
CLG0034,126.0,7.53,7.29,2,0,0,6,1,0,85.5,0.0
CLG0044,100.0,6.82,6.63,1,0,9,2,4,0,76.3,0.0
CLG0039,103.0,6.29,6.44,8,0,6,1,1,0,74.7,0.0
CLG0095,110.0,8.76,8.41,10,1,9,6,1,0,95.1,0.0
CLG0092,80.0,6.7,6.82,1,0,4,3,1,0,76.2,0.0
CLG0090,125.0,7.14,7.49,7,0,10,5,5,0,87.4,0.0
CLG0068,103.0,7.02,6.64,7,1,8,6,1,0,76.69999999999999,0.0
CLG0043,124.0,8.56,8.96,6,1,6,10,5,1,102.00000000000001,520400.00000000006
CLG0020,89.0,9.59,9.17,8,0,3,6,5,0,100.60000000000001,0.0
CLG0072,127.0,8.33,8.18,10,0,10,10,2,1,94.5,390700.0
CLG0002,111.0,7.36,7.47,1,1,7,7,0,0,85.8,0.0
CLG0027,108.0,8.9,8.96,1,0,8,7,4,0,100.4,0.0
CLG0034,103.0,8.2,7.8,1,0,8,6,5,0,88.3,0.0
CLG0055,96.0,5.3,5.6,6,1,9,1,4,0,65.6,0.0
CLG0036,118.0,5.48,5.95,7,1,3,8,2,1,71.3,397000.0
CLG0085,102.0,5.19,4.87,10,0,5,10,4,0,58.900000000000006,0.0
CLG0072,70.0,7.28,7.68,9,1,3,4,2,0,83.8,0.0
CLG0087,83.0,9.13,9.19,10,1,0,1,2,0,100.19999999999999,0.0
CLG0072,97.0,6.57,7.01,5,1,5,10,5,0,79.8,0.0
CLG0069,104.0,6.92,6.6,1,0,7,2,4,0,76.4,0.0
CLG0065,99.0,9.55,9.84,9,1,5,3,4,0,108.30000000000001,0.0
CLG0085,118.0,9.18,8.74,5,1,2,6,1,0,99.2,0.0
CLG0044,70.0,8.33,8.71,6,1,7,2,5,0,94.10000000000001,0.0
CLG0043,102.0,6.33,6.5,9,1,9,2,2,0,75.2,0.0
CLG0074,72.0,5.59,5.46,2,1,8,6,3,0,61.800000000000004,0.0
CLG0066,111.0,5.08,4.77,3,1,0,4,0,0,58.8,0.0
CLG0021,98.0,5.54,5.86,7,1,10,5,1,0,68.4,0.0
CLG0061,106.0,6.46,6.56,3,1,10,8,5,0,76.19999999999999,0.0
CLG0013,87.0,7.76,7.62,2,1,5,3,2,0,84.9,0.0
CLG0028,119.0,5.32,5.26,7,0,9,5,5,0,64.5,0.0
CLG0030,115.0,5.68,6.01,8,0,7,1,1,0,71.6,0.0
CLG0082,108.0,5.91,5.75,9,0,1,10,1,0,68.3,0.0
CLG0002,98.0,8.16,7.75,2,0,3,4,5,0,87.3,0.0
CLG0058,108.0,8.08,8.49,2,0,0,5,5,0,95.7,0.0
CLG0083,89.0,7.75,7.64,7,1,3,4,0,0,85.3,0.0
CLG0021,112.0,6.25,6.1,4,0,1,9,4,1,72.2,300000.0
CLG0090,124.0,6.86,6.56,5,0,2,8,4,1,78.0,324400.0
CLG0046,116.0,5.48,5.88,1,1,3,2,5,0,70.39999999999999,0.0
CLG0089,89.0,6.13,5.85,6,0,2,9,0,0,67.4,0.0
CLG0083,105.0,9.49,9.63,10,0,5,2,5,0,106.80000000000001,0.0
CLG0025,80.0,9.9,10.28,8,0,6,6,1,0,110.8,0.0
CLG0057,108.0,8.24,7.77,1,0,10,2,2,0,88.49999999999999,0.0
CLG0020,106.0,9.58,9.91,2,1,6,6,4,0,109.69999999999999,0.0
CLG0006,71.0,8.21,8.12,7,1,0,6,3,0,88.29999999999998,0.0
CLG0018,82.0,5.17,5.33,2,1,4,7,5,0,61.5,0.0
CLG0049,95.0,9.98,9.85,9,1,2,10,5,1,108.0,541500.0
CLG0082,95.0,5.49,5.69,6,0,0,5,2,0,66.4,0.0
CLG0020,81.0,8.41,8.16,5,1,0,3,1,0,89.69999999999999,0.0
CLG0034,105.0,6.26,5.78,7,0,1,2,3,0,68.30000000000001,0.0
CLG0010,103.0,6.96,7.41,10,1,9,4,2,0,84.39999999999999,0.0
CLG0033,97.0,8.23,7.75,8,1,7,1,0,0,87.2,0.0
CLG0055,88.0,7.18,7.5,9,0,3,2,3,0,83.8,0.0
CLG0019,115.0,6.25,5.92,6,0,9,8,5,1,70.7,294300.0
CLG0066,124.0,6.67,6.56,5,0,2,5,1,0,78.0,0.0
CLG0047,92.0,6.71,7.03,7,0,7,5,5,0,79.5,0.0
CLG0049,90.0,9.8,9.51,2,1,1,3,3,0,104.1,0.0
CLG0067,107.0,8.99,9.36,8,0,8,1,0,0,104.3,0.0
CLG0030,94.0,7.29,7.29,4,0,3,6,4,0,82.30000000000001,0.0
CLG0083,97.0,6.0,5.87,1,1,10,1,4,0,68.4,0.0
CLG0085,111.0,9.06,9.22,3,1,8,4,5,1,103.3,524300.0
CLG0059,71.0,5.79,5.63,9,0,0,4,4,0,63.4,0.0
CLG0078,119.0,6.05,5.9,4,1,4,3,0,0,70.9,0.0
CLG0031,101.0,6.83,7.06,10,0,9,4,5,0,80.69999999999999,0.0
CLG0021,93.0,9.4,9.21,10,0,6,6,2,0,101.4,0.0
CLG0017,98.0,5.66,5.36,3,1,10,6,0,0,63.400000000000006,0.0
CLG0053,99.0,5.61,5.92,4,1,3,6,3,0,69.10000000000001,0.0
CLG0051,74.0,7.47,7.78,3,0,4,6,2,0,85.2,0.0
CLG0024,122.0,6.38,6.38,3,0,10,4,4,0,76.0,0.0
CLG0040,100.0,7.84,7.87,2,1,8,7,5,0,88.7,0.0
CLG0098,106.0,7.26,7.46,6,0,5,7,0,0,85.19999999999999,0.0
CLG0047,114.0,7.17,7.18,10,0,5,2,1,0,83.2,0.0
CLG0020,84.0,5.56,5.48,6,1,1,6,4,0,63.2,0.0
CLG0016,107.0,5.71,6.2,10,0,0,5,1,0,72.7,0.0
CLG0058,95.0,9.11,8.76,4,0,3,10,5,1,97.1,397900.0
CLG0049,112.0,9.43,9.52,8,1,9,1,2,1,106.39999999999999,536800.0
CLG0042,68.0,6.17,6.56,6,0,2,3,4,0,72.39999999999999,0.0
CLG0012,98.0,5.57,5.76,8,0,10,9,5,0,67.39999999999999,0.0
CLG0041,90.0,5.27,5.65,6,1,6,9,0,0,65.5,0.0
CLG0058,106.0,8.04,7.88,9,1,6,10,1,0,89.39999999999999,0.0
CLG0060,107.0,8.58,8.35,3,0,5,9,0,0,94.2,0.0
CLG0024,89.0,6.86,7.21,3,1,4,10,4,0,81.0,0.0
CLG0013,89.0,8.4,8.29,2,0,2,5,0,0,91.8,0.0
CLG0034,98.0,8.56,8.77,10,0,3,6,4,0,97.49999999999999,0.0
CLG0061,86.0,9.68,9.33,6,0,4,9,3,1,101.89999999999999,416200.0
CLG0027,112.0,5.32,5.58,7,0,3,4,0,0,67.0,0.0
CLG0085,94.0,5.96,6.01,7,1,2,4,3,0,69.5,0.0
CLG0067,57.5,5.34,5.11,5,0,1,9,1,0,56.85,0.0
CLG0014,94.0,9.34,9.33,6,0,4,7,5,0,102.7,0.0
CLG0041,84.0,8.96,9.16,7,0,1,6,0,0,100.0,0.0
CLG0057,75.0,7.87,7.38,2,0,1,10,0,0,81.3,0.0
CLG0030,81.0,5.42,5.56,10,0,1,6,1,0,63.699999999999996,0.0
CLG0045,101.0,6.37,6.41,7,1,1,5,0,0,74.19999999999999,0.0
CLG0074,119.0,6.49,6.21,1,0,7,4,4,0,74.0,0.0
CLG0001,104.0,7.8,8.05,6,1,6,3,3,0,90.9,0.0
CLG0092,90.0,6.29,6.09,8,1,8,7,2,0,69.9,0.0
CLG0083,106.0,5.36,5.14,1,1,2,5,4,0,62.0,0.0
CLG0094,93.0,8.65,8.62,1,1,0,2,2,0,95.49999999999999,0.0
CLG0084,89.0,6.5,6.68,6,0,5,3,1,0,75.7,0.0
CLG0052,82.0,7.26,7.69,5,1,8,5,1,0,85.10000000000001,0.0
CLG0020,73.0,5.64,5.28,3,0,0,9,0,0,60.1,0.0
CLG0023,94.0,9.01,8.91,10,0,0,6,4,0,98.5,0.0
CLG0095,102.0,7.83,7.4,10,0,3,2,5,0,84.2,0.0
CLG0096,98.0,9.51,9.77,7,0,9,8,2,1,107.49999999999999,439800.0
CLG0090,93.0,7.48,7.43,7,0,0,6,3,0,83.6,0.0
CLG0078,85.0,9.71,9.92,7,0,8,6,5,0,107.7,0.0
CLG0006,109.0,9.46,9.28,6,0,5,8,4,1,103.7,425700.0
CLG0033,80.0,7.88,8.22,4,1,4,7,5,0,90.2,0.0
CLG0008,111.0,9.67,9.7,9,0,10,5,1,0,108.1,0.0
CLG0063,84.0,6.62,7.06,9,0,4,9,4,0,79.0,0.0
CLG0004,88.0,6.83,6.41,7,0,10,1,3,0,72.89999999999999,0.0
CLG0013,77.0,5.23,5.24,7,1,10,4,4,0,60.10000000000001,0.0
CLG0035,92.0,7.95,8.22,8,0,10,10,0,0,91.4,0.0
CLG0093,114.0,8.61,8.71,5,1,1,9,5,1,98.50000000000001,505400.00000000006
CLG0089,107.0,8.87,8.39,9,0,2,2,3,0,94.60000000000001,0.0
CLG0034,114.0,5.75,6.22,6,0,6,3,2,0,73.6,0.0
CLG0056,107.0,7.22,7.02,7,1,3,3,1,0,80.89999999999999,0.0
CLG0011,83.0,5.88,5.63,7,0,5,6,4,0,64.6,0.0
CLG0038,95.0,8.31,8.3,9,1,7,3,3,0,92.5,0.0
CLG0093,88.0,5.79,5.83,7,0,0,3,0,0,67.1,0.0
CLG0045,119.0,9.52,9.79,3,0,10,5,0,0,109.8,0.0
CLG0086,82.0,6.15,6.04,6,1,5,3,2,0,68.6,0.0
CLG0058,113.0,6.46,6.4,6,0,0,5,1,0,75.3,0.0
CLG0034,113.0,9.25,9.28,7,1,7,3,0,0,104.1,0.0
CLG0075,127.0,7.29,7.18,6,1,3,2,1,0,84.5,0.0
CLG0092,93.0,5.12,5.53,4,0,4,8,3,0,64.60000000000001,0.0
CLG0072,110.0,7.47,7.82,6,1,9,3,4,0,89.2,0.0
CLG0024,134.0,5.42,5.37,3,0,1,6,2,0,67.10000000000001,0.0
CLG0074,90.0,9.93,9.43,1,0,2,2,0,0,103.3,0.0
CLG0079,76.0,7.94,8.34,1,1,6,1,4,0,91.0,0.0
CLG0063,71.0,6.28,5.9,5,0,6,8,0,0,66.1,0.0
CLG0039,110.0,7.82,7.56,8,0,10,3,2,0,86.6,0.0
CLG0021,71.0,5.38,5.03,3,0,7,2,0,0,57.400000000000006,0.0
CLG0100,94.0,9.0,8.68,2,0,2,2,2,0,96.2,0.0
CLG0036,106.0,9.63,9.93,8,0,1,5,4,0,109.89999999999999,0.0
CLG0048,102.0,9.37,9.45,9,0,1,6,3,0,104.7,0.0
CLG0084,106.0,6.71,7.17,9,0,5,2,2,0,82.3,0.0
CLG0013,103.0,6.63,6.36,2,0,1,6,3,0,73.9,0.0
CLG0002,119.0,5.18,5.17,8,0,10,1,1,0,63.6,0.0
CLG0027,85.0,8.26,8.74,2,0,3,9,4,1,95.9,392100.0
CLG0007,89.0,7.67,8.0,7,0,8,4,2,0,88.9,0.0
CLG0090,88.0,7.3,7.53,8,0,9,5,4,0,84.1,0.0
CLG0094,112.0,9.54,9.23,1,0,2,3,5,1,103.50000000000001,425200.0
CLG0019,113.0,5.84,6.11,8,1,0,6,3,0,72.4,0.0
CLG0040,106.0,5.05,4.9,3,1,1,1,3,0,59.6,0.0
CLG0021,117.0,5.37,5.4,1,0,9,7,4,0,65.7,0.0
CLG0058,82.0,6.12,6.23,7,0,9,8,4,0,70.5,0.0
CLG0026,125.0,5.17,5.28,10,0,6,3,5,0,65.30000000000001,0.0
CLG0074,122.0,7.51,7.74,3,0,8,2,3,0,89.60000000000001,0.0
CLG0036,111.0,6.57,6.73,8,1,8,4,5,0,78.4,0.0
CLG0044,126.0,5.9,5.47,9,1,3,8,5,1,67.3,381800.0
CLG0064,75.0,8.75,8.71,2,0,7,8,4,1,94.60000000000001,385900.00000000006
CLG0027,92.0,6.02,6.18,1,1,0,8,5,0,71.0,0.0
CLG0008,88.0,8.44,8.24,8,0,10,2,3,0,91.2,0.0
CLG0090,110.0,6.75,6.56,10,1,10,4,1,0,76.6,0.0
CLG0001,84.0,7.56,7.18,6,0,5,10,3,0,80.2,0.0
CLG0023,111.0,9.67,9.59,10,1,7,1,5,1,107.0,539100.0
CLG0073,120.0,5.19,5.68,1,1,1,7,0,0,68.8,0.0
CLG0031,110.0,7.5,7.29,3,1,7,10,3,0,83.9,0.0
CLG0007,104.0,9.27,9.3,9,0,3,6,1,0,103.4,0.0
CLG0009,85.0,7.94,8.18,9,0,1,7,3,0,90.3,0.0
CLG0071,87.0,6.38,5.89,6,1,3,10,4,0,67.6,0.0
CLG0092,118.0,6.99,7.39,3,1,7,5,5,0,85.69999999999999,0.0
CLG0098,111.0,8.4,8.29,8,0,3,6,1,0,93.99999999999999,0.0
CLG0053,99.0,9.45,9.82,6,0,7,6,2,0,108.10000000000001,0.0
CLG0016,93.0,5.21,4.75,1,1,6,6,3,0,56.8,0.0
CLG0074,69.0,5.36,5.01,6,0,4,9,4,0,56.99999999999999,0.0
CLG0024,83.0,6.63,6.45,5,1,7,4,2,0,72.8,0.0
CLG0074,128.0,6.16,6.01,8,0,1,2,2,0,72.89999999999999,0.0
CLG0046,80.0,6.32,6.67,2,1,2,9,2,0,74.7,0.0
CLG0029,102.0,6.11,5.62,7,0,3,10,0,0,66.4,0.0
CLG0089,115.0,5.98,6.12,6,0,9,7,5,0,72.7,0.0
CLG0030,81.0,5.65,5.28,1,0,4,5,4,0,60.900000000000006,0.0
CLG0051,102.0,9.67,9.99,8,0,4,6,0,0,110.10000000000001,0.0
CLG0083,114.0,5.72,6.0,6,1,0,7,4,0,71.4,0.0
CLG0031,100.0,6.02,6.02,3,1,0,5,4,0,70.19999999999999,0.0
CLG0030,141.5,6.23,5.94,5,1,10,5,5,0,73.55000000000001,0.0
CLG0034,74.0,9.67,9.8,7,0,0,6,1,0,105.4,0.0
CLG0092,115.0,8.78,8.44,9,0,4,8,2,1,95.89999999999999,395100.0
CLG0019,97.0,8.95,8.64,4,1,1,2,3,0,96.10000000000001,0.0
CLG0075,111.0,5.52,5.65,2,0,2,10,1,0,67.6,0.0
CLG0028,106.0,9.18,9.67,3,1,7,9,3,1,107.3,539800.0
CLG0006,89.0,7.04,7.43,7,1,9,10,5,0,83.2,0.0
CLG0017,103.0,6.31,6.4,8,1,7,5,2,0,74.3,0.0
CLG0091,72.0,7.88,7.92,5,1,9,4,4,0,86.4,0.0
CLG0036,109.0,9.11,9.61,3,1,1,8,5,1,107.0,538900.0
CLG0001,104.0,8.89,8.94,1,0,7,4,1,0,99.8,0.0
CLG0016,109.0,9.45,9.37,10,0,10,2,0,0,104.6,0.0
CLG0068,115.0,9.64,10.05,1,0,8,5,4,1,112.0,459500.0
CLG0047,105.0,6.19,5.92,2,0,9,5,5,0,69.7,0.0
CLG0023,102.0,7.12,6.72,5,0,9,4,0,0,77.4,0.0
CLG0096,86.0,5.07,5.2,3,1,5,3,4,0,60.6,0.0
CLG0067,89.0,9.4,9.0,7,0,0,5,4,0,98.9,0.0
CLG0062,117.0,5.77,5.64,2,0,10,9,2,1,68.1,284100.0
CLG0085,121.0,9.31,9.23,2,0,10,9,1,1,104.4,429700.0
CLG0088,96.0,6.65,6.7,3,0,2,9,5,0,76.6,0.0
CLG0015,100.0,6.84,7.33,1,0,4,6,5,0,83.3,0.0
CLG0075,86.0,5.2,4.92,2,0,2,8,5,0,57.800000000000004,0.0
CLG0067,117.0,6.63,6.51,5,1,2,1,3,0,76.8,0.0
CLG0083,109.0,9.44,9.07,3,0,8,1,2,0,101.60000000000001,0.0
CLG0043,129.0,5.13,5.24,10,1,4,7,3,0,65.30000000000001,0.0
CLG0008,86.0,7.03,7.26,6,1,7,5,4,0,81.19999999999999,0.0
CLG0098,94.0,5.16,5.14,2,0,6,2,0,0,60.8,0.0
CLG0098,103.0,6.85,6.6,8,0,3,4,3,0,76.3,0.0
CLG0044,109.0,5.86,5.98,4,0,2,4,0,0,70.7,0.0
CLG0026,96.0,6.26,6.3,3,0,2,6,3,0,72.6,0.0
CLG0067,86.0,9.39,9.06,5,1,10,8,0,0,99.2,0.0
CLG0032,113.0,7.18,7.09,8,0,1,3,2,0,82.2,0.0
CLG0064,110.0,6.37,6.31,9,1,4,7,3,0,74.1,0.0
CLG0043,86.0,7.95,8.43,1,0,1,2,2,0,92.89999999999999,0.0
CLG0074,120.0,5.71,6.06,4,0,1,9,2,1,72.6,302400.0
CLG0074,117.0,6.3,6.53,6,0,3,7,0,0,77.0,0.0
CLG0062,102.0,7.73,8.12,6,0,5,1,3,0,91.39999999999999,0.0
CLG0011,101.0,6.19,6.43,9,1,5,4,3,0,74.39999999999999,0.0
CLG0078,108.0,8.4,8.8,1,0,7,2,1,0,98.8,0.0
CLG0095,87.0,7.46,7.01,5,0,10,10,0,0,78.8,0.0
CLG0009,100.0,8.86,8.82,10,1,5,5,3,0,98.2,0.0
CLG0048,67.0,9.74,9.99,1,0,5,9,4,1,106.60000000000001,433100.0
CLG0006,113.0,5.58,5.66,6,0,3,3,1,0,67.9,0.0
CLG0054,76.0,6.67,6.35,9,1,4,5,3,0,71.1,0.0
CLG0062,122.0,6.6,6.44,4,0,10,10,0,0,76.60000000000001,0.0
CLG0054,95.0,5.76,5.58,10,0,6,2,5,0,65.3,0.0
CLG0099,96.0,9.05,8.81,10,1,9,4,4,0,97.7,0.0
CLG0098,90.0,8.8,8.64,9,0,10,2,3,0,95.4,0.0
CLG0056,95.0,7.42,7.43,3,0,8,8,2,0,83.8,0.0
CLG0082,121.0,7.69,8.04,7,0,3,7,2,1,92.49999999999999,382099.99999999994
CLG0087,62.0,5.3,5.54,5,0,9,7,4,0,61.6,0.0
CLG0030,119.0,7.78,8.12,10,0,0,7,4,1,93.1,384299.99999999994
CLG0003,105.0,8.96,9.34,1,0,5,9,4,1,103.9,426100.0
CLG0061,81.0,7.87,7.79,7,1,1,2,4,0,86.0,0.0
CLG0015,83.0,6.33,6.18,8,0,10,6,0,0,70.1,0.0
CLG0003,125.0,8.34,7.9,6,1,6,4,2,0,91.5,0.0
CLG0015,85.0,6.81,7.24,1,0,5,10,3,0,80.9,0.0
CLG0067,82.0,7.72,7.29,9,0,8,6,3,0,81.10000000000001,0.0
CLG0029,117.0,7.44,7.68,7,1,5,9,2,1,88.5,465700.0
CLG0031,105.0,6.91,6.79,6,0,5,1,3,0,78.4,0.0
CLG0071,85.0,8.59,9.04,4,0,3,2,5,0,98.89999999999999,0.0
CLG0071,103.0,9.42,9.34,3,0,8,6,2,0,103.7,0.0
CLG0055,84.0,5.03,5.35,4,1,2,7,5,0,61.9,0.0
CLG0075,116.0,9.67,9.45,1,0,0,3,5,1,106.1,436000.0
CLG0092,115.0,7.56,7.36,9,0,10,1,1,0,85.10000000000001,0.0
CLG0100,107.0,8.5,8.6,2,0,9,7,2,0,96.7,0.0
CLG0043,105.0,9.28,9.78,2,0,7,2,3,0,108.3,0.0
CLG0025,126.0,7.34,7.36,3,0,7,6,1,0,86.2,0.0
CLG0081,99.0,9.17,9.61,1,0,10,4,3,0,106.0,0.0
CLG0055,82.0,5.89,6.18,10,0,0,10,0,0,70.0,0.0
CLG0050,106.0,5.8,6.1,3,1,8,4,5,0,71.6,0.0
CLG0038,131.0,8.29,8.23,4,0,1,9,3,1,95.4,394700.0
CLG0060,84.0,9.35,9.24,9,0,5,7,1,0,100.80000000000001,0.0
CLG0085,94.0,9.46,9.15,5,0,8,1,2,0,100.9,0.0
CLG0052,106.0,8.22,8.68,6,0,5,4,3,0,97.39999999999999,0.0
CLG0084,99.0,7.63,8.09,1,0,6,10,2,1,90.80000000000001,373100.0
CLG0074,85.0,6.66,6.91,3,1,8,6,3,0,77.6,0.0
CLG0070,116.0,9.9,9.7,7,1,4,2,4,1,108.6,546000.0
CLG0076,134.0,6.6,6.35,7,0,0,4,5,0,76.9,0.0
CLG0081,102.0,8.72,9.21,10,1,8,2,3,0,102.30000000000001,0.0
CLG0045,86.0,7.66,7.23,1,1,9,1,5,0,80.9,0.0
CLG0097,76.0,8.04,8.38,9,0,6,1,4,0,91.4,0.0
CLG0100,103.0,6.97,6.83,1,0,7,9,3,0,78.6,0.0
CLG0019,116.0,9.82,9.74,7,0,1,9,3,1,109.0,447600.0
CLG0005,107.0,7.86,8.19,2,0,4,4,4,0,92.6,0.0
CLG0042,99.0,9.69,9.28,9,0,7,8,5,1,102.7,420700.0
CLG0093,91.0,5.04,4.89,9,1,6,10,5,0,58.0,0.0
CLG0030,83.0,7.86,8.31,9,0,6,7,0,0,91.4,0.0
CLG0065,112.0,8.59,8.79,4,0,3,5,2,1,99.1,407599.99999999994
CLG0076,113.0,8.73,8.98,6,0,1,10,1,1,101.10000000000001,415700.0
CLG0079,76.0,9.52,9.78,2,0,9,2,5,0,105.39999999999999,0.0
CLG0005,123.0,5.02,4.58,3,1,2,9,5,1,58.099999999999994,344700.0
CLG0038,108.0,5.0,4.7,6,0,8,7,3,0,57.8,0.0
CLG0011,120.0,7.36,7.35,1,0,3,4,1,0,85.5,0.0
CLG0084,79.0,5.15,5.02,7,1,0,10,0,0,58.099999999999994,0.0
CLG0029,79.0,9.87,9.78,2,0,9,2,3,0,105.7,0.0
CLG0014,97.0,6.11,6.39,8,0,3,2,4,0,73.6,0.0
CLG0090,107.0,7.36,6.87,5,0,7,3,4,0,79.4,0.0
CLG0098,126.0,5.31,5.47,7,1,7,6,3,0,67.3,0.0
CLG0074,110.0,7.61,7.11,8,0,9,1,4,0,82.10000000000001,0.0
CLG0091,96.0,6.9,6.46,3,1,9,5,0,0,74.19999999999999,0.0
CLG0089,84.0,5.22,5.13,6,1,1,10,2,0,59.699999999999996,0.0
CLG0010,118.0,6.68,7.02,9,0,9,3,2,0,81.99999999999999,0.0
CLG0039,85.0,6.96,6.6,4,0,3,7,0,0,74.5,0.0
CLG0060,124.0,9.95,10.0,10,0,6,7,4,1,112.4,462000.0
CLG0096,95.0,6.04,6.22,7,0,7,10,2,0,71.69999999999999,0.0
CLG0098,123.0,7.72,7.45,1,0,0,5,4,0,86.8,0.0
CLG0023,110.0,9.94,9.95,7,0,7,9,4,1,110.5,453000.0
CLG0097,97.0,8.96,9.37,9,0,0,10,1,0,103.39999999999999,0.0
CLG0096,92.0,9.97,9.98,10,1,5,8,5,1,109.00000000000001,545200.0
CLG0022,94.0,9.84,9.5,8,0,4,9,2,1,104.4,427000.0
CLG0086,106.0,7.45,7.58,4,1,9,6,4,0,86.39999999999999,0.0
CLG0087,101.0,8.48,8.57,3,1,6,8,1,0,95.8,0.0
CLG0083,91.0,5.55,5.08,7,1,5,10,0,0,59.9,0.0
CLG0023,97.0,7.21,6.8,1,0,9,2,5,0,77.7,0.0
CLG0022,101.0,9.05,8.71,8,1,0,5,2,0,97.2,0.0
CLG0062,68.0,7.53,7.17,1,1,5,8,0,0,78.5,0.0
CLG0094,106.0,8.51,8.27,7,0,2,2,0,0,93.29999999999998,0.0
CLG0019,85.0,8.73,8.68,6,0,5,2,5,0,95.3,0.0
CLG0022,82.0,6.27,6.14,10,0,6,3,5,0,69.6,0.0
CLG0001,74.0,9.38,9.77,8,0,5,2,3,0,105.1,0.0
CLG0034,73.0,7.3,7.41,6,0,8,4,2,0,81.39999999999999,0.0
CLG0026,79.0,6.05,6.43,5,0,8,4,0,0,72.2,0.0
CLG0004,89.0,9.33,9.36,9,1,7,1,5,0,102.5,0.0
CLG0048,129.0,7.09,6.68,4,0,4,6,0,0,79.7,0.0
CLG0045,92.0,8.75,8.71,7,1,9,7,0,0,96.30000000000001,0.0
CLG0012,102.0,7.74,8.06,6,0,2,7,4,0,90.80000000000001,0.0
CLG0092,106.0,6.91,6.6,10,0,3,5,2,0,76.6,0.0
CLG0037,101.0,9.05,8.64,6,0,10,4,2,0,96.5,0.0
CLG0003,98.0,7.92,7.75,5,0,9,2,2,0,87.3,0.0
CLG0028,82.0,6.95,6.84,2,0,7,5,2,0,76.60000000000001,0.0
CLG0093,121.0,5.55,5.36,4,0,8,4,2,0,65.7,0.0
CLG0084,127.0,9.48,9.12,1,0,7,8,0,1,103.89999999999999,428299.99999999994
CLG0002,74.0,5.18,4.93,9,0,9,10,1,0,56.699999999999996,0.0
CLG0056,84.0,9.32,9.5,9,1,2,1,3,0,103.4,0.0
CLG0065,95.0,6.8,6.69,8,0,6,7,2,0,76.4,0.0
CLG0046,85.0,8.2,8.33,4,0,10,5,4,0,91.8,0.0
CLG0100,107.0,9.61,9.65,5,0,7,10,1,0,107.2,0.0
CLG0044,89.0,5.76,5.81,1,1,2,5,4,0,67.0,0.0
CLG0018,132.0,7.83,7.58,4,0,0,1,0,0,89.0,0.0
CLG0073,117.0,8.82,8.84,4,0,6,9,5,1,100.10000000000001,412100.0
CLG0037,103.0,8.79,8.31,5,0,2,7,3,0,93.4,0.0
CLG0054,115.0,7.63,7.56,2,1,0,2,0,0,87.1,0.0
CLG0025,116.0,8.12,8.19,2,0,6,5,0,0,93.49999999999999,0.0
CLG0083,91.0,8.79,8.47,2,0,10,8,5,1,93.8,384300.0
CLG0062,87.0,9.21,8.97,8,1,6,7,2,0,98.4,0.0
CLG0025,101.0,8.81,8.53,2,0,3,2,5,0,95.39999999999999,0.0
CLG0052,112.0,6.77,6.34,6,1,1,7,5,0,74.6,0.0
CLG0063,102.0,9.98,9.83,2,1,9,6,4,0,108.5,0.0
CLG0015,76.0,7.17,7.65,8,1,4,8,2,0,84.1,0.0
CLG0046,87.0,5.12,4.97,1,1,10,9,0,0,58.39999999999999,0.0
CLG0056,98.0,6.81,6.77,2,0,10,7,3,0,77.49999999999999,0.0
CLG0026,98.0,5.64,5.79,5,0,8,8,1,0,67.7,0.0
CLG0064,129.0,5.61,5.76,6,0,5,10,0,0,70.5,0.0
CLG0020,79.0,6.41,6.86,9,0,9,7,0,0,76.50000000000001,0.0
CLG0067,107.0,5.27,5.63,6,0,8,7,0,0,67.0,0.0
CLG0025,122.0,8.44,8.73,8,1,0,1,4,1,99.50000000000001,510200.0
CLG0021,134.0,5.37,5.82,7,0,1,5,1,0,71.60000000000001,0.0
CLG0034,93.0,6.02,5.75,1,0,10,10,3,0,66.8,0.0
CLG0088,107.0,5.46,5.58,2,1,5,5,0,0,66.5,0.0
CLG0025,108.0,5.32,5.71,4,1,2,4,1,0,67.9,0.0
CLG0065,102.0,6.34,6.46,1,0,1,1,0,0,74.8,0.0
CLG0029,98.0,7.86,8.34,8,0,5,7,5,0,93.2,0.0
CLG0032,106.0,9.82,9.42,4,1,6,8,1,0,104.8,0.0
CLG0001,62.0,9.38,9.32,7,0,3,5,1,0,99.4,0.0
CLG0035,110.0,9.38,9.86,7,1,9,4,4,0,109.6,0.0
CLG0056,101.0,5.88,5.76,8,0,8,9,4,0,67.69999999999999,0.0
CLG0016,96.0,6.32,6.56,9,0,10,3,1,0,75.19999999999999,0.0
CLG0032,130.0,5.38,4.91,9,0,2,3,2,0,62.1,0.0
CLG0079,89.0,8.89,9.08,7,0,1,4,0,0,99.7,0.0
CLG0005,93.0,5.35,5.78,9,1,10,7,4,0,67.10000000000001,0.0
CLG0010,129.0,7.78,7.66,5,0,4,2,5,0,89.5,0.0
CLG0086,87.0,6.24,5.76,10,1,8,8,1,0,66.3,0.0
CLG0072,91.0,6.22,5.75,4,1,0,2,5,0,66.6,0.0
CLG0079,97.0,9.95,10.34,3,0,5,4,2,0,113.10000000000001,0.0
CLG0020,112.0,8.78,9.0,6,1,7,2,1,0,101.2,0.0
CLG0089,103.0,9.18,8.79,10,0,6,9,3,1,98.19999999999999,403099.99999999994
CLG0012,80.0,7.86,7.41,9,0,5,4,1,0,82.1,0.0
CLG0090,92.0,9.36,9.66,4,1,2,5,3,0,105.8,0.0
CLG0068,90.0,8.23,8.54,2,1,8,9,4,1,94.39999999999999,486599.99999999994
CLG0063,98.0,9.73,9.35,3,0,4,2,4,0,103.3,0.0
CLG0026,106.0,6.41,6.21,3,1,0,4,1,0,72.7,0.0
CLG0060,106.0,7.98,8.26,2,0,8,6,4,0,93.19999999999999,0.0
CLG0074,73.0,8.45,8.48,9,1,9,1,1,0,92.10000000000001,0.0
CLG0061,115.0,6.96,7.42,4,1,8,1,5,0,85.7,0.0
CLG0015,103.0,9.4,9.38,3,0,0,7,1,0,104.10000000000001,0.0
CLG0005,120.0,9.9,10.08,10,0,6,6,3,1,112.8,463200.0
CLG0032,106.0,7.47,7.48,6,0,8,4,0,0,85.4,0.0
CLG0096,116.0,6.95,7.39,8,0,1,5,1,0,85.49999999999999,0.0
CLG0022,106.0,7.36,7.26,8,0,9,5,0,0,83.19999999999999,0.0
CLG0022,120.0,9.26,8.99,10,0,5,9,2,1,101.9,419600.0
CLG0012,107.0,8.23,8.06,6,0,9,5,4,0,91.30000000000001,0.0
CLG0064,98.0,5.22,5.57,5,1,0,2,2,0,65.5,0.0
CLG0075,134.0,7.71,7.71,7,0,2,7,2,0,90.5,0.0
CLG0088,113.0,5.09,4.94,3,1,10,10,1,0,60.7,0.0
CLG0080,108.0,8.89,8.93,10,0,4,9,2,1,100.1,411200.0
CLG0016,80.0,6.64,6.27,2,0,6,7,1,0,70.69999999999999,0.0
CLG0065,80.0,7.36,6.87,8,0,10,8,4,0,76.7,0.0
CLG0051,104.0,8.99,8.77,9,0,4,10,4,1,98.1,402800.0
CLG0087,102.0,5.23,5.34,6,0,7,3,2,0,63.599999999999994,0.0
CLG0092,90.0,5.79,6.0,4,0,4,9,1,0,69.0,0.0
CLG0032,102.0,6.99,7.32,6,0,5,7,3,0,83.4,0.0
CLG0053,123.0,6.15,6.58,7,1,1,10,3,1,78.1,424700.0
CLG0100,110.0,6.69,6.6,8,1,4,4,0,0,77.0,0.0
CLG0003,82.0,9.99,10.23,3,0,6,10,0,0,110.50000000000001,0.0
CLG0013,98.0,9.13,8.7,6,0,0,7,5,0,96.8,0.0
CLG0092,87.0,9.42,8.98,10,0,9,3,0,0,98.50000000000001,0.0
CLG0092,94.0,9.69,9.31,6,0,8,10,2,1,102.50000000000001,419400.0
CLG0058,93.0,6.7,6.65,10,1,8,7,1,0,75.8,0.0
CLG0045,92.0,6.49,6.2,7,0,7,3,0,0,71.2,0.0
CLG0024,81.0,6.17,5.96,4,0,10,2,1,0,67.7,0.0
CLG0051,98.0,9.15,9.3,6,1,8,1,2,0,102.8,0.0
CLG0013,91.0,8.4,8.26,2,0,4,6,1,0,91.69999999999999,0.0
CLG0024,57.5,6.18,6.24,8,1,6,3,5,0,68.15,0.0
CLG0005,130.0,6.88,6.79,3,0,0,10,1,0,80.9,0.0
CLG0081,116.0,7.53,7.2,9,0,6,2,2,0,83.6,0.0
CLG0050,94.0,7.64,7.21,8,1,8,3,5,0,81.5,0.0
CLG0076,100.0,9.44,9.18,6,1,2,8,3,1,101.8,517200.0
CLG0049,82.0,6.9,6.46,10,0,8,3,1,0,72.8,0.0
CLG0018,125.0,9.54,9.66,2,0,4,4,1,0,109.1,0.0
CLG0033,128.0,7.21,7.51,8,0,8,2,4,0,87.89999999999999,0.0
CLG0058,102.0,8.73,8.57,6,0,7,8,4,1,95.9,393800.0
CLG0031,115.0,9.65,9.54,1,0,10,6,5,1,106.89999999999999,439099.99999999994
CLG0034,102.0,9.54,9.86,6,0,6,9,0,0,108.8,0.0
CLG0094,79.0,5.28,5.0,5,0,9,8,0,0,57.9,0.0
CLG0096,93.0,6.03,5.65,6,1,5,4,2,0,65.8,0.0
CLG0074,101.0,7.38,7.38,1,0,1,8,2,0,83.89999999999999,0.0
CLG0031,93.0,7.16,7.31,4,1,6,1,4,0,82.39999999999999,0.0
CLG0099,96.0,8.2,8.3,7,0,1,9,4,1,92.6,380000.0
CLG0079,98.0,9.72,9.93,5,0,5,5,0,0,109.1,0.0
CLG0027,98.0,5.56,5.12,6,0,5,4,4,0,61.0,0.0
CLG0059,100.0,7.26,7.19,2,1,8,5,1,0,81.9,0.0
CLG0027,84.0,5.96,5.7,8,0,9,1,1,0,65.4,0.0
CLG0001,89.0,9.47,9.73,10,1,10,2,4,0,106.20000000000002,0.0
CLG0076,80.0,9.82,10.19,4,0,3,2,2,0,109.89999999999999,0.0
CLG0068,114.0,7.39,7.17,6,1,8,9,0,0,83.10000000000001,0.0
CLG0023,68.0,5.52,5.12,3,1,1,6,1,0,58.0,0.0
CLG0098,117.0,8.93,8.68,9,1,4,3,5,1,98.5,505700.0
CLG0052,120.0,8.49,8.09,8,0,2,4,2,1,92.9,383600.0
CLG0057,95.0,6.77,6.59,6,0,5,1,5,0,75.4,0.0
CLG0087,60.0,9.44,9.48,9,0,1,7,4,0,100.80000000000001,0.0
CLG0051,94.0,9.88,10.35,10,0,9,7,5,0,112.9,0.0
CLG0083,99.0,7.79,7.69,9,0,8,8,0,0,86.80000000000001,0.0
CLG0084,84.0,7.83,7.55,2,0,3,1,0,0,83.9,0.0
CLG0063,92.0,6.49,6.16,9,0,6,9,2,0,70.8,0.0
CLG0084,122.0,7.92,7.59,8,0,4,2,2,0,88.10000000000001,0.0
CLG0093,109.0,7.2,6.89,2,0,7,1,2,0,79.8,0.0
CLG0077,86.0,6.51,6.77,9,0,3,1,5,0,76.29999999999998,0.0
CLG0028,76.0,5.34,4.9,5,1,6,8,4,0,56.6,0.0
CLG0024,95.0,6.26,6.76,9,1,10,3,4,0,77.1,0.0
CLG0022,96.0,5.99,6.01,3,0,4,6,2,0,69.69999999999999,0.0
CLG0086,107.0,7.71,7.75,4,1,2,6,4,0,88.2,0.0
CLG0040,91.0,8.01,7.87,1,1,7,2,0,0,87.8,0.0
CLG0075,107.0,8.04,8.23,5,0,5,2,3,0,93.00000000000001,0.0
CLG0008,129.0,6.94,6.91,7,0,3,1,4,0,82.0,0.0
CLG0096,112.0,7.11,6.94,7,0,8,9,0,0,80.60000000000001,0.0
CLG0088,99.0,9.17,8.94,6,1,8,1,3,0,99.3,0.0
CLG0012,97.0,7.38,7.81,6,0,1,6,3,0,87.8,0.0
CLG0049,94.0,9.94,9.73,8,0,9,9,2,1,106.70000000000002,436200.0
CLG0021,117.0,7.2,7.14,10,0,8,6,5,0,83.1,0.0
CLG0067,90.0,8.25,8.1,9,1,3,6,2,0,90.0,0.0
CLG0039,100.0,5.25,4.84,4,0,8,4,0,0,58.4,0.0
CLG0062,100.0,8.27,7.96,4,1,9,5,2,0,89.6,0.0
CLG0082,92.0,9.26,8.95,8,1,7,1,3,0,98.7,0.0
CLG0058,79.0,9.71,9.9,5,1,9,3,0,0,106.9,0.0
CLG0062,104.0,9.99,9.9,10,1,2,6,0,0,109.4,0.0
CLG0070,99.0,6.41,6.69,9,0,9,2,5,0,76.80000000000001,0.0
CLG0036,107.0,7.88,8.09,6,0,6,1,5,0,91.60000000000001,0.0
CLG0045,91.0,7.25,6.94,9,1,1,1,0,0,78.5,0.0
CLG0079,118.0,7.82,7.88,4,0,1,1,5,0,90.6,0.0
CLG0015,86.0,5.79,6.03,1,1,3,10,5,0,68.9,0.0
CLG0062,125.0,9.28,9.41,4,0,9,10,2,1,106.6,438900.0
CLG0038,73.0,9.55,9.65,9,1,6,1,5,0,103.8,0.0
CLG0064,106.0,7.25,7.49,7,1,3,6,2,0,85.5,0.0
CLG0088,107.0,6.4,5.96,6,1,1,10,2,0,70.3,0.0
CLG0071,88.0,5.7,5.93,2,0,1,4,4,0,68.1,0.0
CLG0009,106.0,8.42,8.19,4,1,4,4,5,0,92.49999999999999,0.0
CLG0075,119.0,6.56,6.63,1,0,2,4,5,0,78.2,0.0
CLG0080,66.0,9.55,9.29,3,1,2,8,4,1,99.49999999999999,504599.99999999994
CLG0071,107.0,8.36,8.7,2,0,0,7,4,0,97.7,0.0
CLG0025,62.0,8.23,8.21,4,1,2,5,0,0,88.30000000000001,0.0
CLG0078,85.0,7.8,7.94,4,1,3,7,2,0,87.9,0.0
CLG0065,124.0,5.23,5.52,9,0,5,8,4,1,67.6,282800.0
CLG0020,91.0,9.66,10.06,7,0,10,10,0,0,109.7,0.0
CLG0028,82.0,8.14,8.37,3,0,5,8,3,1,91.89999999999999,375799.99999999994
CLG0049,97.0,9.97,9.62,7,0,4,7,4,0,105.89999999999999,0.0
CLG0034,131.0,7.69,8.04,8,1,3,7,0,0,93.49999999999999,0.0
CLG0073,72.0,8.55,8.67,7,1,5,9,1,0,93.9,0.0
CLG0020,84.0,5.28,5.39,8,0,4,5,4,0,62.3,0.0
CLG0095,122.0,8.16,8.58,9,0,9,8,3,1,98.0,404200.0
CLG0085,127.0,8.82,8.57,1,0,0,2,0,0,98.4,0.0
CLG0022,98.0,8.89,8.63,10,0,1,8,5,1,96.10000000000001,394200.00000000006
CLG0077,81.0,8.85,8.86,6,0,8,1,5,0,96.69999999999999,0.0
CLG0044,131.0,6.13,6.38,4,0,9,9,4,1,76.89999999999999,320700.0
CLG0047,123.0,9.88,9.83,1,0,3,1,4,1,110.6,454700.0
CLG0025,110.0,9.98,10.11,2,1,5,8,1,0,112.1,0.0
CLG0022,87.0,5.38,5.33,10,1,4,3,0,0,62.0,0.0
CLG0061,99.0,9.68,9.79,4,0,1,4,0,0,107.8,0.0
CLG0052,97.0,6.45,6.77,1,0,0,10,0,0,77.39999999999999,0.0
CLG0020,104.0,8.45,8.13,6,0,0,7,2,0,91.70000000000002,0.0
CLG0096,121.0,6.69,6.89,1,0,0,10,5,1,80.99999999999999,336100.0
CLG0080,113.0,9.84,10.13,9,0,5,3,1,0,112.60000000000001,0.0
CLG0020,83.0,5.51,5.46,10,1,9,9,5,0,62.900000000000006,0.0
CLG0086,120.0,7.49,7.31,3,1,6,3,0,0,85.1,0.0
CLG0045,104.0,7.14,6.65,1,1,6,8,1,0,76.9,0.0
CLG0037,110.0,6.63,6.93,6,0,8,8,2,0,80.3,0.0
CLG0015,121.0,8.23,8.06,6,0,2,3,0,0,92.7,0.0
CLG0076,83.0,5.66,5.52,7,0,8,3,1,0,63.5,0.0
CLG0009,99.0,8.58,8.42,7,0,0,10,1,0,94.10000000000001,0.0
CLG0044,92.0,9.9,9.9,10,1,1,5,2,0,108.2,0.0
CLG0015,76.0,9.02,9.22,4,1,6,8,1,0,99.8,0.0
CLG0044,105.0,9.3,9.57,5,0,1,6,2,0,106.2,0.0
CLG0086,137.0,6.8,6.69,3,1,9,5,4,0,80.60000000000001,0.0
CLG0012,72.0,6.62,6.78,6,0,10,5,1,0,75.0,0.0
CLG0027,99.0,7.59,7.81,7,1,3,6,2,0,88.0,0.0
CLG0019,109.0,5.23,5.03,9,1,1,8,5,0,61.2,0.0
CLG0025,101.0,9.73,9.33,9,1,10,6,3,0,103.39999999999999,0.0
CLG0074,98.0,5.72,6.11,5,0,1,7,0,0,70.9,0.0
CLG0099,80.0,9.52,9.7,4,1,10,9,0,0,105.0,0.0
CLG0064,103.0,5.42,5.57,7,1,0,7,0,0,66.0,0.0
CLG0012,88.0,9.11,8.67,3,1,8,9,2,1,95.5,490800.0
CLG0050,67.0,5.76,6.08,4,1,9,10,2,0,67.5,0.0
CLG0072,117.0,5.19,5.26,9,0,2,1,0,0,64.3,0.0
CLG0011,114.0,8.6,8.95,5,0,0,3,2,1,100.9,415000.0
CLG0083,100.0,6.4,6.87,10,0,9,6,5,0,78.7,0.0
CLG0023,103.0,8.57,9.03,7,1,5,3,1,0,100.6,0.0
CLG0088,116.0,7.78,8.14,2,0,7,2,1,0,93.0,0.0
CLG0015,103.0,5.54,5.05,9,0,6,5,1,0,60.8,0.0
CLG0063,113.0,9.66,10.05,5,1,6,1,4,1,111.8,558500.0
CLG0020,95.0,7.26,6.84,5,0,1,5,0,0,77.9,0.0
CLG0089,119.0,8.67,9.02,4,1,10,8,3,1,102.1,520300.0
CLG0078,104.0,7.51,7.29,8,0,3,9,0,0,83.30000000000001,0.0
CLG0010,102.0,8.02,8.13,4,0,5,10,1,0,91.50000000000001,0.0
CLG0061,80.0,6.51,6.05,2,1,1,6,0,0,68.5,0.0
CLG0093,104.0,6.0,6.27,5,0,4,4,4,0,73.1,0.0
CLG0047,87.0,7.71,7.32,3,0,4,3,1,0,81.9,0.0
CLG0049,90.0,7.2,7.11,4,0,2,8,4,0,80.10000000000001,0.0
CLG0049,87.0,6.95,7.27,3,1,1,2,4,0,81.39999999999999,0.0
CLG0076,84.0,8.36,8.56,7,0,10,8,4,1,94.00000000000001,384400.0
CLG0033,131.0,8.45,7.96,6,0,6,7,1,0,92.69999999999999,0.0
CLG0087,119.0,5.23,5.13,2,0,7,2,4,0,63.199999999999996,0.0
CLG0078,128.0,6.69,6.23,8,0,3,2,4,0,75.10000000000001,0.0
CLG0023,81.0,7.06,7.23,5,1,3,2,3,0,80.4,0.0
CLG0053,101.0,5.48,5.95,6,0,10,1,0,0,69.6,0.0
CLG0037,80.0,6.18,6.34,8,0,8,7,3,0,71.4,0.0
CLG0022,89.0,5.26,4.98,7,1,3,8,0,0,58.7,0.0
CLG0093,86.0,9.98,9.84,3,0,9,7,1,0,107.0,0.0
CLG0100,118.0,8.68,9.16,2,1,2,4,3,1,103.39999999999999,525400.0
CLG0002,94.0,5.44,5.16,3,0,10,9,2,0,61.0,0.0
CLG0020,116.0,5.1,5.16,8,0,0,2,1,0,63.2,0.0
CLG0005,109.0,8.6,8.5,4,0,2,5,1,0,95.9,0.0
CLG0091,134.0,7.2,7.47,8,0,4,2,0,0,88.10000000000001,0.0
CLG0003,77.0,8.93,9.3,4,0,1,3,0,0,100.7,0.0
CLG0082,118.0,9.62,9.46,7,0,4,2,4,1,106.4,437400.00000000006
CLG0077,117.0,8.0,8.16,6,0,8,8,2,1,93.3,384900.0
CLG0086,85.0,5.94,5.99,10,1,9,10,5,0,68.4,0.0
CLG0077,115.0,8.91,8.69,1,0,10,6,1,0,98.39999999999999,0.0
CLG0012,105.0,9.78,9.55,8,0,5,5,1,0,106.0,0.0
CLG0032,96.0,7.9,7.94,6,1,2,5,3,0,89.0,0.0
CLG0058,87.0,8.41,8.06,2,0,4,9,0,0,89.30000000000001,0.0
CLG0100,89.0,6.69,7.0,5,0,0,2,3,0,78.9,0.0
CLG0071,130.0,6.91,6.48,2,0,7,1,0,0,77.80000000000001,0.0
CLG0070,100.0,8.67,8.26,10,0,8,6,0,0,92.6,0.0
CLG0040,111.0,9.64,9.48,7,0,4,8,3,1,105.9,434700.0
CLG0006,88.0,8.14,7.76,10,1,8,8,3,0,86.39999999999999,0.0
CLG0063,88.0,8.95,8.93,6,1,7,6,3,0,98.1,0.0
CLG0025,116.0,5.86,5.76,7,0,7,3,5,0,69.19999999999999,0.0
CLG0091,79.0,6.06,6.28,6,0,1,3,0,0,70.7,0.0
CLG0069,93.0,7.66,8.11,10,0,4,2,2,0,90.39999999999999,0.0
CLG0083,100.0,5.88,6.13,1,0,7,2,3,0,71.3,0.0
CLG0073,101.0,8.17,7.85,3,1,2,2,0,0,88.6,0.0
CLG0050,97.0,6.46,6.9,10,0,0,7,3,0,78.7,0.0
CLG0040,105.0,8.96,8.85,2,1,10,10,5,1,99.0,506500.0
CLG0001,110.0,9.04,9.01,1,0,3,9,2,1,101.1,415400.0
CLG0046,111.0,7.32,7.24,1,0,3,10,2,1,83.5,345100.0
CLG0073,85.0,5.9,5.68,4,0,9,7,4,0,65.3,0.0
CLG0039,95.0,8.23,8.63,1,1,3,8,4,1,95.80000000000001,492700.00000000006
CLG0010,117.0,9.96,9.79,2,1,3,5,2,1,109.6,550100.0
CLG0049,113.0,8.11,8.19,1,1,8,2,3,1,93.19999999999999,484100.0
CLG0014,79.0,5.18,4.92,6,1,10,8,4,0,57.1,0.0
CLG0046,105.0,5.09,5.39,4,1,0,5,5,0,64.4,0.0
CLG0040,70.0,6.6,6.87,8,0,8,9,0,0,75.7,0.0
CLG0089,100.0,5.98,5.78,5,1,6,6,2,0,67.80000000000001,0.0
CLG0019,128.0,9.07,9.25,10,0,4,7,3,1,105.3,434000.0
CLG0017,85.0,9.22,9.42,5,1,1,1,5,0,102.7,0.0
CLG0082,87.0,6.29,6.35,8,0,9,8,0,0,72.2,0.0
CLG0046,111.0,6.63,6.73,10,1,9,7,2,0,78.4,0.0
CLG0073,76.0,6.18,6.25,6,0,9,7,2,0,70.1,0.0
CLG0065,90.0,9.54,9.12,6,0,3,7,3,0,100.19999999999999,0.0
CLG0070,108.0,7.51,7.68,3,0,10,7,3,0,87.6,0.0
CLG0038,90.0,8.28,8.25,6,0,3,1,1,0,91.5,0.0
CLG0017,96.0,7.08,7.02,10,0,3,9,3,0,79.79999999999998,0.0
CLG0073,111.0,8.16,8.52,7,0,10,7,0,0,96.29999999999998,0.0
CLG0011,106.0,6.93,6.45,2,1,1,7,4,0,75.1,0.0
CLG0053,104.0,6.7,6.45,3,0,7,1,3,0,74.9,0.0
CLG0018,94.0,8.17,7.79,6,0,3,6,3,0,87.30000000000001,0.0
CLG0007,105.0,7.96,7.5,10,0,8,10,4,0,85.5,0.0
CLG0035,98.0,6.47,6.25,9,0,1,8,4,0,72.3,0.0
CLG0044,106.0,5.75,6.24,9,1,6,5,5,0,73.0,0.0
CLG0071,92.0,6.84,6.61,8,0,4,1,2,0,75.30000000000001,0.0
CLG0039,97.0,7.08,7.24,8,0,4,5,2,0,82.10000000000001,0.0
CLG0011,85.0,8.14,7.76,9,0,6,2,4,0,86.1,0.0
CLG0010,99.0,9.57,9.67,9,1,3,2,4,0,106.60000000000001,0.0
CLG0098,87.0,5.18,5.66,10,0,2,4,4,0,65.3,0.0
CLG0088,83.0,6.22,6.01,9,1,8,4,0,0,68.39999999999999,0.0
CLG0076,103.0,5.97,6.32,5,0,2,10,5,0,73.5,0.0
CLG0009,103.0,7.51,8.01,6,0,4,7,1,0,90.39999999999999,0.0
CLG0086,111.0,7.15,7.24,5,1,1,9,0,0,83.5,0.0
CLG0096,93.0,8.65,8.46,1,0,6,2,1,0,93.9,0.0
CLG0008,106.0,6.21,6.38,4,0,10,8,2,0,74.39999999999999,0.0
CLG0048,108.0,7.97,8.31,1,1,6,8,4,1,93.9,486400.0
CLG0021,106.0,9.42,9.09,1,0,4,8,0,0,101.5,0.0
CLG0080,87.0,9.55,9.5,3,1,7,9,5,1,103.7,523500.0
CLG0097,102.0,9.79,9.61,7,1,8,9,4,1,106.3,535400.0
CLG0089,105.0,8.87,8.65,1,0,3,10,5,1,97.0,398500.0
CLG0006,100.0,9.53,9.89,7,1,10,7,5,0,108.9,0.0
CLG0059,68.0,6.17,6.09,10,0,1,5,4,0,67.7,0.0
CLG0068,102.0,5.99,5.83,10,0,1,7,4,0,68.5,0.0
CLG0023,133.0,5.03,5.13,1,1,10,7,0,0,64.6,0.0
CLG0073,94.0,8.53,8.25,9,1,3,10,4,1,91.9,477000.0
CLG0100,89.0,9.69,9.42,5,1,5,10,2,1,103.10000000000001,521300.0
CLG0075,105.0,5.93,5.95,6,0,5,7,1,0,70.0,0.0
CLG0035,104.0,8.18,8.09,9,0,1,8,5,1,91.30000000000001,375600.0
CLG0012,117.0,8.73,8.52,3,0,0,2,3,1,96.89999999999999,399300.0
CLG0099,81.0,9.64,9.19,3,0,1,4,2,0,99.99999999999999,0.0
CLG0071,110.0,8.23,8.25,5,1,7,9,1,0,93.5,0.0
CLG0057,108.0,9.85,10.17,7,1,4,4,3,0,112.5,0.0
CLG0029,97.0,6.72,7.07,3,1,2,2,4,0,80.4,0.0
CLG0085,105.0,6.75,6.49,4,0,8,7,2,0,75.4,0.0
CLG0067,115.0,7.72,7.82,2,0,6,6,5,0,89.7,0.0
CLG0061,113.0,6.92,7.28,9,1,7,4,5,0,84.1,0.0
CLG0061,82.0,5.01,4.92,10,0,5,8,3,0,57.400000000000006,0.0
CLG0088,112.0,8.66,9.09,9,0,6,6,3,1,102.10000000000001,419600.0
CLG0030,99.0,8.76,9.16,2,1,2,8,3,1,101.5,515900.0
CLG0027,101.0,8.73,8.44,5,1,0,4,4,0,94.49999999999999,0.0
CLG0093,101.0,6.73,6.49,1,1,0,2,1,0,75.0,0.0
CLG0030,97.0,7.61,7.29,8,1,0,6,1,0,82.60000000000001,0.0
CLG0100,117.0,6.8,6.5,6,0,10,9,2,1,76.7,318500.0
CLG0055,98.0,5.08,5.49,10,1,10,9,4,0,64.7,0.0
CLG0023,83.0,7.81,8.24,10,0,6,9,1,0,90.7,0.0
CLG0037,94.0,5.62,5.17,2,1,1,3,2,0,61.1,0.0
CLG0026,102.0,5.4,5.49,2,0,5,3,1,0,65.10000000000001,0.0
CLG0036,118.0,8.78,8.84,10,0,0,10,0,1,100.2,412600.0
CLG0092,109.0,5.05,4.94,5,1,9,3,4,0,60.300000000000004,0.0
CLG0063,87.0,9.8,9.93,7,1,7,5,0,0,108.0,0.0
CLG0037,137.0,7.58,8.03,9,1,4,5,1,0,94.0,0.0
CLG0051,103.0,9.92,9.59,9,1,8,5,1,0,106.2,0.0
CLG0068,119.0,5.29,4.91,6,0,2,8,0,0,61.0,0.0
CLG0093,97.0,7.92,7.45,2,1,1,10,4,0,84.2,0.0
CLG0078,108.0,6.75,6.61,6,1,7,8,2,0,76.9,0.0
CLG0063,112.0,9.22,9.06,1,0,10,8,3,1,101.80000000000001,418400.0
CLG0037,118.0,6.81,6.74,2,0,4,9,5,1,79.2,328600.0
CLG0097,115.0,6.3,6.3,3,1,0,10,0,0,74.5,0.0
CLG0031,113.0,9.29,9.55,5,0,10,6,5,1,106.8,438500.0
CLG0078,95.0,6.87,6.76,10,1,5,2,4,0,77.1,0.0
CLG0025,91.0,5.08,4.91,1,1,2,9,4,0,58.2,0.0
CLG0073,104.0,6.95,7.28,10,1,7,6,5,0,83.2,0.0
CLG0025,113.0,8.27,8.62,5,0,5,1,3,1,97.49999999999999,401299.99999999994
CLG0046,96.0,6.27,6.0,5,0,1,5,2,0,69.6,0.0
CLG0089,115.0,7.16,6.97,4,0,5,7,2,0,81.2,0.0
CLG0030,121.0,5.28,5.61,3,1,2,1,1,0,68.2,0.0
CLG0020,86.0,7.94,7.52,7,0,6,7,1,0,83.79999999999998,0.0
CLG0023,87.0,8.78,8.61,7,1,0,5,5,0,94.8,0.0
CLG0001,97.0,7.07,7.02,1,0,0,5,0,0,79.89999999999999,0.0
CLG0015,104.0,7.1,6.79,7,1,9,2,5,0,78.30000000000001,0.0
CLG0021,92.0,5.44,5.12,3,1,3,4,2,0,60.400000000000006,0.0
CLG0030,120.0,6.01,5.93,3,0,6,9,0,0,71.3,0.0
CLG0011,106.0,5.77,6.02,6,1,3,2,1,0,70.8,0.0
CLG0090,100.0,7.41,7.75,6,0,8,9,0,0,87.5,0.0
CLG0052,78.0,7.65,8.13,4,0,7,8,3,1,89.10000000000001,364200.00000000006
CLG0030,80.0,9.74,9.31,5,1,4,4,5,0,101.10000000000001,0.0
CLG0009,104.0,5.37,5.09,3,0,0,2,0,0,61.3,0.0
CLG0069,68.0,8.0,8.26,3,1,2,6,1,0,89.39999999999999,0.0
CLG0047,115.0,7.63,7.67,9,0,7,7,1,0,88.2,0.0
CLG0034,97.0,7.58,7.41,5,0,6,2,3,0,83.8,0.0
CLG0033,141.5,9.37,9.08,1,0,7,8,3,1,104.95,433950.0
CLG0098,134.0,6.03,5.81,9,1,0,9,2,1,71.5,399400.0
CLG0065,97.0,5.2,5.13,10,0,1,5,3,0,61.0,0.0
CLG0051,98.0,8.36,8.04,6,1,9,6,3,0,90.19999999999999,0.0
CLG0079,114.0,6.73,7.19,9,0,6,6,2,0,83.30000000000001,0.0
CLG0031,125.0,5.09,4.7,7,1,4,10,3,1,59.5,350500.0
CLG0056,75.0,6.26,6.75,10,1,4,2,4,0,75.0,0.0
CLG0076,73.0,6.55,6.89,10,1,9,1,4,0,76.19999999999999,0.0
CLG0071,90.0,8.08,8.0,7,0,8,5,4,0,89.0,0.0
CLG0045,108.0,5.86,6.1,5,0,0,6,3,0,71.8,0.0
CLG0033,107.0,7.07,7.24,7,1,4,1,1,0,83.10000000000001,0.0
CLG0096,116.0,7.41,7.12,10,0,6,8,1,0,82.8,0.0
CLG0051,82.0,7.3,7.14,4,0,4,5,2,0,79.6,0.0
CLG0005,65.0,9.87,9.88,6,1,9,5,1,0,105.30000000000001,0.0
CLG0038,112.0,5.23,5.37,2,0,10,8,1,0,64.9,0.0
CLG0005,87.0,9.75,9.79,10,1,6,8,2,1,106.6,535100.0
CLG0056,69.0,7.91,7.88,3,0,0,9,4,0,85.7,0.0
CLG0081,102.0,8.98,8.92,2,0,4,4,2,0,99.4,0.0
CLG0071,111.0,7.15,7.15,10,1,5,3,1,0,82.6,0.0
CLG0089,98.0,7.27,7.2,2,0,5,10,1,0,81.8,0.0
CLG0025,93.0,9.4,9.44,7,0,3,2,2,0,103.69999999999999,0.0
CLG0067,97.0,9.48,9.87,5,0,4,1,3,0,108.39999999999999,0.0
CLG0052,94.0,6.19,6.32,6,0,7,10,1,0,72.60000000000001,0.0
CLG0036,79.0,6.0,6.22,3,0,5,5,1,0,70.1,0.0
CLG0092,89.0,7.48,7.58,10,0,0,6,2,0,84.7,0.0
CLG0023,107.0,9.5,9.64,5,0,4,8,5,1,107.10000000000001,439100.0
CLG0008,104.0,6.61,6.69,5,1,6,6,1,0,77.30000000000001,0.0
CLG0031,102.0,8.26,7.79,4,0,7,2,5,0,88.10000000000001,0.0
CLG0063,85.0,8.54,9.04,10,1,3,8,3,1,98.89999999999999,504099.99999999994
CLG0021,97.0,8.89,8.42,4,1,1,5,3,0,93.9,0.0
CLG0099,67.0,7.82,7.72,8,0,3,3,2,0,83.9,0.0
CLG0050,102.0,7.01,6.62,6,0,5,6,0,0,76.4,0.0
CLG0029,121.0,9.84,9.44,2,1,5,6,4,1,106.49999999999999,538100.0
CLG0060,77.0,8.06,8.35,2,1,5,3,3,0,91.2,0.0
CLG0067,91.0,8.64,8.57,2,1,0,7,3,0,94.8,0.0
CLG0044,104.0,6.72,7.02,6,1,10,7,4,0,80.6,0.0
CLG0089,118.0,8.35,8.12,1,0,6,7,2,1,92.99999999999999,383799.99999999994
CLG0002,93.0,6.29,6.05,3,0,6,8,1,0,69.8,0.0
CLG0098,89.0,6.23,5.98,1,1,4,7,2,0,68.7,0.0
CLG0015,70.0,8.57,8.69,4,1,3,4,0,0,93.89999999999999,0.0
CLG0039,101.0,7.61,7.92,1,0,10,5,5,0,89.3,0.0
CLG0040,130.0,8.42,8.37,9,1,2,4,0,0,96.69999999999999,0.0
CLG0047,104.0,6.35,6.23,6,1,10,2,4,0,72.7,0.0
CLG0076,99.0,7.99,8.46,8,1,10,7,5,0,94.50000000000001,0.0
CLG0052,104.0,7.22,6.84,2,1,10,3,0,0,78.80000000000001,0.0
CLG0088,99.0,7.98,7.97,6,1,7,1,0,0,89.60000000000001,0.0
CLG0006,87.0,6.45,6.36,4,1,10,1,4,0,72.3,0.0
CLG0070,112.0,8.58,8.18,7,0,7,9,4,1,93.0,383200.0
CLG0048,103.0,9.03,8.8,8,0,2,3,4,0,98.3,0.0
CLG0058,100.0,6.3,5.83,6,0,10,7,4,0,68.3,0.0
CLG0090,85.0,6.5,6.88,1,0,10,9,4,0,77.3,0.0
CLG0003,119.0,8.31,8.42,8,0,4,7,3,1,96.10000000000001,396300.0
CLG0096,109.0,8.48,8.8,1,1,7,8,5,1,98.9,506500.0
CLG0046,91.0,8.52,8.54,9,0,9,6,5,0,94.49999999999999,0.0
CLG0018,115.0,8.41,8.51,2,0,9,3,1,0,96.6,0.0
CLG0056,92.0,6.96,7.16,10,0,5,1,4,0,80.8,0.0
CLG0092,88.0,6.97,7.38,6,1,1,10,1,0,82.6,0.0
CLG0033,88.0,6.27,5.86,8,0,0,8,0,0,67.4,0.0
CLG0017,73.0,5.78,5.61,5,0,6,6,3,0,63.4,0.0
CLG0032,107.0,8.46,8.67,2,0,1,2,4,0,97.4,0.0
CLG0076,72.0,5.47,5.93,5,1,9,10,5,0,66.5,0.0
CLG0085,81.0,9.69,10.17,1,1,9,8,3,1,109.8,547300.0
CLG0002,68.0,9.13,9.27,8,0,3,4,2,0,99.49999999999999,0.0
CLG0026,98.0,9.29,8.98,8,1,10,10,1,0,99.60000000000001,0.0
CLG0039,97.0,9.53,9.15,2,1,5,9,5,1,101.2,514500.0
CLG0063,95.0,7.04,7.49,6,0,6,9,5,0,84.4,0.0
CLG0017,84.0,9.23,9.16,8,1,6,9,5,1,100.0,508400.0
CLG0100,82.0,5.79,5.48,10,1,6,4,4,0,63.0,0.0
CLG0034,106.0,5.11,5.54,8,0,3,6,1,0,66.0,0.0
CLG0019,91.0,8.92,8.52,7,1,10,4,1,0,94.29999999999998,0.0
CLG0062,104.0,5.37,5.6,3,1,9,10,2,0,66.4,0.0
CLG0032,86.0,9.94,10.07,4,0,9,10,1,0,109.3,0.0
CLG0050,102.0,8.37,7.96,1,1,5,5,0,0,89.8,0.0
CLG0086,119.0,8.77,8.61,9,1,2,7,1,0,98.0,0.0
CLG0045,108.0,6.23,5.88,10,1,7,7,2,0,69.6,0.0
CLG0054,93.0,8.37,8.47,10,1,0,10,2,1,94.0,485300.0
CLG0082,103.0,5.22,5.2,2,0,7,6,5,0,62.3,0.0
CLG0088,96.0,9.19,8.69,10,0,4,10,4,1,96.49999999999999,395600.0
CLG0001,100.0,5.85,6.33,7,1,7,4,0,0,73.3,0.0
CLG0066,95.0,8.49,8.34,8,1,3,5,1,0,92.9,0.0
CLG0040,97.0,6.12,5.88,4,1,1,5,5,0,68.5,0.0
CLG0024,103.0,5.34,5.06,10,1,3,9,2,0,60.89999999999999,0.0
CLG0052,85.0,7.41,7.07,1,0,10,6,2,0,79.2,0.0
CLG0002,84.0,5.85,6.35,5,0,7,4,1,0,71.9,0.0
CLG0061,79.0,8.65,8.45,10,1,9,6,1,0,92.4,0.0
CLG0027,75.0,6.19,6.1,10,1,0,7,4,0,68.5,0.0
CLG0066,81.0,6.71,7.08,6,1,10,7,4,0,78.89999999999999,0.0
CLG0087,102.0,7.84,7.98,7,0,4,10,0,0,90.00000000000001,0.0
CLG0033,86.0,6.42,6.29,1,0,10,3,4,0,71.5,0.0
CLG0034,107.0,6.89,7.29,4,1,5,6,4,0,83.60000000000001,0.0
CLG0062,100.0,9.08,9.33,5,0,3,7,3,0,103.3,0.0
CLG0032,70.0,5.9,5.63,5,0,3,1,1,0,63.3,0.0
CLG0003,109.0,5.41,5.55,7,0,3,4,4,0,66.4,0.0
CLG0055,112.0,6.64,7.06,4,1,2,7,3,0,81.8,0.0
CLG0027,85.0,7.12,7.12,10,1,9,10,3,0,79.7,0.0
CLG0076,106.0,7.71,7.94,7,1,4,1,5,0,90.0,0.0
CLG0008,87.0,6.86,7.33,8,0,5,8,4,0,82.0,0.0
CLG0020,101.0,8.95,9.14,2,0,2,6,2,0,101.5,0.0
CLG0052,81.0,5.2,4.8,1,0,10,6,4,0,56.1,0.0
CLG0017,73.0,7.16,6.9,10,1,10,3,4,0,76.3,0.0
CLG0033,94.0,6.91,7.01,10,0,2,6,1,0,79.5,0.0
CLG0055,98.0,8.24,8.02,1,0,8,4,2,0,89.99999999999999,0.0
CLG0075,94.0,9.83,10.29,1,1,1,9,5,1,112.3,558600.0
CLG0073,82.0,7.55,7.46,9,0,5,4,0,0,82.8,0.0
CLG0098,94.0,9.93,9.89,4,0,7,6,4,0,108.30000000000001,0.0
CLG0071,104.0,6.51,6.71,9,0,7,6,4,0,77.5,0.0
CLG0016,99.0,5.15,5.17,7,1,0,1,1,0,61.6,0.0
CLG0091,102.0,5.83,5.71,7,1,0,4,0,0,67.3,0.0
CLG0079,89.0,6.98,6.56,2,1,7,9,3,0,74.5,0.0
CLG0064,117.0,6.58,6.68,2,0,0,10,2,1,78.5,325700.0
CLG0088,82.0,5.49,5.86,5,0,2,6,0,0,66.8,0.0
CLG0040,107.0,7.16,7.35,10,0,8,4,5,0,84.2,0.0
CLG0058,117.0,6.69,6.57,1,0,2,7,4,0,77.4,0.0
CLG0083,107.0,5.61,5.24,7,0,1,10,3,0,63.10000000000001,0.0
CLG0023,96.0,6.48,6.8,7,0,0,7,1,0,77.6,0.0
CLG0095,92.0,9.43,9.87,8,0,0,5,4,0,107.89999999999999,0.0
CLG0094,115.0,6.51,6.4,7,1,9,4,1,0,75.5,0.0
CLG0007,78.0,8.57,8.8,8,1,2,4,2,0,95.8,0.0
CLG0059,85.0,8.06,7.97,3,0,5,7,1,0,88.2,0.0
CLG0059,94.0,7.14,7.14,3,0,6,6,0,0,80.8,0.0
CLG0003,118.0,6.2,6.54,8,1,5,4,0,0,77.2,0.0
CLG0030,105.0,6.85,6.43,9,0,5,3,2,0,74.8,0.0
CLG0010,85.0,7.96,7.99,10,0,8,2,2,0,88.4,0.0
CLG0098,95.0,6.75,6.46,4,0,3,4,2,0,74.1,0.0
CLG0013,90.0,6.07,5.91,8,0,4,7,0,0,68.1,0.0
CLG0039,89.0,5.58,5.72,1,1,0,2,4,0,66.1,0.0
CLG0077,114.0,9.4,8.93,2,1,3,9,0,1,100.7,514200.0
CLG0064,79.0,7.2,7.29,10,0,9,9,5,0,80.80000000000001,0.0
CLG0025,124.0,8.13,7.91,10,0,5,6,1,0,91.5,0.0
CLG0041,112.0,7.45,7.62,10,1,6,9,2,1,87.4,460800.0
CLG0098,116.0,9.36,9.0,9,1,10,1,3,1,101.6,518000.0
CLG0040,93.0,7.73,7.97,2,0,1,6,0,0,89.0,0.0
CLG0062,97.0,7.4,7.55,2,0,9,3,3,0,85.2,0.0
CLG0040,78.0,9.62,10.09,8,0,5,6,4,0,108.7,0.0
CLG0034,92.0,8.6,9.01,5,0,2,5,0,0,99.3,0.0
CLG0079,107.0,5.56,5.34,5,0,6,5,4,0,64.1,0.0
CLG0003,119.0,5.89,5.42,6,1,8,1,4,0,66.10000000000001,0.0
CLG0052,83.0,8.94,9.1,8,0,10,5,0,0,99.3,0.0
CLG0046,94.0,9.18,9.28,8,1,3,6,0,0,102.2,0.0
CLG0086,97.0,7.73,7.26,9,1,7,1,4,0,82.3,0.0
CLG0098,79.0,7.77,7.39,10,0,9,10,5,0,81.8,0.0
CLG0069,108.0,8.16,8.24,3,1,5,7,5,0,93.2,0.0
CLG0041,89.0,7.2,7.61,9,1,2,1,2,0,85.00000000000001,0.0
CLG0086,97.0,8.4,8.81,3,0,2,7,0,0,97.80000000000001,0.0
CLG0060,93.0,5.54,5.19,1,0,2,9,5,0,61.2,0.0
CLG0029,88.0,9.81,9.69,5,0,3,7,4,0,105.69999999999999,0.0
CLG0008,99.0,8.75,8.29,7,1,1,10,1,0,92.8,0.0
CLG0098,96.0,8.16,8.13,3,1,4,5,3,0,90.9,0.0
CLG0004,94.0,6.58,6.83,9,1,7,3,1,0,77.7,0.0
CLG0025,89.0,5.8,6.09,1,1,6,7,0,0,69.8,0.0
CLG0050,104.0,7.05,7.05,6,0,8,6,0,0,80.9,0.0
CLG0023,124.0,8.31,7.91,6,0,2,8,0,0,91.5,0.0
CLG0025,102.0,8.17,8.05,8,0,3,8,0,0,90.7,0.0
CLG0098,114.0,6.91,7.34,3,0,7,10,5,1,84.80000000000001,350600.0
CLG0070,79.0,8.07,7.8,5,0,9,6,1,0,85.9,0.0
CLG0098,102.0,9.07,8.89,10,0,10,7,2,0,99.10000000000001,0.0
CLG0021,83.0,5.13,5.38,5,1,2,3,5,0,62.099999999999994,0.0
CLG0094,77.0,7.25,7.48,8,0,0,4,5,0,82.50000000000001,0.0
CLG0056,88.0,8.79,9.2,7,0,1,7,4,0,100.8,0.0
CLG0003,117.0,7.73,7.62,3,0,9,6,4,0,87.9,0.0
CLG0079,114.0,8.26,8.27,7,0,9,3,4,1,94.1,387800.0
CLG0021,103.0,7.58,7.55,10,0,7,10,3,0,85.8,0.0
CLG0083,77.0,9.96,10.39,8,0,6,7,0,0,111.60000000000001,0.0
CLG0083,97.0,5.27,5.54,5,0,3,3,5,0,65.1,0.0
CLG0049,104.0,7.46,7.79,5,1,7,10,1,0,88.30000000000001,0.0
CLG0046,102.0,5.46,5.09,1,0,2,8,1,0,61.099999999999994,0.0
CLG0098,72.0,5.8,6.09,8,0,0,7,1,0,68.1,0.0
CLG0078,86.0,6.92,6.85,6,0,3,4,2,0,77.1,0.0
CLG0068,99.0,5.78,5.3,6,0,5,1,0,0,62.9,0.0
CLG0031,108.0,9.82,9.38,5,0,5,6,4,0,104.60000000000001,0.0
CLG0046,67.0,9.73,9.91,5,0,3,5,4,0,105.8,0.0
CLG0075,97.0,6.68,6.55,3,1,7,9,0,0,75.2,0.0
CLG0044,102.0,8.2,8.57,3,1,8,10,5,1,95.9,493800.0
CLG0045,112.0,7.67,7.9,2,0,1,6,4,0,90.2,0.0
CLG0075,110.0,9.08,8.6,9,0,2,1,5,0,97.0,0.0
CLG0049,108.0,8.14,8.33,8,1,7,3,4,0,94.1,0.0
CLG0004,88.0,5.0,4.69,3,0,0,2,0,0,55.7,0.0
CLG0080,71.0,8.82,8.74,5,1,0,3,1,0,94.5,0.0
CLG0057,94.0,8.73,8.85,10,0,6,1,5,0,97.9,0.0
CLG0056,115.0,7.55,7.92,5,1,9,2,3,0,90.7,0.0
CLG0038,120.0,9.51,9.47,8,1,6,8,5,1,106.7,538800.0
CLG0006,110.0,9.54,9.85,6,0,6,3,5,0,109.5,0.0
CLG0082,106.0,7.62,7.9,7,0,4,9,5,0,89.6,0.0
CLG0089,105.0,8.04,7.95,5,0,6,4,0,0,90.0,0.0
CLG0024,91.0,9.98,9.98,1,1,8,2,4,0,108.9,0.0
CLG0052,98.0,6.49,6.69,8,0,5,7,4,0,76.7,0.0
CLG0039,125.0,6.62,6.15,4,0,5,9,3,1,74.0,308500.0
CLG0073,85.0,5.91,6.3,5,1,2,5,3,0,71.5,0.0
CLG0037,124.0,9.48,9.75,1,0,6,1,5,1,109.9,452000.0
CLG0098,95.0,8.72,8.47,3,0,5,9,3,1,94.2,386300.0
CLG0034,119.0,5.53,6.01,2,0,4,9,0,0,72.0,0.0
CLG0040,78.0,9.91,9.59,2,0,2,7,1,0,103.7,0.0
CLG0040,108.0,8.65,9.06,1,0,2,1,3,0,101.4,0.0
CLG0037,88.0,9.25,9.07,6,0,5,4,5,0,99.5,0.0
CLG0092,78.0,5.24,5.5,8,1,5,1,2,0,62.8,0.0
CLG0050,103.0,7.52,7.48,3,0,4,3,5,0,85.10000000000001,0.0
CLG0011,115.0,8.49,8.73,1,0,2,7,1,0,98.80000000000001,0.0
CLG0078,87.0,7.71,7.37,10,0,1,1,3,0,82.4,0.0
CLG0059,77.0,8.33,8.1,2,0,3,8,4,1,88.7,362500.0
CLG0026,98.0,9.09,8.69,3,0,3,10,0,0,96.69999999999999,0.0
CLG0060,98.0,6.87,7.24,6,0,9,4,4,0,82.2,0.0
CLG0008,108.0,9.24,9.04,3,0,1,4,4,0,101.19999999999999,0.0
CLG0028,114.0,5.81,6.0,9,0,8,1,0,0,71.4,0.0
CLG0084,99.0,6.35,6.67,1,1,10,5,1,0,76.60000000000001,0.0
CLG0060,127.0,5.22,5.62,7,0,10,8,4,1,68.9,288300.0
CLG0089,103.0,6.82,6.43,10,0,2,8,1,0,74.6,0.0
CLG0010,94.0,6.9,7.29,8,0,0,7,0,0,82.30000000000001,0.0
CLG0063,75.0,9.03,8.73,9,0,4,7,3,0,94.80000000000001,0.0
CLG0061,96.0,8.27,8.51,8,1,9,8,4,1,94.69999999999999,488400.0
CLG0075,94.0,7.18,7.41,5,1,2,8,4,0,83.5,0.0
CLG0026,114.0,8.26,7.77,1,0,5,1,0,0,89.1,0.0
CLG0023,106.0,5.26,4.98,1,0,0,2,0,0,60.400000000000006,0.0
CLG0063,82.0,5.9,5.89,8,1,9,10,3,0,67.1,0.0
CLG0019,102.0,8.13,8.05,7,0,3,8,0,0,90.7,0.0
CLG0018,110.0,8.21,8.63,5,1,0,1,2,0,97.30000000000001,0.0
CLG0050,122.0,8.87,8.73,10,1,0,9,2,1,99.50000000000001,510200.0
CLG0019,113.0,7.01,7.45,3,1,9,9,5,1,85.8,454500.0
CLG0015,111.0,8.61,8.57,9,1,7,10,5,1,96.8,498300.0
CLG0016,100.0,8.42,8.88,4,1,9,2,0,0,98.80000000000001,0.0
CLG0020,105.0,9.82,10.06,6,0,10,6,3,0,111.10000000000001,0.0
CLG0019,118.0,6.08,6.41,4,0,3,4,2,0,75.89999999999999,0.0
CLG0075,80.0,7.76,7.36,9,0,9,10,4,0,81.60000000000001,0.0
CLG0071,94.0,8.01,8.1,4,0,2,7,3,0,90.4,0.0
CLG0019,88.0,9.99,9.63,8,1,5,2,0,0,105.10000000000001,0.0
CLG0088,105.0,6.01,5.81,3,0,10,10,2,0,68.6,0.0
CLG0031,118.0,7.62,7.74,8,0,9,1,3,0,89.2,0.0
CLG0052,91.0,6.73,6.96,3,0,8,9,5,0,78.69999999999999,0.0
CLG0048,64.0,7.63,7.17,5,0,5,9,4,0,78.10000000000001,0.0
CLG0008,93.0,6.16,6.19,1,0,0,9,0,0,71.2,0.0
CLG0050,113.0,5.24,5.31,6,0,7,5,1,0,64.39999999999999,0.0
CLG0061,108.0,7.86,7.44,2,0,0,3,2,0,85.2,0.0
CLG0088,106.0,6.68,6.68,3,1,2,6,4,0,77.39999999999999,0.0
CLG0008,95.0,5.91,6.12,1,0,8,10,3,0,70.7,0.0
CLG0013,80.0,6.62,6.17,6,0,3,1,2,0,69.7,0.0
CLG0074,107.0,5.25,5.51,5,1,7,10,5,0,65.8,0.0
CLG0019,87.0,9.75,9.83,10,1,8,8,2,1,107.0,536700.0
CLG0050,132.0,7.91,8.24,2,0,7,10,0,1,95.60000000000001,395600.0
CLG0023,108.0,9.07,8.79,8,1,5,4,4,0,98.69999999999999,0.0
CLG0057,91.0,7.12,7.45,9,1,8,2,2,0,83.6,0.0
CLG0097,90.0,9.52,9.11,3,1,10,4,2,0,100.1,0.0
CLG0030,98.0,7.42,7.32,6,0,5,1,4,0,83.0,0.0
CLG0094,96.0,7.87,7.57,6,1,4,10,3,0,85.3,0.0
CLG0029,116.0,7.46,7.84,10,0,7,10,0,0,90.0,0.0
CLG0061,102.0,8.67,8.87,6,0,3,8,2,1,98.89999999999999,405799.99999999994
CLG0035,89.0,7.83,7.36,8,0,2,6,5,0,82.50000000000001,0.0
CLG0009,128.0,6.36,5.87,5,1,3,1,4,0,71.5,0.0
CLG0072,100.0,5.73,5.52,10,1,8,1,1,0,65.19999999999999,0.0
CLG0025,111.0,8.03,7.67,10,0,3,2,5,0,87.8,0.0
CLG0064,90.0,7.45,7.58,8,0,6,7,5,0,84.8,0.0
CLG0037,105.0,5.48,5.64,3,1,0,2,3,0,66.9,0.0
CLG0038,104.0,6.98,7.42,7,0,5,3,0,0,84.60000000000001,0.0
CLG0008,71.0,7.57,8.02,1,0,7,9,1,0,87.29999999999998,0.0
CLG0090,130.0,9.13,9.29,4,0,6,1,3,1,105.89999999999999,436599.99999999994
CLG0075,119.0,5.38,4.89,5,1,4,9,2,1,60.8,355100.0
CLG0040,94.0,6.74,6.6,7,0,3,6,0,0,75.4,0.0
CLG0023,83.0,9.11,9.12,6,0,1,9,3,1,99.49999999999999,406299.99999999994
CLG0096,105.0,8.24,8.24,6,1,0,10,3,1,92.9,482100.0
CLG0045,101.0,6.45,6.55,2,1,0,8,5,0,75.6,0.0
CLG0001,105.0,9.23,9.69,2,1,4,7,3,0,107.39999999999999,0.0
CLG0049,102.0,7.47,7.86,2,0,8,10,3,0,88.80000000000001,0.0
CLG0009,107.0,7.49,7.1,10,0,6,7,1,0,81.7,0.0
CLG0040,121.0,9.88,9.65,8,1,1,6,0,0,108.6,0.0
CLG0028,108.0,9.74,10.07,7,1,5,8,2,1,111.5,556800.0
CLG0097,84.0,6.79,7.11,1,1,9,9,0,0,79.50000000000001,0.0
CLG0096,120.0,5.7,5.48,9,1,6,8,5,1,66.80000000000001,379200.0
CLG0008,124.0,6.63,6.86,8,1,7,9,1,0,81.00000000000001,0.0
CLG0037,141.5,5.15,5.32,9,1,10,5,0,0,67.35000000000001,0.0
CLG0082,83.0,5.1,5.07,4,1,8,3,1,0,59.0,0.0
CLG0071,103.0,6.98,6.68,5,0,2,4,1,0,77.1,0.0
CLG0018,68.0,9.71,10.1,5,0,1,4,1,0,107.8,0.0
CLG0076,108.0,9.36,9.54,9,1,6,9,1,0,106.19999999999999,0.0
CLG0068,91.0,7.56,7.23,8,1,7,9,3,0,81.4,0.0
CLG0077,128.0,7.83,8.03,10,0,8,1,0,0,93.1,0.0
CLG0075,88.0,5.03,5.27,6,1,9,5,4,0,61.5,0.0
CLG0080,74.0,6.08,6.47,10,1,4,2,1,0,72.10000000000001,0.0
CLG0044,92.0,5.12,4.84,10,1,8,5,1,0,57.599999999999994,0.0
CLG0078,70.0,8.77,9.26,1,0,0,5,0,0,99.6,0.0
CLG0016,111.0,5.73,5.38,7,1,8,3,3,0,64.89999999999999,0.0
CLG0052,69.0,9.35,9.45,9,0,9,4,2,0,101.4,0.0
CLG0053,100.0,8.22,8.38,4,1,4,7,1,0,93.80000000000001,0.0
CLG0086,68.0,6.15,6.07,4,1,1,10,3,0,67.5,0.0
CLG0018,95.0,5.79,5.77,5,0,5,4,5,0,67.19999999999999,0.0
CLG0040,124.0,8.14,8.53,8,1,0,3,3,1,97.7,503200.0
CLG0061,105.0,9.5,9.65,5,1,6,10,4,1,107.0,538500.0
CLG0025,87.0,8.59,8.59,4,0,6,4,1,0,94.60000000000001,0.0
CLG0035,99.0,6.74,6.37,8,1,9,2,3,0,73.60000000000001,0.0
CLG0071,100.0,7.94,7.45,5,0,7,1,4,0,84.5,0.0
CLG0084,107.0,6.55,6.17,8,0,0,5,3,0,72.4,0.0
CLG0027,79.0,10.0,10.46,1,1,1,9,5,1,112.50000000000001,557900.0
CLG0093,108.0,8.74,9.0,3,1,10,9,5,1,100.8,514000.0
CLG0010,59.0,8.07,8.54,7,1,0,1,4,0,91.3,0.0
CLG0075,90.0,7.12,6.66,1,0,7,1,5,0,75.6,0.0
CLG0020,92.0,8.09,8.27,5,0,7,8,4,1,91.89999999999999,376800.0
CLG0033,109.0,6.71,6.25,6,0,2,7,5,0,73.4,0.0
CLG0077,100.0,5.14,5.42,1,0,9,7,4,0,64.2,0.0
CLG0080,78.0,6.98,6.86,7,0,1,9,3,0,76.4,0.0
CLG0011,85.0,9.65,9.25,9,1,8,5,2,0,101.0,0.0
CLG0069,102.0,8.13,8.2,9,1,4,8,0,0,92.2,0.0
CLG0067,98.0,5.42,5.2,3,0,8,7,4,0,61.8,0.0
CLG0059,91.0,9.42,9.58,4,1,1,2,5,0,104.89999999999999,0.0
CLG0066,92.0,6.34,6.5,1,0,5,2,1,0,74.2,0.0
CLG0053,110.0,6.22,6.43,4,1,10,4,0,0,75.3,0.0
CLG0038,92.0,6.49,6.98,5,1,0,1,2,0,79.00000000000001,0.0
CLG0010,98.0,7.89,7.78,7,0,6,10,0,0,87.6,0.0
CLG0006,132.0,7.72,7.69,5,0,3,5,0,0,90.10000000000001,0.0
CLG0085,78.0,7.46,7.76,8,0,6,5,2,0,85.39999999999999,0.0
CLG0095,72.0,8.59,8.67,7,0,8,1,1,0,93.9,0.0
CLG0034,111.0,6.58,6.12,1,0,0,5,4,0,72.3,0.0
CLG0049,89.0,8.91,9.25,2,0,0,4,3,0,101.4,0.0
CLG0032,95.0,5.88,5.43,7,0,10,10,1,0,63.8,0.0
CLG0029,88.0,8.91,8.58,3,0,6,5,5,0,94.6,0.0
CLG0065,96.0,8.32,7.92,2,0,9,4,1,0,88.8,0.0
CLG0033,123.0,8.42,8.0,9,1,10,9,4,1,92.3,481500.0
CLG0017,112.0,7.41,6.94,10,1,1,9,1,0,80.60000000000001,0.0
CLG0098,112.0,8.34,7.9,8,0,7,3,5,0,90.2,0.0
CLG0049,78.0,5.4,5.34,8,1,3,3,1,0,61.199999999999996,0.0
CLG0016,82.0,9.26,9.01,3,1,6,3,5,0,98.3,0.0
CLG0007,57.5,5.28,4.91,10,0,9,7,0,0,54.85,0.0
CLG0100,87.0,5.74,5.9,9,0,1,1,0,0,67.7,0.0
CLG0013,114.0,7.88,7.61,8,1,7,4,2,0,87.50000000000001,0.0
CLG0084,107.0,8.7,8.22,2,1,5,9,5,1,92.9,482300.0
CLG0004,96.0,5.38,5.3,7,0,0,8,2,0,62.6,0.0
CLG0063,99.0,9.6,9.41,8,0,8,3,2,0,104.0,0.0
CLG0069,89.0,9.87,9.69,7,1,10,8,3,1,105.8,532100.0
CLG0080,103.0,8.03,7.98,9,0,1,6,4,0,90.10000000000001,0.0
CLG0073,111.0,7.41,7.58,7,0,3,10,3,1,86.89999999999999,358700.0
CLG0076,75.0,8.71,8.83,7,0,8,3,3,0,95.8,0.0
CLG0078,104.0,6.64,7.08,1,0,7,9,2,0,81.2,0.0
CLG0015,113.0,7.47,7.49,2,0,7,10,4,1,86.2,356100.0
CLG0005,93.0,9.58,9.55,5,0,3,7,3,0,104.8,0.0
CLG0042,110.0,9.78,9.49,1,0,0,8,0,0,105.9,0.0
CLG0018,141.5,9.64,9.9,10,0,9,10,3,1,113.15,466750.0
CLG0072,98.0,6.31,5.95,7,1,3,2,0,0,69.3,0.0
CLG0008,105.0,6.16,6.15,5,0,2,3,3,0,72.0,0.0
CLG0089,88.0,6.49,6.41,5,0,10,7,5,0,72.89999999999999,0.0
CLG0068,102.0,7.21,7.37,8,0,2,2,5,0,83.9,0.0
CLG0026,106.0,6.57,6.99,9,0,0,6,4,0,80.5,0.0
CLG0075,102.0,6.87,7.32,10,1,8,7,5,0,83.4,0.0
CLG0070,84.0,8.1,7.77,1,0,2,6,0,0,86.1,0.0
CLG0033,103.0,8.81,8.57,10,0,3,5,5,0,96.0,0.0
CLG0022,121.0,8.68,8.99,4,0,0,9,0,1,102.0,420100.0
CLG0093,106.0,9.07,9.09,2,0,2,3,2,0,101.5,0.0
CLG0069,114.0,5.16,5.11,9,1,0,5,0,0,62.5,0.0
CLG0001,96.0,5.24,5.45,9,0,3,5,5,0,64.1,0.0
CLG0086,111.0,8.95,9.05,1,1,9,8,3,1,101.6,517500.0
CLG0035,104.0,7.67,8.14,3,0,6,8,3,1,91.80000000000001,377600.0
CLG0056,85.0,7.89,7.97,10,0,9,1,2,0,88.2,0.0
CLG0095,104.0,5.26,5.23,8,1,10,6,1,0,62.7,0.0
CLG0067,85.0,6.28,6.32,2,0,7,6,0,0,71.7,0.0
CLG0003,90.0,8.19,8.5,2,1,7,10,0,0,94.0,0.0
CLG0071,102.0,9.3,9.41,2,0,0,2,0,0,104.3,0.0
CLG0001,104.0,9.58,9.73,5,1,10,5,3,0,107.70000000000002,0.0
CLG0042,82.0,7.5,7.97,9,0,5,6,4,0,87.9,0.0
CLG0058,115.0,7.73,7.85,7,1,7,3,4,0,90.0,0.0
CLG0088,108.0,9.17,9.05,7,0,9,1,4,0,101.3,0.0
CLG0094,89.0,7.69,7.88,2,0,9,9,2,0,87.7,0.0
CLG0096,76.0,7.58,7.74,2,1,7,2,2,0,85.0,0.0
CLG0096,97.0,9.53,9.04,5,0,8,4,3,0,100.1,0.0
CLG0085,93.0,8.95,8.92,7,0,7,9,4,1,98.5,403300.0
CLG0064,101.0,9.55,9.79,7,0,4,9,1,0,107.99999999999999,0.0
CLG0080,94.0,6.09,6.09,9,1,0,8,5,0,70.3,0.0
CLG0004,69.0,7.62,7.9,3,0,8,4,0,0,85.9,0.0
CLG0017,94.0,9.21,9.16,1,1,9,1,4,0,101.0,0.0
CLG0077,95.0,5.56,6.04,9,0,9,7,1,0,69.9,0.0
CLG0099,109.0,8.97,8.76,1,1,9,2,0,0,98.5,0.0
CLG0040,89.0,5.91,5.5,8,1,9,8,0,0,63.9,0.0
CLG0034,125.0,9.04,8.97,5,1,4,10,2,1,102.2,521300.0
CLG0056,71.0,8.06,8.1,8,0,6,10,1,0,88.1,0.0
CLG0011,119.0,5.97,5.82,7,0,6,2,4,0,70.10000000000001,0.0
CLG0100,96.0,7.37,7.11,9,0,10,10,4,0,80.7,0.0
CLG0089,112.0,8.41,8.58,2,0,3,3,3,1,97.0,399200.0
CLG0040,101.0,8.17,8.05,9,0,7,6,1,0,90.6,0.0
CLG0094,117.0,7.14,7.27,10,0,10,4,0,0,84.39999999999999,0.0
CLG0013,94.0,9.5,9.78,5,0,9,2,5,0,107.2,0.0
CLG0024,83.0,7.6,7.86,5,0,8,1,2,0,86.9,0.0
CLG0100,121.0,7.53,7.41,1,0,3,3,3,0,86.19999999999999,0.0
CLG0034,98.0,5.31,5.38,6,0,1,4,2,0,63.599999999999994,0.0
CLG0008,103.0,9.61,9.56,10,0,9,9,0,0,105.9,0.0
CLG0082,118.0,5.89,6.26,10,0,3,9,0,0,74.39999999999999,0.0
CLG0007,84.0,7.64,8.02,10,0,1,5,5,0,88.6,0.0
CLG0062,108.0,9.02,8.86,10,1,0,5,2,0,99.39999999999999,0.0
CLG0046,91.0,6.08,5.67,3,0,0,7,3,0,65.8,0.0
CLG0086,98.0,7.64,7.31,10,1,10,8,0,0,82.89999999999999,0.0
CLG0071,101.0,6.2,6.07,3,0,3,3,4,0,70.8,0.0
CLG0013,77.0,8.8,8.86,3,0,8,5,4,0,96.3,0.0
CLG0002,88.0,7.82,7.98,4,0,8,7,4,0,88.60000000000001,0.0
CLG0002,120.0,9.28,9.11,9,0,6,2,5,1,103.1,424400.0
CLG0029,113.0,9.47,9.64,8,1,4,9,3,1,107.7,542100.0
CLG0091,99.0,8.24,8.68,6,0,5,3,3,0,96.7,0.0
CLG0082,103.0,8.63,8.78,8,0,0,7,1,0,98.1,0.0
CLG0058,95.0,7.75,7.41,8,1,2,9,1,0,83.6,0.0
CLG0002,120.0,6.92,7.0,1,1,0,9,5,1,82.0,440000.0
CLG0059,96.0,8.24,8.28,9,1,9,3,5,0,92.39999999999999,0.0
CLG0053,103.0,9.54,9.91,1,0,4,2,4,0,109.39999999999999,0.0
CLG0068,117.0,7.08,6.93,2,1,3,5,5,0,81.0,0.0
CLG0061,88.0,6.57,6.49,9,1,2,5,2,0,73.7,0.0
CLG0049,123.0,6.94,7.04,7,1,5,8,2,1,82.7,443100.0
CLG0046,77.0,7.18,7.2,10,0,5,6,4,0,79.7,0.0
CLG0072,124.0,5.37,5.59,1,0,8,7,1,0,68.3,0.0
CLG0100,94.0,7.49,7.03,3,0,3,8,3,0,79.7,0.0
CLG0059,96.0,7.47,7.53,1,0,8,9,2,0,84.89999999999999,0.0
CLG0048,71.0,7.94,7.56,5,1,3,4,3,0,82.69999999999999,0.0
CLG0009,93.0,6.81,6.63,4,0,7,5,4,0,75.6,0.0
CLG0018,84.0,8.07,8.23,8,1,7,4,3,0,90.70000000000002,0.0
CLG0050,90.0,9.39,9.05,9,1,1,9,2,1,99.5,507000.0
CLG0086,97.0,9.78,9.59,4,1,9,2,5,0,105.60000000000001,0.0
CLG0075,114.0,7.92,8.12,3,1,7,8,1,1,92.6,481799.99999999994
CLG0027,103.0,5.21,5.36,4,1,1,7,2,0,63.900000000000006,0.0
CLG0032,104.0,9.85,9.44,3,0,10,7,0,0,104.8,0.0
CLG0066,83.0,8.53,8.61,6,1,7,8,3,1,94.39999999999999,485900.0
CLG0066,86.0,6.68,6.33,1,0,5,1,3,0,71.89999999999999,0.0
CLG0094,126.0,5.74,5.49,2,0,2,1,3,0,67.5,0.0
CLG0022,88.0,5.72,5.68,8,0,10,7,4,0,65.6,0.0
CLG0086,124.0,5.84,5.45,3,0,6,2,4,0,66.9,0.0
CLG0024,96.0,5.23,5.72,4,0,5,4,2,0,66.8,0.0
CLG0091,100.0,9.51,9.18,1,1,2,6,1,0,101.8,0.0
CLG0075,116.0,7.7,7.98,3,0,4,5,0,0,91.4,0.0
CLG0013,119.0,8.5,8.83,1,1,3,5,1,0,100.2,0.0
CLG0091,98.0,9.14,9.63,10,0,5,6,5,0,106.10000000000001,0.0
CLG0015,94.0,8.96,8.89,5,1,0,10,1,0,98.30000000000001,0.0
CLG0049,99.0,9.41,9.78,1,1,0,7,0,0,107.7,0.0
CLG0017,105.0,9.84,10.3,9,0,7,2,4,0,113.5,0.0
CLG0039,113.0,7.2,6.87,7,1,7,4,3,0,80.0,0.0
CLG0073,100.0,9.75,9.73,8,0,8,7,4,0,107.30000000000001,0.0
CLG0087,109.0,8.62,8.18,9,0,7,5,3,0,92.7,0.0
CLG0004,124.0,5.35,5.47,10,0,1,10,3,1,67.1,280800.0
CLG0057,105.0,8.41,8.49,8,0,10,9,4,1,95.4,392100.0
CLG0015,104.0,8.43,8.13,3,1,4,6,1,0,91.70000000000002,0.0
CLG0043,77.0,9.53,9.83,7,0,7,4,3,0,106.0,0.0
CLG0031,60.0,6.86,6.4,7,0,8,10,4,0,70.0,0.0
CLG0006,105.0,7.92,8.23,7,0,5,4,1,0,92.80000000000001,0.0
CLG0090,98.0,5.06,4.59,8,0,3,3,0,0,55.7,0.0
CLG0059,92.0,6.66,6.82,4,0,8,6,3,0,77.4,0.0
CLG0065,103.0,5.31,4.89,6,0,3,8,1,0,59.2,0.0
CLG0086,99.0,7.61,7.36,2,0,5,1,3,0,83.50000000000001,0.0
CLG0030,116.0,9.09,9.31,7,0,4,2,5,1,104.7,430400.0
CLG0058,101.0,6.03,5.81,9,0,0,4,1,0,68.19999999999999,0.0
CLG0086,88.0,7.64,7.65,5,1,3,7,0,0,85.3,0.0
CLG0097,114.0,6.02,6.44,4,0,9,2,3,0,75.80000000000001,0.0
CLG0056,96.0,5.6,5.15,2,1,2,10,4,0,61.1,0.0
CLG0069,107.0,7.55,7.86,7,0,7,8,5,0,89.30000000000001,0.0
CLG0036,92.0,5.4,4.97,2,0,6,3,5,0,58.89999999999999,0.0
CLG0046,90.0,7.94,7.57,2,0,9,2,5,0,84.7,0.0
CLG0074,101.0,5.16,4.78,9,0,0,7,1,0,57.900000000000006,0.0
CLG0001,100.0,5.53,6.02,2,0,10,10,0,0,70.19999999999999,0.0
CLG0012,107.0,7.75,7.43,10,1,7,9,3,0,85.0,0.0
CLG0067,95.0,7.96,8.36,3,1,6,4,0,0,93.1,0.0
CLG0010,72.0,5.14,5.63,3,0,1,2,0,0,63.5,0.0
CLG0001,93.0,7.87,7.75,2,1,9,9,3,0,86.8,0.0
CLG0019,111.0,9.19,9.32,10,0,3,10,3,1,104.3,428300.0
CLG0082,95.0,8.61,8.89,3,1,1,5,1,0,98.4,0.0
CLG0095,96.0,5.66,5.55,9,0,8,10,5,0,65.1,0.0
CLG0055,114.0,7.96,7.62,3,1,7,7,4,0,87.60000000000001,0.0
CLG0049,89.0,8.36,8.29,5,1,0,10,5,1,91.8,476099.99999999994
CLG0055,76.0,5.19,5.46,7,1,0,5,5,0,62.2,0.0
CLG0086,97.0,9.28,9.56,1,1,7,5,0,0,105.30000000000001,0.0
CLG0068,92.0,9.53,9.26,1,1,4,6,5,0,101.8,0.0
CLG0041,85.0,9.25,8.92,10,0,0,5,3,0,97.7,0.0
CLG0055,97.0,9.12,9.54,2,1,10,8,0,0,105.1,0.0
CLG0074,107.0,8.72,8.26,1,1,3,4,5,0,93.3,0.0
CLG0074,99.0,8.17,8.4,1,0,1,3,1,0,93.9,0.0
CLG0079,104.0,8.39,7.94,10,0,8,3,1,0,89.80000000000001,0.0
CLG0069,127.0,9.03,9.37,4,0,9,2,1,0,106.39999999999999,0.0
CLG0043,94.0,8.31,8.72,10,0,5,8,4,1,96.60000000000001,395800.0
CLG0081,104.0,6.64,6.44,3,0,10,7,2,0,74.80000000000001,0.0
CLG0082,92.0,6.88,6.45,1,0,8,6,2,0,73.7,0.0
CLG0057,87.0,9.49,9.47,3,1,0,2,5,0,103.4,0.0
CLG0048,91.0,5.09,4.89,1,0,0,2,2,0,58.0,0.0
CLG0050,92.0,8.49,8.41,3,0,10,10,4,1,93.3,382400.0
CLG0069,105.0,9.77,9.93,4,0,3,1,4,0,109.8,0.0
CLG0008,135.0,8.53,8.24,8,1,1,10,0,1,95.9,497100.0
CLG0056,89.0,9.97,9.83,3,1,0,2,0,0,107.2,0.0
CLG0091,93.0,8.44,8.72,3,0,5,9,1,0,96.5,0.0
CLG0089,99.0,5.17,5.31,9,1,7,1,4,0,62.99999999999999,0.0
CLG0026,105.0,9.14,8.97,9,1,0,10,5,1,100.2,511300.0
CLG0023,103.0,6.42,6.58,6,1,10,4,2,0,76.1,0.0
CLG0041,119.0,7.23,7.5,10,0,10,2,2,0,86.9,0.0
CLG0087,63.0,6.56,6.65,4,0,9,5,0,0,72.8,0.0
CLG0093,64.0,6.34,6.08,10,0,9,10,1,0,67.2,0.0
CLG0097,92.0,7.16,6.66,5,0,5,8,1,0,75.8,0.0
CLG0059,116.0,6.89,7.19,9,1,0,1,5,0,83.5,0.0
CLG0018,76.0,8.17,8.49,1,0,7,9,3,1,92.5,377600.0
CLG0071,57.5,9.07,9.27,7,1,5,7,4,0,98.44999999999999,0.0
CLG0096,108.0,6.49,6.07,7,0,0,5,2,0,71.5,0.0
CLG0071,103.0,6.07,6.16,10,0,8,5,5,0,71.9,0.0
CLG0008,83.0,8.33,8.65,1,1,0,9,2,1,94.8,487500.0
CLG0058,85.0,8.35,8.24,1,0,8,9,0,0,90.9,0.0
CLG0085,85.0,9.51,9.21,9,0,2,2,0,0,100.60000000000001,0.0
CLG0017,101.0,5.08,5.17,7,0,7,8,4,0,61.800000000000004,0.0
CLG0051,90.0,9.27,9.6,4,1,7,5,5,0,105.0,0.0
CLG0033,107.0,7.61,7.16,9,1,6,2,5,0,82.3,0.0
CLG0030,57.5,8.11,8.21,5,1,1,9,0,0,87.85000000000001,0.0
CLG0066,87.0,5.46,5.6,3,1,2,4,5,0,64.7,0.0
CLG0060,83.0,7.16,7.26,2,0,4,5,0,0,80.89999999999999,0.0
CLG0046,96.0,6.14,6.29,9,0,4,7,2,0,72.5,0.0
CLG0100,91.0,6.27,6.4,4,0,1,2,4,0,73.1,0.0
CLG0022,111.0,7.52,7.15,7,1,0,5,2,0,82.6,0.0
CLG0032,72.0,9.06,8.79,1,1,4,8,2,1,95.1,487599.99999999994
CLG0025,100.0,8.72,8.84,9,0,4,1,0,0,98.4,0.0
CLG0008,108.0,7.95,7.47,9,0,2,8,2,0,85.5,0.0
CLG0097,127.0,7.7,7.83,10,1,7,2,4,0,91.0,0.0
CLG0063,92.0,7.14,7.31,6,0,5,4,0,0,82.3,0.0
CLG0029,104.0,9.86,9.6,6,1,1,3,4,0,106.4,0.0
CLG0081,72.0,7.8,7.9,6,0,1,2,1,0,86.2,0.0
CLG0040,64.0,6.27,6.3,5,1,3,10,4,0,69.4,0.0
CLG0045,112.0,6.15,5.91,1,0,5,10,4,1,70.3,292400.0
CLG0002,99.0,8.06,8.02,4,0,8,2,3,0,90.1,0.0
CLG0049,117.0,7.61,8.02,10,0,7,10,5,1,91.89999999999999,379300.0
CLG0031,79.0,5.04,4.97,1,1,7,6,5,0,57.599999999999994,0.0
CLG0068,107.0,9.15,9.28,5,0,1,3,4,0,103.5,0.0
CLG0090,128.0,8.52,8.06,4,1,10,10,2,1,93.4,486400.0
CLG0009,106.0,8.31,7.89,8,0,3,4,2,0,89.49999999999999,0.0
CLG0095,104.0,5.34,4.92,1,0,5,4,5,0,59.6,0.0
CLG0010,100.0,6.81,7.09,8,1,5,2,0,0,80.9,0.0
CLG0051,76.0,9.68,9.53,8,0,9,4,5,0,102.89999999999999,0.0
CLG0070,120.0,9.31,9.04,1,0,5,2,1,0,102.39999999999999,0.0
CLG0044,90.0,6.43,6.68,9,1,7,4,0,0,75.8,0.0
CLG0026,107.0,5.79,5.46,9,1,7,8,4,0,65.3,0.0
CLG0075,76.0,7.25,7.0,6,0,6,9,5,0,77.6,0.0
CLG0079,82.0,6.78,6.71,1,0,4,4,4,0,75.3,0.0
CLG0084,121.0,8.41,8.24,7,1,5,4,2,1,94.5,490100.0
CLG0078,94.0,9.83,9.92,7,1,5,7,4,0,108.60000000000001,0.0
CLG0021,121.0,6.82,6.66,9,1,2,1,5,0,78.69999999999999,0.0
CLG0091,98.0,5.31,5.2,1,1,10,7,5,0,61.8,0.0
CLG0030,72.0,9.49,9.85,8,1,2,9,5,1,105.7,530000.0
CLG0071,113.0,5.19,5.57,8,0,6,4,4,0,67.0,0.0
CLG0015,91.0,9.76,10.09,7,1,5,2,2,0,110.0,0.0
CLG0080,110.0,8.32,8.68,6,1,4,4,1,0,97.8,0.0
CLG0059,100.0,9.71,9.78,1,0,10,2,4,0,107.8,0.0
CLG0084,76.0,6.0,6.15,10,1,5,10,3,0,69.1,0.0
CLG0084,102.0,5.2,5.26,8,0,5,7,1,0,62.8,0.0
CLG0086,132.0,7.44,7.73,5,1,3,6,1,0,90.50000000000001,0.0
CLG0070,107.0,7.25,7.3,4,0,10,2,5,0,83.7,0.0
CLG0020,99.0,6.66,6.27,5,0,4,6,2,0,72.6,0.0
CLG0069,116.0,9.79,10.1,5,1,6,9,0,1,112.6,562000.0
CLG0053,103.0,9.11,9.37,10,0,10,8,5,1,103.99999999999999,426299.99999999994
CLG0075,103.0,8.31,8.63,3,0,10,9,5,1,96.60000000000001,396700.00000000006
CLG0002,83.0,5.81,5.5,4,1,0,5,4,0,63.3,0.0
CLG0030,103.0,8.67,8.44,4,0,9,10,4,1,94.69999999999999,389100.0
CLG0008,115.0,8.64,8.44,8,0,5,2,0,0,95.89999999999999,0.0
CLG0040,87.0,7.13,7.14,5,0,4,5,4,0,80.1,0.0
CLG0008,121.0,9.62,9.25,6,1,5,10,3,1,104.6,530500.0
CLG0017,98.0,5.83,5.72,10,1,0,3,0,0,67.0,0.0
CLG0099,86.0,6.34,6.02,2,0,3,4,2,0,68.8,0.0
CLG0030,114.0,5.32,5.08,9,1,7,7,0,0,62.199999999999996,0.0
CLG0001,95.0,8.98,9.19,8,0,3,2,1,0,101.39999999999999,0.0
CLG0069,111.0,8.11,8.46,8,0,9,6,2,1,95.7,393900.00000000006
CLG0064,95.0,6.57,6.09,10,0,7,1,1,0,70.4,0.0
CLG0080,99.0,5.82,5.89,5,0,10,10,2,0,68.8,0.0
CLG0036,107.0,5.2,4.74,5,0,7,3,0,0,58.10000000000001,0.0
CLG0079,104.0,5.83,5.42,3,0,1,7,1,0,64.60000000000001,0.0
CLG0049,70.0,7.27,7.48,2,0,5,5,2,0,81.80000000000001,0.0
CLG0081,83.0,6.24,6.48,9,1,6,8,4,0,73.10000000000001,0.0
CLG0077,113.0,6.29,6.6,6,0,6,7,1,0,77.3,0.0
CLG0024,98.0,9.38,9.35,8,1,0,7,3,0,103.3,0.0
CLG0004,92.0,7.58,7.94,4,1,3,1,2,0,88.60000000000001,0.0
CLG0077,79.0,8.65,8.32,5,0,6,1,5,0,91.10000000000001,0.0
CLG0062,83.0,5.18,4.93,10,0,5,6,5,0,57.599999999999994,0.0
CLG0009,69.0,6.83,6.46,5,0,2,8,5,0,71.5,0.0
CLG0026,98.0,7.4,7.7,10,0,9,3,5,0,86.8,0.0
CLG0047,91.0,5.93,5.66,4,0,9,8,4,0,65.7,0.0
CLG0016,85.0,5.6,5.26,2,0,0,8,4,0,61.099999999999994,0.0
CLG0037,98.0,9.35,9.47,6,0,4,1,5,0,104.5,0.0
CLG0070,105.0,9.7,9.28,4,0,10,5,5,0,103.3,0.0
CLG0011,131.0,5.39,4.93,4,0,7,9,0,0,62.4,0.0
CLG0002,77.0,6.75,6.36,10,1,2,10,5,0,71.3,0.0
CLG0094,117.0,9.79,9.29,3,0,4,10,5,1,104.6,430099.99999999994
CLG0083,114.0,5.42,5.62,8,0,8,3,0,0,67.60000000000001,0.0
CLG0023,88.0,8.22,8.28,6,0,7,9,5,1,91.6,375200.0
CLG0047,103.0,9.86,9.57,9,0,10,9,5,1,106.0,434300.0
CLG0062,93.0,9.89,9.62,5,0,8,1,1,0,105.49999999999999,0.0
CLG0076,102.0,7.36,7.67,6,0,4,2,1,0,86.9,0.0
CLG0039,122.0,5.81,5.81,9,0,2,3,3,0,70.3,0.0
CLG0006,109.0,6.01,6.21,4,0,10,4,4,0,73.0,0.0
CLG0036,107.0,9.45,9.4,10,0,8,5,2,0,104.7,0.0
CLG0062,93.0,9.56,9.3,7,1,3,5,3,0,102.3,0.0
CLG0060,77.0,8.04,8.51,10,0,0,10,5,1,92.8,378900.0
CLG0079,96.0,8.83,8.9,10,1,10,5,3,0,98.6,0.0
CLG0036,118.0,8.7,8.33,6,0,1,3,3,1,95.1,392200.0
CLG0077,77.0,8.31,8.22,6,0,7,6,5,0,89.9,0.0
CLG0072,84.0,9.14,8.97,6,1,1,4,2,0,98.10000000000001,0.0
CLG0089,101.0,8.43,8.14,4,1,5,9,5,1,91.5,476100.0
CLG0088,85.0,7.67,8.1,10,0,4,2,3,0,89.5,0.0
CLG0031,88.0,6.18,6.56,6,0,8,1,0,0,74.39999999999999,0.0
CLG0040,93.0,8.72,8.42,7,0,7,7,0,0,93.5,0.0
CLG0060,79.0,7.37,7.22,2,0,0,9,0,0,80.10000000000001,0.0
CLG0013,85.0,6.47,6.73,9,0,2,10,3,0,75.80000000000001,0.0
CLG0093,110.0,9.01,8.72,7,0,4,9,3,1,98.2,403800.0
CLG0096,80.0,8.48,8.57,3,1,7,3,4,0,93.7,0.0
CLG0037,76.0,9.69,9.89,10,1,6,1,1,0,106.5,0.0
CLG0061,90.0,5.83,5.98,10,1,1,9,4,0,68.80000000000001,0.0
CLG0018,110.0,8.25,8.46,7,1,6,7,5,0,95.60000000000001,0.0
CLG0090,97.0,6.22,6.43,10,0,4,8,0,0,74.0,0.0
CLG0018,93.0,9.52,9.98,10,0,5,6,1,0,109.10000000000001,0.0
CLG0034,100.0,5.5,5.35,5,0,7,10,4,0,63.5,0.0
CLG0054,73.0,8.28,8.66,9,0,4,6,2,0,93.89999999999999,0.0
CLG0031,107.0,8.96,8.48,6,0,8,4,2,0,95.50000000000001,0.0
CLG0079,105.0,6.77,6.56,7,1,0,2,2,0,76.1,0.0
CLG0037,93.0,9.77,9.32,4,0,4,1,0,0,102.5,0.0
CLG0084,115.0,9.25,9.4,2,0,0,6,1,0,105.5,0.0
CLG0092,83.0,6.47,6.07,4,1,0,9,0,0,69.0,0.0
CLG0068,116.0,5.04,5.39,9,0,0,10,2,1,65.5,273600.0
CLG0072,102.0,6.48,6.63,3,0,4,10,3,0,76.5,0.0
CLG0058,94.0,6.41,5.94,7,1,8,2,0,0,68.80000000000001,0.0
CLG0082,99.0,9.45,9.66,4,0,1,1,1,0,106.5,0.0
CLG0096,98.0,9.84,10.2,3,1,5,1,0,0,111.8,0.0
CLG0053,118.0,5.35,5.51,5,0,4,7,1,0,66.89999999999999,0.0
CLG0087,83.0,7.36,6.89,2,0,6,1,5,0,77.19999999999999,0.0
CLG0062,88.0,7.74,8.1,10,0,6,9,3,1,89.8,368000.0
CLG0079,115.0,5.46,5.69,4,1,2,9,4,1,68.4,385100.0
CLG0007,91.0,6.89,6.77,7,0,5,3,1,0,76.79999999999998,0.0
CLG0031,113.0,6.59,6.42,2,0,2,2,1,0,75.5,0.0
CLG0096,125.0,7.68,7.66,10,1,1,9,2,1,89.1,468900.0
CLG0040,93.0,8.31,8.68,6,1,4,3,2,0,96.1,0.0
CLG0078,110.0,8.52,8.27,5,1,3,2,3,0,93.69999999999999,0.0
CLG0083,82.0,5.68,5.28,3,0,3,4,5,0,61.0,0.0
CLG0050,111.0,9.06,9.42,5,1,3,7,5,1,105.3,532300.0
CLG0080,102.0,8.39,7.92,10,0,7,4,0,0,89.4,0.0
CLG0009,107.0,9.45,9.86,7,0,0,8,4,1,109.3,447900.0
CLG0065,90.0,7.25,7.06,3,0,2,5,4,0,79.6,0.0
CLG0025,75.0,9.47,9.48,8,0,8,2,3,0,102.30000000000001,0.0
CLG0008,107.0,9.33,8.96,7,0,2,10,4,1,100.30000000000001,411900.00000000006
CLG0039,69.0,7.19,7.59,4,1,0,4,0,0,82.80000000000001,0.0
CLG0032,95.0,6.91,7.16,5,0,4,7,2,0,81.1,0.0
CLG0008,114.0,9.66,10.08,10,1,3,1,5,1,112.2,560200.0
CLG0013,102.0,8.58,8.76,4,0,9,7,3,0,97.8,0.0
CLG0067,129.0,9.64,9.32,2,0,7,3,4,1,106.10000000000001,437300.0
CLG0066,115.0,8.98,8.79,9,1,10,7,5,1,99.39999999999999,509099.99999999994
CLG0028,90.0,8.05,8.04,1,0,10,3,3,0,89.39999999999999,0.0
CLG0004,100.0,5.58,5.69,8,1,8,8,3,0,66.9,0.0
CLG0023,99.0,6.46,6.89,4,0,9,4,1,0,78.8,0.0
CLG0034,76.0,9.84,9.72,9,0,4,1,1,0,104.8,0.0
CLG0055,85.0,6.6,6.8,3,1,0,1,3,0,76.5,0.0
CLG0071,91.0,5.47,5.93,7,0,3,4,5,0,68.39999999999999,0.0
CLG0094,69.0,8.54,8.19,3,0,2,9,1,0,88.8,0.0
CLG0058,100.0,8.67,9.03,10,1,5,5,4,0,100.3,0.0
CLG0073,96.0,6.43,6.35,7,1,1,5,3,0,73.1,0.0
CLG0019,74.0,6.49,6.72,2,1,4,3,1,0,74.60000000000001,0.0
CLG0009,106.0,7.34,7.13,3,1,7,5,4,0,81.89999999999999,0.0
CLG0023,110.0,5.11,4.94,8,0,10,7,2,0,60.400000000000006,0.0
CLG0075,103.0,8.95,8.48,7,0,4,3,2,0,95.10000000000001,0.0
CLG0013,95.0,6.59,7.06,3,1,4,5,5,0,80.1,0.0
CLG0093,108.0,9.27,9.58,8,1,7,3,3,0,106.6,0.0
CLG0031,110.0,9.01,8.6,9,0,10,1,0,0,97.0,0.0
CLG0072,104.0,8.31,8.81,2,0,4,6,4,0,98.50000000000001,0.0
CLG0019,87.0,6.62,6.73,2,1,3,3,5,0,76.00000000000001,0.0
CLG0005,104.0,7.58,7.93,7,1,9,2,5,0,89.7,0.0
CLG0091,117.0,7.22,6.79,8,0,8,3,5,0,79.60000000000001,0.0
CLG0039,91.0,6.69,6.58,5,0,1,5,3,0,74.89999999999999,0.0
CLG0014,131.0,9.24,9.41,2,1,0,5,1,0,107.19999999999999,0.0
CLG0022,92.0,7.42,7.03,10,0,3,9,2,0,79.5,0.0
CLG0022,100.0,9.16,9.15,5,0,9,9,1,0,101.5,0.0
CLG0005,89.0,5.53,5.47,3,0,2,2,4,0,63.599999999999994,0.0
CLG0062,103.0,5.71,5.43,9,0,8,6,3,0,64.6,0.0
CLG0052,73.0,9.89,9.69,2,1,2,9,5,1,104.19999999999999,524100.0
CLG0080,91.0,7.94,8.41,9,0,2,9,2,1,93.19999999999999,381900.0
CLG0039,83.0,7.55,7.34,2,0,9,6,4,0,81.7,0.0
CLG0026,102.0,7.62,7.33,1,1,6,1,2,0,83.5,0.0
CLG0080,114.0,6.08,6.12,10,0,1,1,5,0,72.60000000000001,0.0
CLG0056,109.0,8.59,8.76,6,1,10,9,2,1,98.5,504900.0
CLG0012,64.0,5.42,5.65,6,0,7,3,3,0,62.9,0.0
CLG0080,130.0,7.87,8.12,4,1,5,5,3,1,94.19999999999999,489799.99999999994
CLG0049,104.0,7.85,7.39,2,0,10,6,0,0,84.3,0.0
CLG0012,88.0,9.57,9.46,10,0,8,1,0,0,103.4,0.0
CLG0096,102.0,7.63,7.9,3,0,7,1,0,0,89.2,0.0
CLG0005,102.0,5.69,6.09,6,0,3,4,0,0,71.1,0.0
CLG0100,89.0,7.86,7.96,4,1,7,6,5,0,88.5,0.0
CLG0092,102.0,5.46,5.01,5,0,3,8,1,0,60.3,0.0
CLG0051,90.0,6.02,5.92,9,0,10,7,0,0,68.2,0.0
CLG0004,93.0,5.16,4.73,5,1,4,2,1,0,56.60000000000001,0.0
CLG0093,89.0,7.57,7.82,10,0,10,4,2,0,87.10000000000001,0.0
CLG0083,78.0,5.42,4.98,8,1,9,5,1,0,57.6,0.0
CLG0025,102.0,7.35,7.04,2,0,10,8,2,0,80.60000000000001,0.0
CLG0099,108.0,9.66,9.58,6,1,6,7,0,0,106.6,0.0
CLG0024,107.0,8.6,8.56,6,1,5,4,1,0,96.30000000000001,0.0
CLG0056,112.0,5.39,5.3,5,0,4,8,2,1,64.2,268000.0
CLG0019,104.0,6.12,6.08,6,0,1,8,0,0,71.2,0.0
CLG0023,92.0,8.37,8.58,5,0,4,4,5,0,95.0,0.0
CLG0095,112.0,9.47,9.34,2,1,9,2,2,1,104.60000000000001,529600.0
CLG0083,79.0,5.16,5.21,5,1,6,3,3,0,60.0,0.0
CLG0096,86.0,9.06,8.86,1,0,10,5,2,0,97.19999999999999,0.0
CLG0077,85.0,7.81,7.66,3,0,5,1,0,0,85.1,0.0
CLG0046,116.0,7.73,7.84,7,1,5,5,5,0,90.0,0.0
CLG0018,114.0,9.79,9.78,4,0,4,4,4,1,109.2,448200.0
CLG0061,107.0,8.74,8.96,8,1,8,5,3,0,100.30000000000001,0.0
CLG0071,116.0,9.25,9.31,3,0,0,1,1,0,104.7,0.0
CLG0045,86.0,6.77,7.07,7,0,3,10,3,0,79.3,0.0
CLG0088,105.0,7.77,7.71,2,1,6,7,0,0,87.6,0.0
CLG0046,98.0,8.08,8.07,8,1,0,10,2,1,90.5,471800.0
CLG0017,112.0,6.61,6.78,3,1,10,9,4,1,79.0,427200.0
CLG0015,98.0,7.85,7.57,6,1,3,5,0,0,85.5,0.0
CLG0073,94.0,6.18,6.07,2,0,5,3,5,0,70.10000000000001,0.0
CLG0034,108.0,5.72,5.84,7,0,9,9,2,0,69.2,0.0
CLG0099,113.0,6.87,6.4,4,0,7,6,5,0,75.3,0.0
CLG0008,89.0,8.7,8.64,6,0,6,6,5,0,95.30000000000001,0.0
CLG0050,99.0,9.58,9.68,2,1,8,10,0,0,106.7,0.0
CLG0011,84.0,7.29,7.76,3,1,6,10,5,0,86.0,0.0
CLG0088,62.0,8.21,8.59,3,1,2,3,4,0,92.10000000000001,0.0
CLG0042,103.0,5.52,5.3,4,0,9,1,2,0,63.3,0.0
CLG0094,109.0,9.52,9.53,1,0,3,4,4,0,106.2,0.0
CLG0085,103.0,7.84,7.4,6,0,2,4,2,0,84.3,0.0
CLG0043,70.0,8.9,8.64,6,0,8,3,3,0,93.4,0.0
CLG0035,94.0,8.97,9.24,4,1,10,5,0,0,101.80000000000001,0.0
CLG0059,66.0,6.28,5.9,8,0,10,9,1,0,65.6,0.0
CLG0012,120.0,7.65,7.41,5,0,7,9,1,0,86.1,0.0
CLG0073,83.0,9.8,10.24,10,0,9,8,0,0,110.7,0.0
CLG0012,118.0,5.45,5.77,4,0,8,10,5,1,69.5,289800.0
CLG0028,114.0,8.42,8.7,7,1,9,6,5,1,98.4,505000.0
CLG0093,86.0,9.81,10.17,10,0,9,4,1,0,110.3,0.0
CLG0046,83.0,6.5,6.75,10,0,1,2,4,0,75.8,0.0
CLG0040,105.0,9.31,8.93,8,0,4,10,1,0,99.8,0.0
CLG0099,87.0,9.67,9.69,2,1,4,3,0,0,105.6,0.0
CLG0029,101.0,8.74,8.68,1,1,6,9,5,1,96.89999999999999,497700.0
CLG0070,92.0,6.16,5.97,6,1,3,1,3,0,68.89999999999999,0.0
CLG0016,73.0,6.67,7.0,2,0,3,7,5,0,77.3,0.0
CLG0046,66.0,5.18,5.14,8,1,7,10,0,0,58.0,0.0
CLG0092,103.0,9.16,8.72,5,1,0,6,0,0,97.5,0.0
CLG0065,91.0,9.25,9.02,2,0,5,2,2,0,99.29999999999998,0.0
CLG0029,91.0,8.16,7.89,5,0,8,5,1,0,87.99999999999999,0.0
CLG0052,110.0,6.76,7.15,2,1,1,2,1,0,82.5,0.0
CLG0040,117.0,5.38,5.53,6,1,4,9,2,1,67.0,379700.0
CLG0006,95.0,8.77,8.83,8,1,9,5,4,0,97.8,0.0
CLG0027,94.0,8.63,8.64,2,0,9,6,4,0,95.80000000000001,0.0
CLG0037,107.0,9.56,9.71,6,0,8,4,5,0,107.80000000000001,0.0
CLG0022,79.0,8.65,8.9,6,1,10,1,2,0,96.9,0.0
CLG0007,103.0,9.14,9.19,1,1,3,3,1,0,102.19999999999999,0.0
CLG0001,108.0,8.73,9.17,9,1,8,5,4,0,102.5,0.0
CLG0077,110.0,8.15,8.63,8,1,7,3,4,0,97.30000000000001,0.0
CLG0048,70.0,7.13,7.63,4,0,8,8,3,0,83.3,0.0
CLG0051,88.0,9.51,9.68,7,0,1,2,4,0,105.6,0.0
CLG0014,86.0,8.25,8.68,4,1,9,2,1,0,95.39999999999999,0.0
CLG0079,101.0,6.99,6.89,8,0,4,1,3,0,78.99999999999999,0.0
CLG0012,107.0,5.42,5.78,10,0,9,1,3,0,68.5,0.0
CLG0049,122.0,6.45,6.86,2,0,8,4,5,0,80.80000000000001,0.0
CLG0041,92.0,7.72,8.12,2,0,4,8,1,0,90.39999999999999,0.0
CLG0068,92.0,6.38,6.71,3,1,3,8,2,0,76.3,0.0
CLG0085,117.0,6.11,6.02,4,1,7,8,0,0,71.89999999999999,0.0
CLG0002,104.0,7.64,7.3,6,1,5,1,4,0,83.4,0.0
CLG0085,119.0,5.85,5.68,5,1,1,1,5,0,68.7,0.0
CLG0062,104.0,9.0,9.27,10,1,7,7,2,0,103.1,0.0
CLG0057,82.0,7.42,7.15,10,0,4,7,0,0,79.7,0.0
CLG0014,80.0,7.87,7.85,7,0,6,10,1,0,86.5,0.0
CLG0044,76.0,5.74,5.81,6,0,3,5,4,0,65.69999999999999,0.0
CLG0066,109.0,6.62,6.72,4,0,8,8,2,0,78.10000000000001,0.0
CLG0075,117.0,7.05,7.49,10,0,1,6,0,0,86.60000000000001,0.0
CLG0037,127.0,9.04,9.2,9,0,9,1,5,1,104.7,431500.0
CLG0078,112.0,8.85,9.14,7,1,8,7,1,0,102.60000000000001,0.0
CLG0047,117.0,6.11,6.19,1,0,3,8,5,1,73.60000000000001,306100.0
CLG0061,91.0,8.08,8.41,8,1,5,8,3,1,93.19999999999999,481900.0
CLG0084,82.0,6.22,5.98,4,0,4,10,3,0,68.0,0.0
CLG0099,112.0,9.94,9.65,7,0,2,9,3,1,107.7,442000.0
CLG0027,106.0,9.76,10.19,2,1,6,3,1,0,112.49999999999999,0.0
CLG0049,101.0,7.82,8.01,3,1,3,2,0,0,90.19999999999999,0.0
CLG0060,105.0,8.49,8.66,1,0,0,8,1,0,97.1,0.0
CLG0070,104.0,9.01,8.98,2,0,7,4,3,0,100.20000000000002,0.0
CLG0071,119.0,8.6,8.48,5,0,2,2,1,0,96.70000000000002,0.0
CLG0045,119.0,8.5,8.56,2,1,5,2,4,1,97.50000000000001,501900.0
CLG0001,108.0,9.79,9.41,6,0,1,2,0,0,104.89999999999999,0.0
CLG0013,112.0,7.98,7.93,6,1,8,5,5,0,90.5,0.0
CLG0038,107.0,8.18,8.14,6,0,3,8,4,1,92.10000000000001,379100.0
CLG0017,93.0,9.25,9.29,3,0,6,9,5,1,102.19999999999999,418099.99999999994
CLG0100,111.0,8.35,8.48,3,1,8,6,3,1,95.9,494700.0
CLG0038,79.0,8.66,9.12,10,1,10,8,0,0,99.1,0.0
CLG0001,115.0,6.17,6.32,7,1,2,6,4,0,74.7,0.0
CLG0001,82.0,6.86,7.24,4,0,2,1,1,0,80.60000000000001,0.0
CLG0083,104.0,5.74,5.8,6,0,2,9,2,0,68.4,0.0
CLG0030,87.0,7.53,7.66,8,1,4,10,5,0,85.3,0.0
CLG0077,108.0,7.28,6.85,3,1,9,7,1,0,79.3,0.0
CLG0007,99.0,9.99,9.62,9,1,5,2,3,0,106.1,0.0
CLG0020,76.0,8.06,8.14,9,1,2,3,2,0,89.0,0.0
CLG0044,106.0,8.93,8.83,3,0,9,2,5,0,98.89999999999999,0.0
CLG0073,91.0,6.67,6.97,6,0,8,9,0,0,78.8,0.0
CLG0013,113.0,9.16,9.2,5,0,0,8,5,1,103.3,424500.0
CLG0039,100.0,8.08,8.46,4,1,6,5,2,0,94.60000000000001,0.0
CLG0020,105.0,8.48,8.95,8,0,10,4,5,0,100.0,0.0
CLG0089,85.0,6.47,6.12,10,1,8,7,5,0,69.7,0.0
CLG0005,91.0,7.74,7.63,9,0,4,9,0,0,85.39999999999999,0.0
CLG0052,93.0,8.17,8.33,9,0,2,8,4,1,92.6,379700.0
CLG0025,112.0,7.95,7.76,5,1,9,8,5,1,88.8,466400.0
CLG0012,125.0,9.58,9.35,5,1,3,2,4,1,106.0,536500.0
CLG0090,87.0,9.49,9.8,3,0,7,10,5,1,106.7,435500.0
CLG0056,116.0,9.85,10.33,9,0,2,9,5,1,114.89999999999999,471200.0
CLG0086,67.0,8.34,8.61,1,0,4,2,4,0,92.8,0.0
CLG0001,82.0,9.86,9.88,3,1,2,8,4,1,107.00000000000001,536200.0
CLG0072,85.0,9.16,9.1,7,1,5,5,5,0,99.5,0.0
CLG0100,79.0,6.35,6.39,7,1,0,6,4,0,71.8,0.0
CLG0049,76.0,7.14,7.1,5,1,6,10,2,0,78.6,0.0
CLG0067,106.0,6.19,6.19,6,0,10,9,0,0,72.5,0.0
CLG0022,96.0,5.02,4.72,4,0,5,8,4,0,56.8,0.0
CLG0085,105.0,5.94,6.34,8,0,5,5,4,0,73.9,0.0
CLG0085,110.0,5.02,5.27,4,1,2,6,0,0,63.699999999999996,0.0
CLG0031,103.0,8.6,8.78,10,1,0,5,2,0,98.1,0.0
CLG0001,109.0,7.13,7.58,6,0,10,9,5,0,86.7,0.0
CLG0027,98.0,6.56,6.34,5,0,0,5,4,0,73.2,0.0
CLG0002,82.0,8.81,8.39,10,0,6,6,5,0,92.10000000000001,0.0
CLG0093,115.0,9.16,9.49,6,0,3,1,5,1,106.4,437100.0
CLG0001,91.0,9.88,10.38,3,0,5,8,2,1,112.9,460700.00000000006
CLG0042,85.0,8.21,8.29,3,0,3,8,4,1,91.39999999999999,374099.99999999994
CLG0008,97.0,7.31,6.87,10,0,7,8,2,0,78.4,0.0
CLG0035,86.0,6.53,6.81,7,1,8,7,5,0,76.69999999999999,0.0
CLG0035,93.0,6.11,5.68,1,0,1,7,3,0,66.1,0.0
CLG0007,105.0,6.06,6.1,1,0,0,6,4,0,71.5,0.0
CLG0023,105.0,7.05,6.83,1,0,0,7,4,0,78.8,0.0
CLG0023,86.0,9.96,10.38,6,0,6,9,5,1,112.4,458200.00000000006
CLG0046,92.0,5.0,4.95,4,1,1,5,5,0,58.7,0.0
CLG0019,116.0,5.99,6.39,6,0,2,9,5,1,75.5,313600.0
CLG0079,107.0,5.94,5.74,1,0,3,9,1,0,68.10000000000001,0.0
CLG0072,131.0,8.59,8.48,4,0,8,4,1,0,97.9,0.0
CLG0097,117.0,6.76,7.21,4,1,9,9,5,1,83.8,446900.0
CLG0099,117.0,7.29,6.99,2,0,1,8,5,1,81.60000000000001,338100.0
CLG0013,79.0,5.74,5.82,1,0,9,5,5,0,66.10000000000001,0.0
CLG0050,111.0,7.02,6.91,8,0,1,10,2,1,80.19999999999999,331900.0
CLG0031,99.0,5.52,5.79,6,1,0,3,1,0,67.8,0.0
CLG0071,91.0,7.67,7.3,4,0,7,9,2,0,82.1,0.0
CLG0084,102.0,5.49,5.43,2,0,7,3,4,0,64.5,0.0
CLG0038,114.0,8.95,9.15,5,0,4,3,4,1,102.9,423000.0
CLG0057,107.0,7.83,7.74,9,1,2,3,5,0,88.10000000000001,0.0
CLG0008,86.0,8.62,8.18,7,1,0,1,3,0,90.39999999999999,0.0
CLG0100,111.0,7.09,7.3,4,0,1,6,3,0,84.1,0.0
CLG0014,90.0,6.91,6.91,5,1,8,3,1,0,78.1,0.0
CLG0094,103.0,5.49,5.0,8,0,7,10,5,0,60.3,0.0
CLG0051,95.0,7.62,7.73,5,1,9,3,5,0,86.80000000000001,0.0
CLG0009,96.0,7.57,7.99,6,0,10,9,4,0,89.5,0.0
CLG0013,111.0,7.34,6.95,10,0,3,7,2,0,80.6,0.0
CLG0076,84.0,8.7,8.79,6,1,2,8,1,0,96.3,0.0
CLG0066,129.0,9.16,9.39,8,1,4,1,3,1,106.80000000000001,540100.0
CLG0038,72.0,8.75,8.32,5,0,7,8,0,0,90.4,0.0
CLG0021,91.0,5.72,5.24,1,0,9,8,2,0,61.50000000000001,0.0
CLG0029,105.0,8.11,8.07,4,1,5,8,5,1,91.2,475300.0
CLG0084,108.0,5.4,5.69,3,0,9,6,0,0,67.7,0.0
CLG0050,98.0,8.47,8.13,2,0,10,10,1,0,91.10000000000001,0.0
CLG0064,99.0,6.91,7.25,7,1,3,5,1,0,82.4,0.0
CLG0009,106.0,5.66,5.82,7,1,7,4,0,0,68.8,0.0
CLG0015,96.0,9.31,9.14,8,0,3,9,1,0,101.0,0.0
CLG0053,120.0,8.07,8.09,10,0,4,7,1,0,92.9,0.0
CLG0097,112.0,6.77,7.24,5,1,1,1,4,0,83.60000000000001,0.0
CLG0053,113.0,5.15,4.87,1,0,9,1,5,0,60.0,0.0
CLG0071,85.0,7.69,7.69,6,1,3,1,2,0,85.4,0.0
CLG0003,98.0,9.62,9.74,6,0,9,4,3,0,107.2,0.0
CLG0087,95.0,7.98,7.62,8,0,9,9,5,0,85.7,0.0
CLG0022,84.0,9.86,9.4,10,0,2,3,4,0,102.4,0.0
CLG0039,105.0,5.68,5.19,2,0,7,10,1,0,62.400000000000006,0.0
CLG0077,91.0,7.84,7.66,9,0,7,1,3,0,85.69999999999999,0.0
CLG0009,109.0,8.99,8.56,6,0,6,1,1,0,96.50000000000001,0.0
CLG0034,83.0,7.63,7.93,1,1,5,3,5,0,87.6,0.0
CLG0012,125.0,5.46,5.96,9,0,8,7,2,0,72.1,0.0
CLG0034,86.0,7.91,7.47,8,1,3,8,1,0,83.3,0.0
CLG0045,103.0,8.06,7.99,10,0,3,4,0,0,90.2,0.0
CLG0097,111.0,8.64,8.17,1,0,5,2,0,0,92.8,0.0
CLG0050,91.0,8.81,8.44,8,0,0,7,0,0,93.49999999999999,0.0
CLG0099,112.0,8.85,8.67,7,1,1,9,0,1,97.9,502800.0
CLG0028,81.0,8.32,8.21,5,1,1,10,3,1,90.2,468900.00000000006
CLG0039,121.0,6.08,6.52,6,0,9,6,5,0,77.29999999999998,0.0
CLG0003,100.0,7.02,6.92,4,1,3,2,0,0,79.2,0.0
CLG0047,91.0,8.88,8.88,9,1,4,9,1,0,97.9,0.0
CLG0012,95.0,9.77,9.52,9,0,1,7,4,0,104.69999999999999,0.0
CLG0043,112.0,5.39,4.89,10,1,7,9,1,0,60.099999999999994,0.0
CLG0077,91.0,7.68,8.08,1,1,4,2,1,0,89.89999999999999,0.0
CLG0067,88.0,6.56,6.14,9,0,7,10,1,0,70.2,0.0
CLG0018,96.0,6.13,6.59,3,1,8,4,1,0,75.5,0.0
CLG0090,82.0,7.53,7.16,2,0,10,6,4,0,79.8,0.0
CLG0010,127.0,8.03,8.13,4,0,8,10,0,1,94.00000000000001,388700.00000000006
CLG0004,91.0,5.05,5.55,4,0,3,7,2,0,64.6,0.0
CLG0012,112.0,8.9,8.54,9,0,9,3,3,1,96.6,397599.99999999994
CLG0053,103.0,9.1,9.02,4,0,1,10,4,1,100.49999999999999,412300.0
CLG0051,85.0,9.83,10.11,5,1,10,5,4,0,109.6,0.0
CLG0016,99.0,5.9,5.43,6,1,1,4,4,0,64.2,0.0
CLG0017,111.0,7.97,8.16,4,0,4,5,3,1,92.69999999999999,381900.0
CLG0095,97.0,7.13,6.71,1,0,9,6,1,0,76.8,0.0
CLG0026,117.0,6.67,6.41,2,0,3,6,5,0,75.8,0.0
CLG0002,115.0,7.83,7.49,3,0,5,7,3,0,86.4,0.0
CLG0029,113.0,8.91,9.32,4,0,8,6,4,1,104.5,429300.0
CLG0094,93.0,5.12,4.8,5,0,6,6,1,0,57.3,0.0
CLG0047,83.0,9.85,9.39,10,0,10,4,4,0,102.2,0.0
CLG0011,90.0,9.05,9.14,10,0,3,2,2,0,100.4,0.0
CLG0034,102.0,8.76,8.61,3,0,6,10,0,0,96.3,0.0
CLG0071,108.0,8.8,8.71,1,0,1,7,0,0,97.9,0.0
CLG0029,67.0,6.95,6.57,8,0,4,7,4,0,72.4,0.0
CLG0097,99.0,8.76,9.01,8,0,10,3,1,0,100.0,0.0
CLG0049,102.0,6.93,7.03,4,0,8,5,2,0,80.5,0.0
CLG0091,95.0,9.49,9.35,7,0,10,6,2,0,103.0,0.0
CLG0016,119.0,5.89,5.56,4,0,8,10,5,1,67.5,281900.0
CLG0081,106.0,6.46,6.55,3,0,3,9,1,0,76.1,0.0
CLG0075,119.0,7.76,8.04,7,0,7,3,1,0,92.3,0.0
CLG0014,96.0,6.6,6.41,6,1,4,3,2,0,73.69999999999999,0.0
CLG0013,114.0,7.12,6.65,1,0,2,5,0,0,77.9,0.0
CLG0035,124.0,7.46,7.17,9,1,5,2,0,0,84.10000000000001,0.0
CLG0090,119.0,9.28,9.46,2,0,3,3,2,1,106.50000000000001,437900.00000000006
CLG0052,83.0,7.62,8.11,3,0,2,6,3,0,89.39999999999999,0.0
CLG0025,96.0,6.81,6.32,5,0,3,3,2,0,72.8,0.0
CLG0059,94.0,6.24,6.05,3,0,0,1,4,0,69.9,0.0
CLG0076,107.0,7.04,6.6,3,0,9,7,5,0,76.7,0.0
CLG0068,110.0,7.58,7.4,8,0,7,7,3,0,85.0,0.0
CLG0042,87.0,8.73,8.64,4,0,8,2,1,0,95.10000000000001,0.0
CLG0048,101.0,5.61,6.03,10,0,5,5,2,0,70.4,0.0
CLG0091,69.0,6.11,5.69,2,0,4,9,2,0,63.800000000000004,0.0
CLG0045,121.0,6.9,7.18,5,1,8,3,3,0,83.89999999999999,0.0
CLG0072,92.0,6.8,6.7,2,0,3,8,2,0,76.2,0.0
CLG0072,100.0,6.96,7.27,10,1,0,4,4,0,82.69999999999999,0.0
CLG0029,95.0,8.97,8.98,8,0,10,3,0,0,99.30000000000001,0.0
CLG0003,117.0,6.62,6.16,3,1,6,2,2,0,73.3,0.0
CLG0021,57.5,7.51,7.96,2,0,0,9,0,0,85.35,0.0
CLG0031,99.0,8.12,7.7,3,0,8,5,1,0,86.9,0.0
CLG0013,98.0,6.16,6.26,3,1,3,9,1,0,72.39999999999999,0.0
CLG0095,93.0,8.59,8.97,1,0,2,8,2,1,99.0,405300.0
CLG0081,125.0,7.74,7.32,3,0,3,3,1,0,85.7,0.0
CLG0048,86.0,7.23,7.28,3,1,0,4,2,0,81.39999999999999,0.0
CLG0096,111.0,9.05,9.37,4,0,5,6,0,0,104.79999999999998,0.0
CLG0024,105.0,6.22,6.71,8,0,6,10,3,0,77.6,0.0
CLG0002,118.0,9.42,9.64,9,0,6,5,2,1,108.2,444600.0
CLG0003,89.0,7.81,7.59,1,0,4,10,5,0,84.80000000000001,0.0
CLG0026,89.0,8.05,8.25,1,1,9,10,3,1,91.4,474500.0
CLG0002,116.0,9.38,9.59,6,0,9,3,0,0,107.5,0.0
CLG0033,106.0,9.09,9.29,1,0,4,5,0,0,103.49999999999999,0.0
CLG0034,76.0,8.01,8.36,5,0,5,5,3,0,91.19999999999999,0.0
CLG0090,91.0,8.77,8.36,1,0,9,9,5,1,92.69999999999999,379900.0
CLG0098,105.0,7.17,6.78,8,0,7,4,2,0,78.3,0.0
CLG0038,112.0,7.74,7.88,5,0,8,8,3,1,90.0,371200.0
CLG0078,89.0,5.31,5.76,6,1,5,4,2,0,66.5,0.0
CLG0095,57.5,5.45,5.42,4,1,2,10,5,0,59.95,0.0
CLG0020,107.0,9.15,9.61,8,0,5,2,2,0,106.8,0.0
CLG0010,81.0,5.3,5.74,9,0,3,3,3,0,65.5,0.0
CLG0084,69.0,5.85,6.25,9,1,3,4,0,0,69.4,0.0
CLG0033,57.5,8.98,9.39,1,0,10,8,4,1,99.65,404350.0
CLG0045,112.0,5.01,5.41,7,0,10,9,1,0,65.3,0.0
CLG0060,101.0,6.41,6.73,4,1,6,6,4,0,77.4,0.0
CLG0066,96.0,7.92,8.11,10,0,5,8,0,0,90.69999999999999,0.0
CLG0061,120.0,7.98,7.5,8,0,7,10,1,0,87.0,0.0
CLG0051,109.0,8.89,8.52,7,0,10,5,5,0,96.1,0.0
CLG0012,124.0,7.53,7.16,1,1,7,5,5,0,84.0,0.0
CLG0080,79.0,7.55,7.07,1,1,2,8,3,0,78.60000000000001,0.0
CLG0009,99.0,8.63,8.25,1,0,10,4,4,0,92.4,0.0
CLG0011,75.0,7.49,7.91,2,0,3,3,2,0,86.6,0.0
CLG0021,96.0,8.04,8.2,10,1,1,10,0,0,91.6,0.0
CLG0076,96.0,9.49,9.3,2,0,0,2,0,0,102.6,0.0
CLG0068,109.0,7.01,7.3,9,0,6,8,5,0,83.9,0.0
CLG0026,100.0,6.93,6.92,5,0,7,5,0,0,79.2,0.0
CLG0063,109.0,5.02,4.66,1,0,7,6,5,0,57.5,0.0
CLG0019,110.0,8.07,8.45,7,1,5,9,4,1,95.5,493000.0
CLG0017,132.0,5.15,4.99,10,0,6,3,2,0,63.10000000000001,0.0
CLG0044,95.0,7.52,7.72,2,0,7,4,4,0,86.7,0.0
CLG0061,85.0,9.02,8.81,3,1,3,2,2,0,96.60000000000001,0.0
CLG0001,103.0,7.75,7.75,4,0,7,6,1,0,87.8,0.0
CLG0072,87.0,6.35,6.67,3,1,5,9,3,0,75.4,0.0
CLG0058,122.0,8.93,8.59,3,0,6,2,5,1,98.10000000000001,404600.0
CLG0094,95.0,6.35,6.83,9,0,9,5,0,0,77.8,0.0
CLG0041,91.0,8.67,8.24,4,0,6,10,2,1,91.5,375100.0
CLG0024,92.0,8.05,8.08,8,1,7,1,4,0,90.0,0.0
CLG0043,110.0,5.85,6.27,1,0,10,4,5,0,73.69999999999999,0.0
CLG0081,97.0,9.53,9.98,6,0,4,8,5,1,109.50000000000001,447700.0
CLG0094,90.0,6.0,5.73,1,0,1,3,5,0,66.30000000000001,0.0
CLG0009,124.0,9.95,9.59,5,1,7,4,4,1,108.30000000000001,545600.0
CLG0066,87.0,5.04,5.26,7,1,0,2,0,0,61.3,0.0
CLG0090,100.0,6.32,5.86,1,1,1,9,0,0,68.6,0.0
CLG0032,109.0,6.0,5.99,9,1,4,5,0,0,70.80000000000001,0.0
CLG0091,75.0,5.07,5.37,9,1,3,3,1,0,61.2,0.0
CLG0041,107.0,8.66,8.72,6,0,10,10,3,1,97.9,402300.0
CLG0011,84.0,8.47,8.16,2,1,1,7,5,0,90.0,0.0
CLG0065,112.0,8.96,8.95,2,0,3,1,2,1,100.7,414000.0
CLG0018,85.0,6.28,6.7,9,1,6,9,0,0,75.5,0.0
CLG0008,110.0,7.22,7.34,4,0,4,7,2,0,84.4,0.0
CLG0027,116.0,8.3,8.52,6,0,3,1,4,1,96.79999999999998,398800.0
CLG0082,112.0,7.2,7.04,10,1,1,4,3,0,81.60000000000001,0.0
CLG0009,103.0,8.49,8.18,2,1,1,7,3,0,92.1,0.0
CLG0002,96.0,8.17,7.93,4,1,0,4,2,0,88.89999999999999,0.0
CLG0081,91.0,5.57,5.6,2,0,9,7,4,0,65.1,0.0
CLG0075,122.0,8.91,8.69,3,0,5,3,4,1,99.1,408600.0
CLG0046,89.0,8.6,8.64,2,0,5,4,1,0,95.30000000000001,0.0
CLG0070,84.0,8.28,8.49,8,1,3,3,5,0,93.30000000000001,0.0
CLG0005,109.0,5.78,6.01,5,0,8,4,0,0,71.0,0.0
CLG0012,88.0,6.34,6.0,5,0,3,10,4,0,68.8,0.0
CLG0044,85.0,6.97,7.22,8,1,2,3,0,0,80.7,0.0
CLG0042,78.0,6.4,6.57,8,1,10,10,0,0,73.5,0.0
CLG0099,92.0,6.14,5.65,7,1,9,10,2,0,65.7,0.0
CLG0088,98.0,9.03,8.59,5,0,8,5,5,0,95.7,0.0
CLG0030,103.0,8.19,8.34,7,0,0,4,0,0,93.7,0.0
CLG0052,114.0,7.83,7.71,1,1,1,3,2,0,88.5,0.0
CLG0081,107.0,6.13,5.78,3,0,0,5,3,0,68.5,0.0
CLG0047,97.0,9.59,9.13,3,1,6,10,4,1,101.00000000000001,513700.00000000006
CLG0036,97.0,5.96,5.62,2,1,0,9,2,0,65.9,0.0
CLG0070,107.0,8.97,9.43,6,0,10,1,1,0,105.0,0.0
CLG0032,119.0,9.83,10.06,3,1,10,4,2,1,112.50000000000001,561900.0
CLG0098,101.0,8.64,8.67,4,1,0,7,0,0,96.8,0.0
CLG0044,92.0,9.96,10.4,3,0,5,4,1,0,113.2,0.0
CLG0016,85.0,8.26,8.38,7,1,5,8,5,1,92.30000000000001,477700.00000000006
CLG0071,78.0,6.09,6.32,4,1,10,7,0,0,71.0,0.0
CLG0096,109.0,6.02,5.8,5,0,4,5,1,0,68.9,0.0
CLG0017,108.0,6.62,6.71,7,0,3,10,2,0,77.89999999999999,0.0
CLG0032,108.0,5.04,4.68,4,0,7,4,0,0,57.599999999999994,0.0
CLG0014,98.0,8.41,8.31,6,0,2,8,2,1,92.9,381400.0
CLG0026,121.0,6.34,5.87,9,1,0,1,4,0,70.8,0.0
CLG0073,92.0,9.08,8.8,6,1,0,2,5,0,97.2,0.0
CLG0013,114.0,6.8,6.37,5,0,4,5,1,0,75.10000000000001,0.0
CLG0089,99.0,7.4,7.29,1,1,2,10,3,0,82.80000000000001,0.0
CLG0012,90.0,9.83,10.17,8,0,2,7,5,0,110.7,0.0
CLG0045,108.0,6.21,6.09,5,1,10,9,3,0,71.7,0.0
CLG0016,106.0,8.61,8.94,5,0,1,3,2,0,99.99999999999999,0.0
CLG0094,105.0,8.78,8.94,3,0,8,5,1,0,99.89999999999999,0.0
CLG0052,101.0,6.1,6.11,10,0,10,2,1,0,71.2,0.0
CLG0021,99.0,7.5,7.24,2,0,5,6,2,0,82.30000000000001,0.0
CLG0024,135.0,6.75,7.17,1,0,6,6,3,0,85.2,0.0
CLG0043,117.0,8.86,8.41,9,0,1,4,5,1,95.8,394900.0
CLG0005,110.0,8.11,8.3,5,0,10,2,4,0,94.0,0.0
CLG0033,101.0,7.38,7.5,10,0,0,8,5,0,85.1,0.0
CLG0031,115.0,8.9,8.84,4,0,7,8,3,1,99.9,411100.0
CLG0009,107.0,6.18,5.92,7,1,9,1,0,0,69.9,0.0
CLG0035,100.0,8.77,8.7,4,1,3,2,3,0,97.0,0.0
CLG0008,95.0,9.33,9.7,2,1,8,4,0,0,106.5,0.0
CLG0075,98.0,9.39,9.73,9,0,8,1,0,0,107.10000000000001,0.0
CLG0017,57.5,8.92,9.36,8,0,10,6,4,0,99.35,0.0
CLG0080,103.0,7.04,6.85,4,0,3,2,4,0,78.8,0.0
CLG0020,92.0,9.91,9.8,8,0,9,3,5,0,107.2,0.0
CLG0091,123.0,6.9,6.42,9,0,2,9,3,1,76.5,318300.0
CLG0078,100.0,8.19,8.63,2,1,4,7,5,0,96.30000000000001,0.0
CLG0022,82.0,5.81,5.64,4,0,5,4,2,0,64.6,0.0
CLG0054,99.0,9.9,9.8,6,0,9,10,3,1,107.9,441500.0
CLG0071,84.0,8.52,8.93,7,0,3,1,4,0,97.7,0.0
CLG0075,107.0,8.77,8.8,5,1,0,4,5,0,98.7,0.0
CLG0081,104.0,5.33,5.4,10,0,6,10,0,0,64.4,0.0
CLG0077,114.0,8.82,8.5,10,0,4,6,0,0,96.4,0.0
CLG0081,88.0,8.87,8.87,7,0,1,8,2,1,97.49999999999999,398799.99999999994
CLG0075,100.0,8.36,8.78,4,0,10,9,3,1,97.8,401200.0
CLG0068,79.0,6.46,6.52,8,1,8,4,2,0,73.1,0.0
CLG0080,110.0,7.45,7.21,3,1,7,6,2,0,83.1,0.0
CLG0031,107.0,5.55,5.08,3,0,9,2,3,0,61.5,0.0
CLG0085,107.0,7.36,7.2,5,1,6,2,1,0,82.7,0.0
CLG0097,100.0,6.22,6.29,6,1,8,6,3,0,72.9,0.0
CLG0013,106.0,6.75,6.29,3,0,9,9,2,0,73.5,0.0
CLG0029,124.0,5.81,5.92,10,0,1,3,5,0,71.60000000000001,0.0
CLG0079,95.0,6.15,6.17,2,0,2,4,1,0,71.2,0.0
CLG0010,102.0,5.38,5.66,5,0,8,9,5,0,66.8,0.0
CLG0033,83.0,9.6,9.13,10,0,5,9,2,1,99.60000000000001,406700.00000000006
CLG0015,86.0,7.65,7.93,6,1,1,5,2,0,87.89999999999999,0.0
CLG0077,101.0,6.98,7.0,3,0,5,9,2,0,80.1,0.0
CLG0035,116.0,7.68,7.55,7,0,4,5,5,0,87.1,0.0
CLG0054,96.0,8.14,8.61,3,0,9,5,0,0,95.69999999999999,0.0
CLG0021,96.0,9.61,9.27,2,1,4,7,3,0,102.29999999999998,0.0
CLG0030,93.0,5.89,5.93,10,0,4,6,4,0,68.6,0.0
CLG0046,91.0,6.48,6.3,4,0,1,10,0,0,72.1,0.0
CLG0042,104.0,9.88,9.91,3,0,5,7,3,0,109.5,0.0
CLG0071,77.0,6.86,6.91,7,0,6,10,0,0,76.8,0.0
CLG0049,119.0,5.11,4.7,8,0,8,2,3,0,58.9,0.0
CLG0024,90.0,5.74,5.9,3,0,4,9,1,0,68.0,0.0
CLG0080,110.0,5.13,5.26,6,1,10,6,5,0,63.599999999999994,0.0
CLG0069,80.0,9.95,10.22,1,1,10,9,4,1,110.2,548800.0
CLG0006,110.0,6.39,5.98,5,0,4,1,1,0,70.80000000000001,0.0
CLG0002,110.0,9.62,9.42,2,1,8,2,1,0,105.2,0.0
CLG0003,105.0,9.98,10.13,1,0,5,7,3,0,111.80000000000001,0.0
CLG0053,85.0,8.0,7.64,7,0,6,2,2,0,84.89999999999999,0.0
CLG0010,103.0,5.17,5.35,10,1,3,6,5,0,63.8,0.0
CLG0024,82.0,5.41,4.97,4,1,3,2,2,0,57.89999999999999,0.0
CLG0033,96.0,7.41,7.24,5,0,0,10,2,0,82.0,0.0
CLG0084,115.0,7.03,7.38,2,1,10,5,2,0,85.3,0.0
CLG0022,111.0,8.03,8.3,8,1,4,6,5,1,94.1,487500.0
CLG0061,100.0,7.19,7.33,10,0,1,7,4,0,83.3,0.0
CLG0096,85.0,9.67,10.04,3,0,4,1,1,0,108.89999999999999,0.0
CLG0094,109.0,7.67,7.88,7,0,4,2,0,0,89.7,0.0
CLG0067,100.0,8.47,8.49,1,0,3,2,4,0,94.9,0.0
CLG0004,65.0,9.48,9.96,10,1,9,1,5,0,106.10000000000001,0.0
CLG0051,111.0,5.73,5.92,1,1,8,3,3,0,70.3,0.0
CLG0004,99.0,6.15,6.25,7,1,4,6,4,0,72.4,0.0
CLG0039,118.0,5.54,5.45,1,0,5,9,4,1,66.3,277000.0
CLG0031,83.0,5.7,6.1,9,0,0,3,5,0,69.3,0.0
CLG0057,57.5,7.56,7.36,9,0,4,3,3,0,79.35000000000001,0.0
CLG0073,104.0,6.61,6.12,8,1,8,2,0,0,71.60000000000001,0.0
CLG0030,104.0,7.12,6.82,8,1,10,2,1,0,78.60000000000001,0.0
CLG0093,74.0,9.91,9.52,4,1,5,7,4,0,102.6,0.0
CLG0089,85.0,5.78,5.6,4,0,8,4,3,0,64.5,0.0
CLG0039,141.0,7.7,8.03,5,0,3,6,3,1,94.39999999999999,391700.0
CLG0099,95.0,5.49,5.64,9,0,1,8,0,0,65.9,0.0
CLG0025,110.0,6.59,6.26,3,0,8,5,4,0,73.6,0.0
CLG0058,90.0,7.64,7.93,4,0,3,3,3,0,88.3,0.0
CLG0036,68.0,9.73,9.73,10,0,10,2,5,0,104.10000000000001,0.0
CLG0011,97.0,6.96,6.97,5,1,1,6,5,0,79.4,0.0
CLG0090,96.0,5.32,5.18,7,1,0,8,0,0,61.4,0.0
CLG0046,94.0,6.94,7.3,5,0,1,10,0,0,82.4,0.0
CLG0089,98.0,5.73,5.55,9,0,4,4,3,0,65.3,0.0
CLG0021,103.0,6.15,5.74,6,1,2,2,3,0,67.7,0.0
CLG0002,97.0,8.09,7.89,3,1,5,3,4,0,88.6,0.0
CLG0074,81.0,5.34,5.56,6,1,3,3,4,0,63.699999999999996,0.0
CLG0039,107.0,7.32,7.48,6,1,1,9,1,0,85.50000000000001,0.0
CLG0099,70.0,8.05,7.74,10,0,6,10,3,0,84.4,0.0
CLG0033,69.0,7.11,6.72,1,0,10,4,2,0,74.10000000000001,0.0
CLG0031,111.0,5.1,5.26,7,0,5,6,5,0,63.699999999999996,0.0
CLG0004,107.0,9.93,10.11,3,1,7,9,2,1,111.8,557900.0
CLG0067,99.0,6.84,6.71,1,0,9,10,5,0,77.0,0.0
CLG0069,79.0,8.89,9.23,1,0,4,8,1,0,100.20000000000002,0.0
CLG0081,89.0,6.63,7.11,5,0,2,9,3,0,80.00000000000001,0.0
CLG0013,96.0,7.38,7.09,10,1,3,6,0,0,80.5,0.0
CLG0065,76.0,6.94,7.02,10,0,4,2,5,0,77.79999999999998,0.0
CLG0045,88.0,6.71,6.22,2,0,4,5,2,0,71.0,0.0
CLG0039,109.0,5.11,5.32,2,0,5,10,4,0,64.10000000000001,0.0
CLG0087,121.0,6.8,6.71,4,0,8,3,2,0,79.19999999999999,0.0
CLG0089,93.0,9.45,9.14,10,1,3,3,3,0,100.7,0.0
CLG0053,111.0,8.45,8.7,7,1,6,10,5,1,98.1,503500.0
CLG0031,71.0,5.73,6.04,8,1,6,1,2,0,67.5,0.0
CLG0013,109.0,7.96,7.57,10,1,5,4,1,0,86.60000000000001,0.0
CLG0001,87.0,9.46,9.0,7,1,0,7,4,0,98.7,0.0
CLG0098,104.0,8.5,8.33,9,1,8,3,1,0,93.7,0.0
CLG0029,96.0,5.74,5.87,7,0,5,7,0,0,68.3,0.0
CLG0061,119.0,9.34,9.63,4,0,2,6,0,0,108.20000000000002,0.0
CLG0095,86.0,6.51,6.56,9,0,10,1,0,0,74.19999999999999,0.0
CLG0072,109.0,7.27,7.35,9,1,1,5,0,0,84.4,0.0
CLG0002,95.0,7.63,7.93,3,1,2,6,3,0,88.8,0.0
CLG0012,97.0,9.25,9.28,10,1,10,9,3,1,102.5,519700.0
CLG0056,97.0,9.66,9.77,8,0,0,10,3,1,107.39999999999999,439300.0
CLG0097,87.0,9.65,9.67,1,1,2,6,1,0,105.4,0.0
CLG0094,99.0,5.04,5.42,2,1,4,8,1,0,64.10000000000001,0.0
CLG0041,99.0,9.61,9.35,8,1,3,2,2,0,103.4,0.0
CLG0027,103.0,5.27,5.03,8,0,9,1,4,0,60.60000000000001,0.0
CLG0089,101.0,6.33,5.96,6,0,0,1,1,0,69.7,0.0
CLG0038,111.0,7.57,7.89,8,1,4,7,2,0,89.99999999999999,0.0
CLG0097,113.0,7.4,7.31,8,0,2,8,0,0,84.39999999999999,0.0
CLG0052,84.0,8.02,7.87,2,0,9,8,0,0,87.10000000000001,0.0
CLG0080,113.0,7.4,7.88,3,1,10,3,1,0,90.1,0.0
CLG0032,82.0,9.67,10.1,7,0,6,5,3,0,109.2,0.0
CLG0088,108.0,6.2,6.67,3,1,9,7,2,0,77.5,0.0
CLG0002,109.0,6.37,6.01,2,0,10,9,5,0,71.0,0.0
CLG0066,71.0,9.6,9.99,6,0,7,5,4,0,107.0,0.0
CLG0020,101.0,5.38,5.21,2,0,4,4,2,0,62.2,0.0
CLG0057,92.0,8.05,7.56,2,1,9,4,3,0,84.8,0.0
CLG0062,88.0,8.41,8.3,2,0,7,6,5,0,91.8,0.0
CLG0091,120.0,7.53,7.54,4,0,5,9,3,1,87.4,361600.0
CLG0086,90.0,8.47,8.08,7,0,5,1,1,0,89.8,0.0
CLG0048,87.0,5.86,5.9,6,0,4,1,3,0,67.7,0.0
CLG0083,101.0,9.26,9.58,5,1,10,1,3,0,105.89999999999999,0.0
CLG0007,110.0,5.7,5.58,4,1,9,4,4,0,66.8,0.0
CLG0067,97.0,7.0,6.85,2,0,5,4,3,0,78.2,0.0
CLG0050,117.0,5.38,5.22,8,1,0,8,5,1,63.89999999999999,367300.0
CLG0034,107.0,7.73,8.15,2,1,7,5,0,0,92.2,0.0
CLG0087,67.0,8.35,7.9,8,0,4,10,3,0,85.7,0.0
CLG0069,92.0,9.71,9.66,10,1,7,4,0,0,105.8,0.0
CLG0067,91.0,8.7,8.46,4,0,2,8,4,1,93.7,383900.00000000006
CLG0088,107.0,7.71,8.1,5,0,9,7,5,0,91.7,0.0
CLG0091,60.0,9.66,9.26,1,0,5,6,1,0,98.6,0.0
CLG0034,138.0,7.39,7.3,2,0,0,2,0,0,86.8,0.0
CLG0043,107.0,7.81,7.72,8,0,0,5,1,0,87.9,0.0
CLG0021,102.0,7.98,8.37,1,0,3,2,5,0,93.89999999999999,0.0
CLG0012,117.0,7.05,6.77,3,1,9,6,5,0,79.39999999999999,0.0
CLG0032,135.0,9.19,9.33,2,0,5,9,5,1,106.8,440700.0
CLG0047,113.0,5.93,5.56,10,0,2,9,5,1,66.89999999999999,278900.0
CLG0086,114.0,7.77,8.22,5,0,10,6,1,0,93.60000000000001,0.0
CLG0098,101.0,8.61,8.7,4,1,10,4,0,0,97.1,0.0
CLG0087,97.0,9.52,9.65,4,1,4,10,2,1,106.2,534500.0
CLG0055,92.0,9.42,9.35,4,0,9,9,3,1,102.7,420000.0
CLG0065,87.0,7.54,7.38,4,0,10,5,4,0,82.5,0.0
CLG0068,89.0,8.22,7.93,4,0,3,8,5,0,88.2,0.0
CLG0017,79.0,6.97,7.07,6,0,9,9,1,0,78.60000000000001,0.0
CLG0026,98.0,7.34,7.79,2,1,2,5,2,0,87.7,0.0
CLG0095,74.0,9.53,9.39,4,1,8,6,1,0,101.30000000000001,0.0
CLG0033,102.0,9.65,10.03,7,0,3,4,2,0,110.5,0.0
CLG0064,99.0,9.48,9.13,7,1,9,1,4,0,101.20000000000002,0.0
CLG0092,102.0,5.69,6.13,1,1,6,1,2,0,71.5,0.0
CLG0010,92.0,9.25,9.1,10,0,4,5,4,0,100.2,0.0
CLG0100,141.5,9.74,9.62,9,0,6,3,3,1,110.35,455549.99999999994
CLG0046,120.0,6.81,6.77,7,1,4,7,5,0,79.69999999999999,0.0
CLG0073,81.0,7.59,7.81,6,0,2,4,5,0,86.19999999999999,0.0
CLG0090,103.0,8.9,9.12,2,0,5,4,5,0,101.49999999999999,0.0
CLG0051,90.0,7.81,7.79,6,0,8,4,2,0,86.9,0.0
CLG0034,84.0,9.97,9.99,5,0,5,6,5,0,108.30000000000001,0.0
CLG0014,79.0,7.28,6.81,9,0,3,9,1,0,76.0,0.0
CLG0041,106.0,8.57,8.37,1,0,0,9,3,1,94.29999999999998,387799.99999999994
CLG0090,89.0,8.96,8.81,5,1,2,5,1,0,97.00000000000001,0.0
CLG0095,114.0,7.47,7.53,3,0,2,8,1,0,86.7,0.0
CLG0038,114.0,9.28,9.34,9,1,1,4,3,1,104.80000000000001,530600.0
CLG0048,120.0,7.73,7.94,1,1,9,8,3,1,91.4,477600.0
CLG0043,87.0,7.06,7.28,6,1,1,10,4,0,81.5,0.0
CLG0028,107.0,5.54,5.28,3,1,7,9,2,0,63.5,0.0
CLG0041,109.0,6.97,7.24,1,0,7,8,4,0,83.30000000000001,0.0
CLG0056,92.0,8.67,8.19,3,1,2,8,0,0,91.1,0.0
CLG0081,88.0,9.61,9.83,2,1,3,9,0,0,107.1,0.0
CLG0076,124.0,6.26,5.86,10,1,4,10,4,1,71.0,396400.0
CLG0091,103.0,6.78,7.01,8,1,10,8,4,0,80.39999999999999,0.0
CLG0065,109.0,5.77,5.8,3,1,8,4,2,0,68.9,0.0
CLG0060,87.0,8.45,8.39,7,1,4,5,3,0,92.60000000000001,0.0
CLG0097,81.0,9.8,9.99,10,0,10,10,0,0,108.0,0.0
CLG0013,91.0,8.2,7.74,6,1,5,6,3,0,86.5,0.0
CLG0069,98.0,8.09,7.81,7,0,6,5,1,0,87.89999999999999,0.0
CLG0052,84.0,7.77,7.89,7,0,10,9,1,0,87.3,0.0
CLG0043,99.0,5.44,5.79,10,1,1,2,3,0,67.8,0.0
CLG0092,74.0,8.65,8.53,1,1,3,6,1,0,92.7,0.0
CLG0088,83.0,8.01,7.77,4,0,5,10,0,0,85.99999999999999,0.0
CLG0084,110.0,8.31,8.33,4,0,3,2,0,0,94.3,0.0
CLG0040,109.0,9.49,9.61,5,0,4,8,1,0,107.0,0.0
CLG0042,94.0,8.92,8.84,10,1,2,8,0,0,97.80000000000001,0.0
CLG0037,84.0,8.9,9.28,5,1,1,5,1,0,101.2,0.0
CLG0084,84.0,9.64,9.66,8,1,0,10,2,1,105.0,528400.0
CLG0023,94.0,9.95,9.49,4,0,2,8,2,1,104.30000000000001,426600.0
CLG0067,109.0,7.91,7.63,1,0,9,5,3,0,87.2,0.0
CLG0069,113.0,5.54,5.49,5,0,8,4,1,0,66.2,0.0
CLG0079,92.0,7.3,7.5,1,0,0,9,2,0,84.2,0.0
CLG0069,82.0,8.94,8.66,3,0,7,8,2,1,94.8,387400.0
CLG0098,104.0,5.14,5.62,8,1,4,4,0,0,66.60000000000001,0.0
CLG0058,87.0,5.28,5.1,10,1,3,2,3,0,59.7,0.0
CLG0046,92.0,5.34,5.37,5,0,4,2,3,0,62.900000000000006,0.0
CLG0087,119.0,8.66,8.18,7,0,10,2,2,1,93.7,386700.0
CLG0047,112.0,7.51,7.89,1,0,6,10,2,1,90.1,371600.0
CLG0017,102.0,6.84,7.13,6,1,7,8,3,0,81.5,0.0
CLG0009,80.0,5.53,5.23,8,0,1,6,5,0,60.300000000000004,0.0
CLG0068,103.0,8.66,9.09,6,0,5,1,0,0,101.2,0.0
CLG0094,115.0,6.61,6.43,4,0,3,10,4,1,75.8,314700.0
CLG0078,94.0,6.33,6.52,8,0,7,4,0,0,74.6,0.0
CLG0030,120.0,8.26,8.58,8,1,3,3,4,1,97.8,503200.0
CLG0095,119.0,7.8,8.04,6,0,2,10,3,1,92.3,381099.99999999994
CLG0061,124.0,6.81,7.23,8,0,4,7,3,0,84.70000000000002,0.0
CLG0065,104.0,8.21,8.57,6,0,3,10,3,1,96.10000000000001,394800.0
CLG0058,108.0,6.36,6.85,4,1,4,5,1,0,79.3,0.0
CLG0027,121.0,8.97,8.65,6,0,8,1,1,0,98.6,0.0
CLG0066,106.0,6.15,5.95,9,0,10,6,1,0,70.1,0.0
CLG0045,92.0,5.79,5.93,8,1,2,4,3,0,68.5,0.0
CLG0040,93.0,8.91,9.14,7,1,1,10,2,1,100.7,512100.0
CLG0061,103.0,8.54,8.57,5,0,1,6,3,0,96.0,0.0
CLG0041,80.0,5.91,5.48,7,0,8,7,4,0,62.800000000000004,0.0
CLG0074,97.0,5.58,5.92,1,0,6,9,0,0,68.9,0.0
CLG0088,116.0,9.19,9.65,8,1,9,1,5,1,108.1,544000.0
CLG0084,67.0,8.88,8.79,5,1,3,6,4,0,94.6,0.0
CLG0042,123.0,6.64,6.36,7,0,5,8,0,0,75.9,0.0
CLG0062,116.0,8.29,7.81,7,1,9,4,4,0,89.69999999999999,0.0
CLG0080,93.0,5.62,5.36,8,1,5,10,0,0,62.900000000000006,0.0
CLG0038,108.0,7.54,7.74,7,1,2,9,5,0,88.2,0.0
CLG0060,100.0,5.09,5.5,6,1,8,4,2,0,65.0,0.0
CLG0049,118.0,6.96,6.55,6,0,3,4,0,0,77.3,0.0
CLG0018,114.0,5.37,5.42,5,0,0,9,3,1,65.60000000000001,273800.0
CLG0099,78.0,7.38,7.58,5,0,1,4,4,0,83.6,0.0
CLG0094,108.0,7.11,6.89,4,0,4,9,1,0,79.69999999999999,0.0
CLG0005,96.0,7.22,7.29,7,0,7,1,2,0,82.5,0.0
CLG0011,101.0,5.23,5.45,3,1,6,8,5,0,64.6,0.0
CLG0004,89.0,6.81,7.15,5,0,8,2,4,0,80.4,0.0
CLG0061,126.0,8.78,8.73,3,0,0,8,2,1,99.9,412200.0
CLG0075,115.0,6.84,7.09,8,1,1,5,1,0,82.4,0.0
CLG0012,88.0,8.58,8.38,5,1,9,1,1,0,92.60000000000001,0.0
CLG0049,79.0,6.85,6.56,10,0,3,1,1,0,73.5,0.0
CLG0028,94.0,7.12,6.81,6,1,6,6,1,0,77.5,0.0
CLG0090,106.0,7.82,7.68,1,0,0,1,1,0,87.39999999999999,0.0
CLG0034,103.0,9.75,9.29,4,0,4,2,3,0,103.19999999999999,0.0
CLG0056,118.0,5.54,5.32,9,0,1,3,0,0,65.0,0.0
CLG0065,111.0,5.16,5.31,5,0,1,2,1,0,64.19999999999999,0.0
CLG0006,114.0,8.04,8.19,1,0,1,9,4,1,93.3,384600.0
CLG0033,104.0,9.75,9.32,4,1,8,10,4,1,103.60000000000001,524800.0
CLG0047,79.0,9.95,9.74,6,1,10,6,1,0,105.30000000000001,0.0
CLG0024,97.0,7.42,7.49,7,0,9,9,2,0,84.60000000000001,0.0
CLG0034,115.0,7.34,7.16,7,0,4,5,1,0,83.1,0.0
CLG0072,99.0,8.22,8.14,8,0,7,4,5,0,91.30000000000001,0.0
CLG0016,107.0,7.78,7.99,5,1,9,2,3,0,90.60000000000001,0.0
CLG0080,95.0,8.17,7.68,6,0,5,4,5,0,86.3,0.0
CLG0016,84.0,9.37,9.15,2,0,10,8,0,0,99.9,0.0
CLG0098,98.0,8.73,8.37,10,0,0,2,4,0,93.49999999999999,0.0
CLG0084,104.0,7.48,7.11,2,0,9,8,1,0,81.50000000000001,0.0
CLG0014,90.0,7.31,7.77,3,1,8,2,0,0,86.69999999999999,0.0
CLG0059,96.0,8.2,8.08,4,0,6,1,0,0,90.39999999999999,0.0
CLG0062,85.0,7.28,7.31,6,0,10,4,1,0,81.6,0.0
CLG0090,116.0,7.29,7.52,6,1,1,7,0,0,86.79999999999998,0.0
CLG0066,95.0,5.08,4.63,3,1,7,2,4,0,55.8,0.0
CLG0019,121.0,5.87,5.61,1,1,1,3,1,0,68.2,0.0
CLG0061,122.0,7.44,7.77,3,1,1,6,2,0,89.89999999999999,0.0
CLG0066,98.0,9.11,9.47,4,1,3,2,1,0,104.5,0.0
CLG0026,84.0,6.39,6.26,9,1,7,9,4,0,71.0,0.0
CLG0089,68.0,7.61,7.48,10,0,6,6,1,0,81.60000000000001,0.0
CLG0049,77.0,6.72,6.98,8,1,1,6,1,0,77.50000000000001,0.0
CLG0019,79.0,5.52,5.32,4,0,9,8,1,0,61.1,0.0
CLG0049,120.0,9.79,9.41,7,0,5,1,3,1,106.1,436400.0
CLG0081,101.0,9.27,9.03,9,1,10,10,3,1,100.39999999999999,511700.0
CLG0030,105.0,5.39,5.28,2,0,10,3,4,0,63.300000000000004,0.0
CLG0076,66.0,8.6,8.15,3,0,3,2,0,0,88.1,0.0
CLG0057,82.0,6.74,6.72,1,1,9,1,1,0,75.4,0.0
CLG0085,113.0,9.97,10.21,8,0,0,6,1,0,113.4,0.0
CLG0036,104.0,6.51,6.52,2,0,7,4,5,0,75.6,0.0
CLG0040,97.0,6.19,5.76,7,0,7,6,3,0,67.3,0.0
CLG0028,108.0,7.84,7.78,7,0,5,8,2,0,88.6,0.0
CLG0097,124.0,9.18,9.39,3,0,9,7,5,1,106.30000000000001,437600.0
CLG0046,96.0,5.96,5.52,2,1,6,3,3,0,64.8,0.0
CLG0073,101.0,8.55,8.11,3,1,2,3,0,0,91.19999999999999,0.0
CLG0082,102.0,5.31,5.18,8,0,8,6,5,0,62.0,0.0
CLG0088,135.0,9.59,9.28,9,1,3,1,1,0,106.3,0.0
CLG0032,68.0,5.41,5.84,8,0,10,3,1,0,65.2,0.0
CLG0087,110.0,9.57,9.65,2,0,1,8,4,1,107.5,441000.0
CLG0058,98.0,7.45,7.24,9,1,3,3,2,0,82.2,0.0
CLG0076,108.0,7.24,7.44,6,1,1,1,4,0,85.2,0.0
CLG0098,90.0,9.87,9.74,2,1,3,10,2,1,106.4,534600.0
CLG0026,99.0,9.95,9.58,9,0,1,9,5,1,105.7,432700.0
CLG0070,110.0,8.25,7.99,5,0,10,2,5,0,90.9,0.0
CLG0069,141.5,5.64,5.78,6,0,7,7,2,0,71.95,0.0
CLG0087,112.0,7.53,7.08,1,1,5,8,5,1,82.0,439200.0
CLG0050,87.0,7.65,7.42,2,0,7,3,2,0,82.9,0.0
CLG0079,93.0,7.57,7.28,1,0,10,7,2,0,82.1,0.0
CLG0032,93.0,7.85,7.55,4,0,0,10,4,0,84.8,0.0
CLG0058,73.0,5.09,5.27,2,1,8,4,1,0,59.99999999999999,0.0
CLG0064,95.0,8.56,8.89,1,0,10,2,1,0,98.4,0.0
CLG0077,110.0,8.56,8.78,3,0,1,4,5,0,98.8,0.0
CLG0028,80.0,5.58,5.73,4,1,7,8,4,0,65.30000000000001,0.0
CLG0097,115.0,7.85,8.27,4,0,3,2,5,1,94.19999999999999,388300.0
CLG0072,107.0,7.84,7.4,3,0,1,6,3,0,84.7,0.0
CLG0080,88.0,8.41,8.08,2,1,0,10,5,1,89.6,467200.0
CLG0039,97.0,5.43,5.34,8,0,3,3,0,0,63.099999999999994,0.0
CLG0096,123.0,8.13,8.0,10,1,9,3,2,0,92.3,0.0
CLG0080,111.0,6.4,6.32,2,0,0,6,4,0,74.3,0.0
CLG0045,100.0,7.54,7.25,5,1,7,3,2,0,82.5,0.0
CLG0013,96.0,8.87,8.52,7,0,1,2,2,0,94.79999999999998,0.0
CLG0020,101.0,8.53,8.54,9,1,7,2,2,0,95.49999999999999,0.0
CLG0058,92.0,5.59,6.02,3,1,9,3,4,0,69.39999999999999,0.0
CLG0019,68.0,7.96,7.85,1,1,0,2,1,0,85.3,0.0
CLG0075,130.0,9.85,9.39,9,0,6,6,3,1,106.9,440600.0
CLG0091,102.0,5.78,5.99,1,1,6,4,3,0,70.10000000000001,0.0
CLG0080,105.0,9.26,9.05,8,1,4,1,5,0,101.0,0.0
CLG0009,99.0,8.51,8.26,2,1,2,3,4,0,92.5,0.0
CLG0077,88.0,8.87,8.69,7,0,5,10,0,0,95.69999999999999,0.0
CLG0019,97.0,6.41,6.63,3,0,10,3,3,0,76.0,0.0
CLG0094,76.0,6.44,6.76,6,1,4,4,3,0,75.19999999999999,0.0
CLG0055,134.0,9.53,9.62,6,0,8,6,2,1,109.6,451799.99999999994
CLG0039,81.0,6.8,6.62,4,0,3,1,4,0,74.3,0.0
CLG0017,84.0,5.32,5.13,8,0,8,2,5,0,59.699999999999996,0.0
CLG0062,93.0,8.0,7.62,5,1,9,10,5,0,85.5,0.0
CLG0094,119.0,5.62,6.05,7,1,5,3,1,0,72.4,0.0
CLG0093,100.0,8.98,9.12,5,0,8,5,4,0,101.19999999999999,0.0
CLG0060,81.0,8.21,7.74,4,1,2,7,4,0,85.5,0.0
CLG0042,118.0,9.37,9.53,6,1,0,1,3,1,107.1,540200.0
CLG0002,110.0,8.92,8.87,3,0,5,2,2,0,99.69999999999999,0.0
CLG0050,108.0,5.56,6.03,6,1,3,4,4,0,71.10000000000001,0.0
CLG0067,110.0,6.91,7.23,6,1,10,10,1,0,83.30000000000001,0.0
CLG0020,135.0,8.87,8.54,6,0,9,1,2,1,98.89999999999999,409099.99999999994
CLG0001,132.0,7.09,7.31,3,1,3,1,2,0,86.3,0.0
CLG0005,89.0,9.86,9.85,8,0,3,9,1,0,107.4,0.0
CLG0097,124.0,8.68,8.37,4,0,0,6,1,0,96.1,0.0
CLG0039,105.0,5.08,5.28,2,0,4,2,5,0,63.300000000000004,0.0
CLG0087,107.0,9.4,9.45,7,0,8,10,1,0,105.2,0.0
CLG0018,74.0,5.5,5.03,8,0,2,7,4,0,57.7,0.0
CLG0068,97.0,5.7,5.85,4,0,1,10,5,0,68.2,0.0
CLG0097,87.0,8.67,8.8,6,1,1,6,2,0,96.7,0.0
CLG0090,112.0,9.32,8.96,8,0,9,6,5,1,100.80000000000001,414400.00000000006
CLG0022,116.0,7.68,7.53,5,0,6,8,2,1,86.89999999999999,359200.0
CLG0030,68.0,6.45,6.54,9,0,5,10,0,0,72.2,0.0
CLG0090,99.0,6.76,6.4,6,1,1,3,0,0,73.9,0.0
CLG0001,116.0,6.71,7.06,6,0,0,10,0,0,82.19999999999999,0.0
CLG0070,97.0,6.63,6.16,2,1,6,2,5,0,71.3,0.0
CLG0081,110.0,6.21,5.81,7,0,10,9,4,0,69.1,0.0
CLG0095,105.0,8.04,7.66,9,0,5,5,5,0,87.1,0.0
CLG0051,105.0,9.5,9.53,5,0,4,6,4,0,105.8,0.0
CLG0068,95.0,6.54,6.66,5,0,4,7,1,0,76.1,0.0
CLG0074,81.0,5.93,5.83,5,0,9,2,4,0,66.39999999999999,0.0
CLG0061,83.0,9.19,8.98,1,0,2,6,2,0,98.10000000000001,0.0
CLG0048,110.0,8.71,9.02,5,0,10,1,2,0,101.19999999999999,0.0
CLG0053,100.0,9.65,9.22,10,1,4,9,5,1,102.2,518800.0
CLG0034,97.0,5.83,5.61,8,1,5,6,3,0,65.8,0.0
CLG0086,93.0,5.72,5.26,3,0,10,7,3,0,61.89999999999999,0.0
CLG0086,95.0,7.71,7.22,9,0,6,5,4,0,81.7,0.0
CLG0007,115.0,8.07,7.92,9,0,6,2,5,0,90.7,0.0
CLG0039,94.0,7.4,7.09,6,0,9,4,5,0,80.30000000000001,0.0
CLG0037,79.0,7.99,7.76,4,0,9,5,3,0,85.5,0.0
CLG0063,111.0,5.9,6.22,4,0,7,10,4,1,73.3,304300.0
CLG0055,96.0,7.4,7.06,1,0,4,2,1,0,80.19999999999999,0.0
CLG0015,100.0,8.29,8.57,10,0,3,9,1,0,95.7,0.0
CLG0083,124.0,7.16,7.34,5,1,6,2,3,0,85.80000000000001,0.0
CLG0074,99.0,8.4,8.23,5,0,1,2,4,0,92.20000000000002,0.0
CLG0062,104.0,7.26,7.31,5,1,7,2,3,0,83.5,0.0
CLG0068,82.0,6.67,6.61,1,0,3,2,2,0,74.30000000000001,0.0
CLG0050,96.0,6.52,6.15,1,1,9,5,4,0,71.1,0.0
CLG0041,109.0,7.05,7.46,10,1,0,7,0,0,85.5,0.0
CLG0061,76.0,5.12,5.19,2,1,1,1,2,0,59.50000000000001,0.0
CLG0025,103.0,8.34,8.72,1,0,0,9,4,1,97.5,400300.0
CLG0028,101.0,9.23,9.55,8,1,4,6,3,0,105.6,0.0
CLG0082,100.0,6.77,6.35,4,0,0,1,5,0,73.5,0.0
CLG0035,115.0,5.23,4.94,6,1,10,1,3,0,60.900000000000006,0.0
CLG0083,105.0,9.93,9.58,8,0,8,9,3,1,106.3,435700.0
CLG0053,122.0,6.32,6.65,5,1,10,9,4,1,78.7,427000.0
CLG0084,85.0,5.63,5.99,6,1,10,1,3,0,68.4,0.0
CLG0039,102.0,6.85,6.88,4,1,3,1,4,0,79.0,0.0
CLG0097,101.0,8.69,8.29,6,0,9,5,4,0,92.99999999999999,0.0
CLG0059,83.0,6.47,6.11,6,1,2,5,3,0,69.4,0.0
CLG0065,114.0,7.87,8.18,3,1,8,7,1,0,93.2,0.0
CLG0001,134.0,7.08,7.51,4,1,3,4,1,0,88.5,0.0
CLG0045,99.0,5.59,5.29,6,1,0,10,2,0,62.8,0.0
CLG0019,107.0,6.65,6.16,8,0,1,1,4,0,72.3,0.0
CLG0048,101.0,8.62,8.45,7,1,3,6,3,0,94.6,0.0
CLG0049,89.0,8.06,7.59,4,0,10,10,5,0,84.80000000000001,0.0
CLG0073,72.0,5.6,5.93,3,0,0,3,3,0,66.5,0.0
CLG0014,89.0,5.82,5.81,8,0,5,7,3,0,67.0,0.0
CLG0067,79.0,8.2,8.34,6,1,6,1,1,0,91.30000000000001,0.0
CLG0030,125.0,9.07,8.98,8,0,0,4,0,0,102.30000000000001,0.0
CLG0065,98.0,6.75,6.6,9,0,5,10,5,0,75.8,0.0
CLG0069,94.0,7.98,7.7,9,0,2,9,4,0,86.4,0.0
CLG0087,113.0,5.85,6.12,10,0,6,10,2,1,72.5,301300.0
CLG0006,83.0,6.56,6.76,9,1,10,6,2,0,75.89999999999999,0.0
CLG0084,88.0,5.1,4.96,10,1,1,2,2,0,58.400000000000006,0.0
CLG0046,101.0,8.84,8.66,1,0,1,6,4,0,96.69999999999999,0.0
CLG0042,115.0,7.01,6.51,3,0,10,9,4,1,76.6,317900.0
CLG0072,107.0,9.08,8.64,9,1,3,1,2,0,97.10000000000001,0.0
CLG0061,103.0,8.54,8.66,4,1,10,5,2,0,96.89999999999999,0.0
CLG0031,101.0,9.14,9.15,10,1,7,8,3,1,101.6,516500.0
CLG0079,106.0,6.43,6.36,2,0,2,7,5,0,74.2,0.0
CLG0026,103.0,5.93,6.26,1,0,7,10,0,0,72.89999999999999,0.0
CLG0058,84.0,9.86,9.86,5,0,6,2,1,0,107.0,0.0
CLG0033,100.0,8.59,8.47,4,0,4,8,4,1,94.7,388800.0
CLG0052,83.0,9.17,8.83,5,0,3,9,0,0,96.6,0.0
CLG0032,101.0,5.07,5.39,5,1,9,10,2,0,64.0,0.0
CLG0054,92.0,6.77,6.85,8,0,9,8,5,0,77.7,0.0
CLG0001,138.0,8.71,8.3,6,1,1,6,2,1,96.8,501000.0
CLG0005,99.0,5.39,5.54,3,0,8,9,2,0,65.3,0.0
CLG0022,78.0,7.84,7.77,9,1,3,8,2,0,85.49999999999999,0.0
CLG0095,97.0,7.15,7.46,8,0,4,4,3,0,84.3,0.0
CLG0005,107.0,5.09,5.51,9,0,1,6,4,0,65.8,0.0
CLG0008,125.0,6.18,6.28,4,0,1,5,2,0,75.30000000000001,0.0
CLG0070,91.0,6.42,6.65,8,0,1,10,2,0,75.6,0.0
CLG0063,76.0,5.56,5.12,3,1,9,9,4,0,58.800000000000004,0.0
CLG0010,112.0,8.16,8.22,5,0,1,4,1,0,93.4,0.0
CLG0062,79.0,6.21,6.47,7,0,8,1,3,0,72.60000000000001,0.0
CLG0040,93.0,6.39,6.39,1,0,4,9,3,0,73.2,0.0
CLG0047,96.0,9.49,9.58,1,0,10,9,0,0,105.39999999999999,0.0
CLG0080,98.0,7.34,7.74,3,1,5,7,3,0,87.2,0.0
CLG0056,110.0,6.96,6.66,4,0,3,5,0,0,77.6,0.0
CLG0028,89.0,8.62,8.22,1,0,1,7,1,0,91.10000000000001,0.0
CLG0056,95.0,9.55,9.74,8,0,2,9,4,1,106.9,437100.0
CLG0001,99.0,5.13,5.45,2,0,2,3,2,0,64.4,0.0
CLG0052,102.0,7.24,7.59,5,1,10,5,5,0,86.10000000000001,0.0
CLG0082,101.0,8.05,8.19,6,0,10,3,0,0,91.99999999999999,0.0
CLG0062,106.0,6.59,6.92,6,0,9,8,5,0,79.8,0.0
CLG0042,112.0,8.86,9.06,6,0,7,1,5,1,101.80000000000001,418400.0
CLG0047,105.0,9.86,9.45,1,0,7,4,3,0,105.0,0.0
CLG0037,106.0,9.72,9.98,3,1,5,7,5,0,110.4,0.0
CLG0011,76.0,6.33,6.01,3,0,10,9,2,0,67.69999999999999,0.0
CLG0067,100.0,6.13,5.87,8,0,9,10,1,0,68.7,0.0
CLG0029,107.0,9.79,9.68,6,0,10,2,4,0,107.5,0.0
CLG0004,110.0,7.29,7.1,2,0,7,9,0,0,82.0,0.0
CLG0095,89.0,6.04,5.86,1,0,2,6,3,0,67.5,0.0
CLG0011,90.0,8.53,8.2,4,0,6,7,5,0,91.0,0.0
CLG0030,91.0,6.42,6.21,1,1,4,4,5,0,71.2,0.0
CLG0079,108.0,6.34,5.86,5,0,8,5,2,0,69.4,0.0
CLG0079,115.0,9.4,9.37,8,1,8,1,2,1,105.19999999999999,532300.0
CLG0058,93.0,5.81,6.08,10,1,4,4,2,0,70.1,0.0
CLG0032,113.0,5.32,5.68,2,0,5,8,4,1,68.1,283700.0
CLG0029,101.0,6.35,6.67,8,0,0,6,0,0,76.8,0.0
CLG0043,98.0,8.03,7.95,8,1,3,7,4,0,89.3,0.0
CLG0092,96.0,5.62,5.85,6,1,0,1,5,0,68.1,0.0
CLG0085,111.0,7.36,7.15,8,0,3,7,3,0,82.6,0.0
CLG0039,104.0,8.14,7.7,2,0,0,6,0,0,87.4,0.0
CLG0011,134.0,9.24,9.42,7,0,9,4,1,0,107.60000000000001,0.0
CLG0096,87.0,6.15,6.3,8,0,3,2,1,0,71.7,0.0
CLG0027,107.0,9.09,9.39,4,0,5,2,5,0,104.60000000000001,0.0
CLG0024,92.0,6.17,6.29,9,1,8,7,4,0,72.1,0.0
CLG0037,86.0,8.38,8.04,6,1,1,3,4,0,88.99999999999999,0.0
CLG0065,99.0,7.15,7.5,3,0,1,2,5,0,84.9,0.0
CLG0032,102.0,5.57,5.7,4,0,5,10,4,0,67.2,0.0
CLG0053,141.5,8.57,8.88,4,1,10,3,1,0,102.95000000000002,0.0
CLG0001,97.0,6.09,6.36,1,0,9,10,1,0,73.3,0.0
CLG0056,83.0,5.88,5.68,10,1,5,2,0,0,65.1,0.0
CLG0034,104.0,6.79,6.36,1,0,2,3,5,0,74.0,0.0
CLG0082,68.0,8.27,7.95,1,1,1,5,0,0,86.3,0.0
CLG0029,98.0,6.17,5.76,4,0,2,10,4,0,67.39999999999999,0.0
CLG0006,100.0,5.92,5.66,1,0,3,10,5,0,66.6,0.0
CLG0057,111.0,5.05,5.01,6,0,3,10,2,1,61.199999999999996,255900.0
CLG0095,114.0,7.36,7.77,2,0,6,5,0,0,89.1,0.0
CLG0014,92.0,7.14,7.51,1,1,3,7,1,0,84.3,0.0
CLG0075,97.0,6.17,6.39,7,0,9,10,3,0,73.6,0.0
CLG0069,88.0,5.27,4.79,6,1,5,3,2,0,56.7,0.0
CLG0062,83.0,7.15,6.99,1,0,5,3,5,0,78.2,0.0
CLG0086,104.0,8.94,9.12,10,1,9,7,1,0,101.6,0.0
CLG0051,80.0,8.58,8.21,9,1,2,6,2,0,90.10000000000001,0.0
CLG0013,93.0,9.3,9.6,6,0,8,6,3,0,105.3,0.0
CLG0076,85.0,5.05,5.46,2,0,9,4,5,0,63.1,0.0
CLG0004,108.0,9.83,9.68,7,0,4,4,4,0,107.6,0.0
CLG0038,127.0,6.71,6.92,3,0,9,2,2,0,81.9,0.0
CLG0004,80.0,9.95,9.6,7,0,8,6,3,0,104.0,0.0
CLG0030,72.0,6.26,6.45,9,0,9,10,3,0,71.7,0.0
CLG0054,98.0,7.36,6.88,5,1,5,3,2,0,78.6,0.0
CLG0065,100.0,6.77,6.42,1,0,5,6,5,0,74.2,0.0
CLG0061,103.0,6.78,6.99,5,0,8,3,2,0,80.2,0.0
CLG0049,93.0,9.21,9.42,8,1,9,3,2,0,103.5,0.0
CLG0031,96.0,8.73,8.87,8,0,4,1,2,0,98.29999999999998,0.0
CLG0042,105.0,9.96,9.94,3,0,2,5,4,0,109.89999999999999,0.0
CLG0050,115.0,8.07,8.24,4,0,2,2,1,0,93.9,0.0
CLG0023,70.0,7.32,7.59,8,0,1,10,0,0,82.9,0.0
CLG0078,94.0,5.45,5.92,8,0,1,2,4,0,68.60000000000001,0.0
CLG0099,103.0,9.98,10.37,7,1,5,9,2,1,113.99999999999999,566300.0
CLG0081,86.0,7.76,8.05,6,1,7,2,3,0,89.1,0.0
CLG0060,125.0,8.5,8.69,4,0,10,2,5,1,99.39999999999999,410100.0
CLG0032,90.0,7.03,7.1,10,0,7,6,4,0,80.0,0.0
CLG0056,99.0,7.74,7.36,9,0,7,10,0,0,83.50000000000001,0.0
CLG0056,108.0,9.71,9.38,2,1,9,1,5,0,104.60000000000001,0.0
CLG0100,91.0,5.83,6.15,2,0,6,8,0,0,70.6,0.0
CLG0087,72.0,6.46,6.76,1,0,1,1,4,0,74.8,0.0
CLG0034,93.0,5.76,5.87,3,0,9,9,3,0,68.0,0.0
CLG0041,115.0,8.96,8.9,3,1,10,4,3,1,100.5,513500.0
CLG0039,94.0,5.31,4.84,4,0,1,3,5,0,57.8,0.0
CLG0086,87.0,5.41,5.24,3,0,9,7,3,0,61.10000000000001,0.0
CLG0042,113.0,6.49,6.41,10,1,6,8,1,0,75.39999999999999,0.0
CLG0066,95.0,7.57,7.56,6,0,3,5,3,0,85.1,0.0
CLG0020,92.0,7.03,7.46,9,1,5,3,0,0,83.8,0.0
CLG0014,102.0,5.22,4.83,8,0,8,4,5,0,58.5,0.0
CLG0038,111.0,9.79,9.81,6,0,4,10,2,1,109.2,447900.0
CLG0037,135.0,9.76,9.63,8,0,9,6,2,1,109.80000000000001,452700.00000000006
CLG0037,112.0,6.4,6.89,8,1,3,5,0,0,80.1,0.0
CLG0012,117.0,8.66,9.02,10,1,2,4,3,1,101.89999999999999,519300.0
CLG0092,92.0,7.89,7.83,6,0,6,3,2,0,87.5,0.0
CLG0056,84.0,6.19,6.69,2,1,6,6,5,0,75.30000000000001,0.0
CLG0008,100.0,6.31,6.32,5,0,6,7,0,0,73.2,0.0
CLG0093,101.0,7.46,7.13,4,1,4,2,3,0,81.39999999999999,0.0
CLG0021,83.0,7.1,7.16,6,0,9,6,1,0,79.89999999999999,0.0
CLG0039,97.0,6.46,6.19,2,1,7,3,2,0,71.60000000000001,0.0
CLG0048,105.0,9.04,9.18,4,0,10,10,5,1,102.3,419700.0
CLG0018,105.0,7.41,7.85,8,0,1,8,3,0,89.0,0.0
CLG0063,107.0,8.27,8.56,1,1,3,2,5,0,96.30000000000001,0.0
CLG0083,104.0,5.95,5.72,3,1,0,5,3,0,67.6,0.0
CLG0074,92.0,7.67,7.47,4,0,5,8,5,0,83.9,0.0
CLG0009,92.0,6.59,6.16,2,0,5,9,2,0,70.8,0.0
CLG0087,82.0,7.63,7.42,2,1,2,7,3,0,82.4,0.0
CLG0030,126.0,8.9,8.49,6,0,0,9,5,1,97.5,402600.0
CLG0086,100.0,8.84,8.84,6,0,4,9,4,1,98.4,403600.0
CLG0059,96.0,6.77,6.98,3,1,0,8,4,0,79.4,0.0
CLG0055,86.0,8.47,8.72,8,1,2,7,1,0,95.8,0.0
CLG0093,141.5,9.71,9.27,3,1,7,6,0,0,106.85,0.0
CLG0070,83.0,8.13,7.97,2,0,9,3,4,0,88.0,0.0
CLG0050,93.0,5.74,5.53,5,0,8,8,4,0,64.60000000000001,0.0
CLG0061,106.0,8.4,8.0,7,1,2,3,1,0,90.6,0.0
CLG0035,109.0,5.52,5.38,1,0,8,9,4,0,64.7,0.0
CLG0014,114.0,9.36,9.16,2,0,6,9,4,1,103.0,423400.0
CLG0069,127.0,7.58,7.71,2,1,7,10,5,1,89.8,471900.0
CLG0046,107.0,6.93,7.31,8,0,5,10,2,0,83.8,0.0
CLG0082,84.0,5.29,5.24,10,0,4,9,1,0,60.800000000000004,0.0
CLG0035,96.0,6.9,7.15,6,1,9,4,3,0,81.1,0.0
CLG0094,104.0,9.52,9.17,4,0,7,9,3,1,102.10000000000001,418800.0
CLG0071,131.0,5.1,5.49,4,0,1,2,0,0,68.0,0.0
CLG0098,79.0,7.37,7.02,5,1,6,1,0,0,78.1,0.0
CLG0042,118.0,9.66,9.35,3,1,0,8,4,1,105.3,533000.0
CLG0053,102.0,6.97,6.58,4,0,6,6,4,0,76.0,0.0
CLG0019,112.0,7.14,6.95,4,0,5,10,3,1,80.7,334000.0
CLG0045,98.0,7.89,7.94,7,0,3,9,1,0,89.2,0.0
CLG0054,87.0,7.31,7.8,7,1,2,9,2,0,86.7,0.0
CLG0064,111.0,5.84,6.13,1,1,8,3,5,0,72.39999999999999,0.0
CLG0075,109.0,5.09,4.97,3,0,5,2,0,0,60.599999999999994,0.0
CLG0041,114.0,8.05,8.13,9,1,5,7,4,1,92.70000000000002,482200.00000000006
CLG0017,99.0,9.6,9.72,6,1,0,5,0,0,107.10000000000001,0.0
CLG0011,91.0,5.53,5.85,6,0,4,10,3,0,67.6,0.0
CLG0092,76.0,6.05,6.29,4,0,6,6,1,0,70.5,0.0
CLG0003,112.0,6.85,6.92,10,1,3,5,3,0,80.4,0.0
CLG0010,106.0,9.04,9.21,9,0,1,4,2,0,102.7,0.0
CLG0024,85.0,6.35,6.6,3,1,8,1,1,0,74.5,0.0
CLG0097,91.0,9.41,9.04,8,0,5,4,2,0,99.49999999999999,0.0
CLG0056,92.0,5.27,4.97,6,0,8,10,2,0,58.89999999999999,0.0
CLG0026,77.0,9.7,9.89,2,1,7,3,1,0,106.60000000000001,0.0
CLG0069,87.0,7.8,8.15,3,0,0,3,2,0,90.2,0.0
CLG0024,82.0,8.29,8.2,1,0,1,5,0,0,90.2,0.0
CLG0044,93.0,6.84,7.32,3,0,1,1,4,0,82.5,0.0
CLG0026,88.0,8.91,8.63,4,0,1,6,1,0,95.10000000000001,0.0
CLG0071,75.0,5.83,5.75,6,1,3,2,3,0,65.0,0.0
CLG0076,130.0,5.24,5.12,10,1,6,1,3,0,64.2,0.0
CLG0057,118.0,6.98,7.41,7,0,6,8,4,1,85.89999999999999,355400.0
CLG0036,88.0,9.27,9.06,3,0,0,10,3,1,99.4,406400.0
CLG0017,104.0,8.77,8.74,7,0,7,3,4,0,97.80000000000001,0.0
CLG0080,106.0,7.59,7.28,4,0,3,6,0,0,83.39999999999999,0.0
CLG0095,117.0,7.86,7.88,1,0,7,2,3,0,90.5,0.0
CLG0018,87.0,5.65,6.01,1,1,9,5,3,0,68.8,0.0
CLG0096,116.0,9.2,9.0,8,0,8,9,0,1,101.6,418000.0
CLG0066,91.0,8.93,9.24,10,1,6,7,3,0,101.5,0.0
CLG0010,79.0,8.28,8.69,7,0,2,4,3,0,94.8,0.0
CLG0061,110.0,7.33,6.9,4,0,2,3,0,0,80.0,0.0
CLG0039,119.0,9.82,10.08,1,0,4,9,5,1,112.7,462700.0
CLG0014,138.0,9.4,9.16,6,0,6,4,0,0,105.39999999999999,0.0
CLG0047,82.0,8.22,7.9,10,1,6,5,5,0,87.2,0.0
CLG0010,110.0,6.86,6.96,7,1,8,6,0,0,80.6,0.0
CLG0055,93.0,8.09,8.3,6,0,0,10,5,1,92.3,378500.0
CLG0092,111.0,7.88,7.77,6,0,2,5,3,0,88.79999999999998,0.0
CLG0024,77.0,6.97,6.51,8,1,0,9,4,0,72.8,0.0
CLG0040,81.0,6.53,6.94,6,0,5,1,5,0,77.5,0.0
CLG0063,88.0,7.04,7.27,2,0,9,6,4,0,81.49999999999999,0.0
CLG0034,101.0,7.87,7.64,7,0,6,4,1,0,86.49999999999999,0.0
CLG0049,90.0,7.14,7.14,10,0,1,4,1,0,80.39999999999999,0.0
CLG0063,109.0,6.32,5.85,4,0,8,3,3,0,69.4,0.0
CLG0009,115.0,8.8,8.64,3,0,4,5,3,1,97.9,403100.0
CLG0047,108.0,7.66,7.68,8,0,2,8,4,0,87.6,0.0
CLG0093,124.0,5.34,5.36,10,0,6,4,2,0,66.0,0.0
CLG0045,106.0,6.84,6.55,5,1,6,7,1,0,76.1,0.0
CLG0036,81.0,9.42,9.7,4,0,0,8,4,1,105.1,428500.0
CLG0009,120.0,8.78,8.58,4,0,5,5,3,1,97.8,403200.0
CLG0011,90.0,6.62,6.7,5,0,2,10,1,0,76.0,0.0
CLG0085,113.0,9.69,9.46,4,1,6,1,1,0,105.9,0.0
CLG0077,123.0,5.38,5.31,3,0,4,8,5,1,65.39999999999999,273900.0
CLG0024,106.0,9.81,9.52,4,1,3,10,1,0,105.79999999999998,0.0
CLG0001,77.0,6.23,6.36,10,0,9,3,3,0,71.3,0.0
CLG0099,86.0,5.05,4.98,5,1,6,4,4,0,58.400000000000006,0.0
CLG0099,119.0,7.17,6.69,2,0,6,10,2,1,78.80000000000001,327100.0
CLG0061,97.0,6.79,6.32,7,1,7,7,3,0,72.9,0.0
CLG0085,101.0,7.7,7.67,5,0,4,9,1,0,86.8,0.0
CLG0069,111.0,8.98,8.66,9,0,3,4,5,1,97.69999999999999,401900.0
CLG0021,110.0,9.21,9.3,6,0,0,4,5,0,104.0,0.0
CLG0004,104.0,7.01,6.92,1,1,3,6,0,0,79.60000000000001,0.0
CLG0097,96.0,7.15,7.3,9,0,10,9,4,0,82.6,0.0
CLG0100,95.0,5.74,6.19,5,1,9,4,3,0,71.4,0.0
CLG0058,112.0,5.24,5.27,9,0,0,10,1,0,63.89999999999999,0.0
CLG0072,108.0,8.21,8.5,1,0,6,8,2,1,95.8,394000.0
CLG0093,96.0,5.32,5.57,2,1,5,3,5,0,65.3,0.0
CLG0007,116.0,8.67,9.09,3,0,6,2,1,0,102.5,0.0
CLG0001,98.0,7.7,7.41,5,0,7,4,1,0,83.89999999999999,0.0
CLG0069,87.0,5.99,6.32,6,0,5,4,3,0,71.9,0.0
CLG0077,88.0,7.7,8.11,5,1,1,7,5,0,89.89999999999999,0.0
CLG0064,85.0,5.91,5.8,1,0,1,7,2,0,66.5,0.0
CLG0090,95.0,7.19,7.0,4,0,8,9,5,0,79.5,0.0
CLG0076,118.0,9.0,9.45,6,1,5,10,0,1,106.3,537000.0
CLG0008,87.0,7.31,7.44,4,0,5,2,5,0,83.10000000000001,0.0
CLG0060,102.0,5.74,5.62,4,1,0,4,5,0,66.4,0.0
CLG0034,90.0,8.62,8.91,5,1,7,3,3,0,98.1,0.0
CLG0086,96.0,5.93,5.73,8,1,10,3,5,0,66.9,0.0
CLG0009,77.0,8.69,8.37,5,0,7,7,4,0,91.39999999999999,0.0
CLG0073,96.0,7.4,7.44,7,1,3,10,2,0,84.0,0.0
CLG0045,97.0,7.27,7.34,8,0,6,6,0,0,83.10000000000001,0.0
CLG0082,108.0,9.26,9.59,6,1,8,3,0,0,106.7,0.0
CLG0017,103.0,8.54,8.5,6,1,10,8,2,1,95.3,491500.0
CLG0007,82.0,5.16,5.47,2,1,0,8,4,0,62.89999999999999,0.0
CLG0051,116.0,6.48,6.29,10,0,4,7,1,0,74.5,0.0
CLG0098,103.0,9.35,9.43,5,1,7,9,3,1,104.6,528700.0
CLG0016,102.0,5.09,4.8,1,1,6,3,4,0,58.2,0.0
CLG0057,99.0,7.73,7.62,9,1,9,5,5,0,86.10000000000001,0.0
CLG0092,92.0,8.64,9.0,7,1,3,6,0,0,99.2,0.0
CLG0025,103.0,8.11,7.83,2,0,2,9,5,0,88.6,0.0
CLG0022,107.0,8.8,9.11,6,0,0,4,4,0,101.8,0.0
CLG0055,73.0,8.63,8.41,10,1,2,5,1,0,91.39999999999999,0.0
CLG0034,91.0,8.46,7.99,9,1,1,9,5,0,89.0,0.0
CLG0015,96.0,9.11,8.72,5,0,4,4,4,0,96.8,0.0
CLG0016,103.0,8.23,8.48,3,1,0,2,4,0,95.10000000000001,0.0
CLG0016,117.0,7.01,6.77,10,0,3,9,5,1,79.39999999999999,329300.0
CLG0038,88.0,7.36,7.51,4,1,7,3,0,0,83.89999999999999,0.0
CLG0086,92.0,8.58,8.78,3,0,8,6,4,0,97.0,0.0
CLG0093,92.0,9.38,9.23,1,1,0,9,5,1,101.50000000000001,515200.0
CLG0032,87.0,6.36,6.33,10,0,2,3,3,0,72.0,0.0
CLG0043,94.0,6.71,6.61,7,1,5,8,2,0,75.50000000000001,0.0
CLG0088,111.0,9.65,10.1,8,1,4,9,5,1,112.1,559500.0
CLG0050,84.0,7.89,7.71,2,0,0,3,0,0,85.5,0.0
CLG0087,106.0,5.89,5.57,8,1,1,3,2,0,66.3,0.0
CLG0057,74.0,8.32,8.19,9,1,1,4,4,0,89.3,0.0
CLG0038,91.0,9.95,10.12,7,1,6,1,1,0,110.29999999999998,0.0
CLG0023,95.0,9.12,9.32,1,0,5,2,5,0,102.7,0.0
CLG0089,125.0,8.73,9.15,4,1,5,1,5,1,104.0,528500.0
CLG0090,95.0,6.04,6.42,7,1,0,3,0,0,73.7,0.0
CLG0036,66.0,9.38,9.17,6,0,0,6,4,0,98.3,0.0
CLG0050,70.0,7.63,7.59,8,0,3,8,4,0,82.9,0.0
CLG0098,100.0,9.45,9.7,6,0,9,5,1,0,107.0,0.0
CLG0013,109.0,6.65,7.07,10,0,5,8,4,0,81.60000000000001,0.0
CLG0097,105.0,5.31,5.15,6,0,10,6,3,0,62.0,0.0
CLG0004,102.0,7.38,7.32,10,1,5,1,1,0,83.4,0.0
CLG0036,117.0,6.35,6.75,6,0,4,3,0,0,79.2,0.0
CLG0063,91.0,8.58,8.44,7,1,3,2,0,0,93.49999999999999,0.0
CLG0084,113.0,9.79,9.77,5,1,1,6,2,1,108.99999999999999,547300.0
CLG0093,75.0,8.45,8.85,9,1,6,8,3,1,96.0,491500.0
CLG0079,86.0,9.43,9.73,7,0,5,6,5,0,105.9,0.0
CLG0054,72.0,7.27,7.01,1,0,6,4,3,0,77.3,0.0
CLG0079,95.0,8.86,8.68,9,0,2,4,0,0,96.3,0.0
CLG0077,99.0,9.22,9.07,6,0,0,9,4,1,100.60000000000001,412300.0
CLG0060,101.0,8.55,8.96,8,0,0,1,5,0,99.7,0.0
CLG0014,100.0,7.54,8.04,9,0,3,2,3,0,90.39999999999999,0.0
CLG0060,86.0,8.13,8.4,2,0,3,4,3,0,92.6,0.0
CLG0060,97.0,8.5,8.48,2,0,6,3,4,0,94.50000000000001,0.0
CLG0022,77.0,6.27,5.78,5,1,6,9,1,0,65.5,0.0
CLG0065,120.0,9.05,9.25,5,0,3,5,4,1,104.5,430000.0
CLG0065,95.0,9.75,9.64,10,1,6,8,2,1,105.9,533100.0
CLG0031,92.0,7.33,7.46,10,0,7,4,2,0,83.8,0.0
CLG0097,123.0,8.51,8.62,2,0,8,4,5,1,98.49999999999999,406299.99999999994
CLG0065,81.0,8.69,8.67,10,1,5,10,0,0,94.8,0.0
CLG0088,83.0,8.31,8.75,4,1,3,3,1,0,95.8,0.0
CLG0022,83.0,7.74,7.26,9,0,9,9,3,0,80.89999999999999,0.0
CLG0087,98.0,9.41,9.62,4,0,1,10,5,1,105.99999999999999,433799.99999999994
CLG0066,106.0,7.24,7.15,1,1,8,2,0,0,82.1,0.0
CLG0086,111.0,5.31,5.52,5,1,6,3,0,0,66.3,0.0
CLG0073,138.0,9.22,9.4,2,1,5,3,5,1,107.8,545000.0
CLG0004,66.0,8.37,7.88,6,0,3,3,5,0,85.39999999999999,0.0
CLG0089,109.0,9.25,9.04,1,0,3,4,3,0,101.3,0.0
CLG0079,91.0,5.69,5.38,7,1,1,5,3,0,62.9,0.0
CLG0088,91.0,5.15,4.82,7,0,0,6,4,0,57.300000000000004,0.0
CLG0007,90.0,9.67,9.9,4,0,4,5,2,0,108.0,0.0
CLG0072,86.0,5.74,5.48,9,1,5,9,3,0,63.400000000000006,0.0
CLG0027,125.0,9.05,9.02,3,1,9,7,4,1,102.69999999999999,523300.0
CLG0091,112.0,9.12,8.87,5,0,8,7,2,1,99.89999999999999,410799.99999999994
CLG0045,100.0,8.54,8.62,5,0,0,7,1,0,96.19999999999999,0.0
CLG0099,120.0,5.66,5.88,8,1,4,7,1,0,70.8,0.0
CLG0061,77.0,8.34,8.17,10,0,10,2,1,0,89.4,0.0
CLG0094,80.0,9.45,9.55,10,0,4,8,3,1,103.5,422000.0
CLG0039,67.0,7.13,7.45,4,1,8,10,2,0,81.2,0.0
CLG0093,89.0,7.07,6.66,1,1,10,1,5,0,75.5,0.0
CLG0005,102.0,7.21,7.42,5,1,10,6,2,0,84.4,0.0
CLG0082,101.0,5.41,5.23,1,0,3,3,1,0,62.400000000000006,0.0
CLG0079,102.0,9.46,9.08,3,1,2,6,0,0,101.0,0.0
CLG0090,78.0,9.35,9.4,6,1,2,6,2,0,101.8,0.0
CLG0055,112.0,9.99,9.72,1,1,5,8,2,1,108.4,544800.0
CLG0002,103.0,7.93,8.25,10,0,10,4,4,0,92.8,0.0
CLG0095,110.0,8.76,8.3,3,1,0,3,1,0,94.0,0.0
CLG0025,71.0,6.01,5.61,7,0,0,2,0,0,63.2,0.0
CLG0089,104.0,8.34,8.36,2,1,0,6,4,0,94.0,0.0
CLG0032,82.0,8.25,8.34,6,0,6,3,0,0,91.60000000000001,0.0
CLG0058,94.0,9.51,9.74,7,0,4,4,5,0,106.80000000000001,0.0
CLG0022,108.0,9.15,8.91,2,1,10,9,0,0,99.89999999999999,0.0
CLG0052,101.0,9.69,10.03,5,1,8,7,5,0,110.39999999999999,0.0
CLG0074,87.0,9.34,9.79,10,1,10,1,0,0,106.6,0.0
CLG0061,100.0,9.34,9.34,10,1,2,4,3,0,103.4,0.0
CLG0100,77.0,5.32,5.58,1,0,5,8,2,0,63.5,0.0
CLG0076,117.0,9.23,9.25,3,1,6,10,2,1,104.2,528500.0
CLG0021,96.0,8.04,7.61,1,0,2,4,4,0,85.7,0.0
CLG0062,116.0,6.9,6.73,3,1,8,1,5,0,78.9,0.0
CLG0015,92.0,5.28,4.87,4,1,1,10,0,0,57.900000000000006,0.0
CLG0011,92.0,8.39,8.88,5,1,6,2,0,0,98.00000000000001,0.0
CLG0046,88.0,6.64,6.37,4,1,9,5,2,0,72.5,0.0
CLG0071,113.0,7.34,7.48,4,1,3,6,5,0,86.10000000000001,0.0
CLG0088,89.0,8.41,8.19,9,0,8,1,0,0,90.8,0.0
CLG0030,109.0,9.56,9.71,9,1,6,5,0,0,108.00000000000001,0.0
CLG0014,94.0,9.13,8.84,9,0,7,8,0,0,97.80000000000001,0.0
CLG0040,70.0,7.25,7.54,5,0,10,8,1,0,82.4,0.0
CLG0070,91.0,6.94,6.55,5,0,9,2,1,0,74.6,0.0
CLG0050,82.0,6.2,6.6,2,0,2,9,1,0,74.2,0.0
CLG0046,100.0,6.86,7.2,6,0,5,2,5,0,82.0,0.0
CLG0072,82.0,5.56,5.74,2,1,3,4,5,0,65.60000000000001,0.0
CLG0036,113.0,9.86,9.43,10,1,3,10,4,1,105.6,533700.0
CLG0056,98.0,7.87,7.58,5,0,1,4,0,0,85.6,0.0
CLG0012,97.0,5.64,6.0,5,1,10,4,1,0,69.7,0.0
CLG0069,109.0,6.76,6.38,4,0,9,7,1,0,74.7,0.0
CLG0077,114.0,7.74,7.4,5,1,8,8,3,1,85.4,453000.0
CLG0019,99.0,7.66,7.7,7,0,10,8,4,0,86.9,0.0
CLG0022,88.0,5.18,4.95,10,0,0,4,1,0,58.3,0.0
CLG0012,73.0,9.75,9.47,2,0,0,4,1,0,102.0,0.0
CLG0032,89.0,6.38,6.46,1,0,6,6,1,0,73.5,0.0
CLG0038,90.0,5.08,4.95,4,1,9,9,3,0,58.5,0.0
CLG0061,101.0,5.38,5.02,7,1,6,5,3,0,60.3,0.0
CLG0038,94.0,7.9,7.93,1,0,3,2,4,0,88.7,0.0
CLG0081,110.0,5.69,5.58,4,0,7,9,0,0,66.8,0.0
CLG0090,90.0,5.21,5.44,6,0,4,9,0,0,63.400000000000006,0.0
CLG0080,99.0,6.9,6.5,6,0,5,1,5,0,74.9,0.0
CLG0012,117.0,8.11,8.23,1,1,3,9,4,1,94.00000000000001,487700.0
CLG0046,105.0,5.56,5.5,7,0,2,7,5,0,65.5,0.0
CLG0080,99.0,6.57,6.48,5,0,1,1,0,0,74.70000000000002,0.0
CLG0069,90.0,7.09,6.82,6,1,7,2,2,0,77.2,0.0
CLG0072,90.0,5.8,5.33,1,0,10,2,5,0,62.3,0.0
CLG0071,87.0,7.53,7.88,7,1,4,8,0,0,87.5,0.0
CLG0091,91.0,5.43,5.26,4,0,9,1,3,0,61.699999999999996,0.0
CLG0026,111.0,5.23,5.41,3,0,5,3,3,0,65.2,0.0
CLG0077,96.0,7.6,8.05,4,0,5,1,1,0,90.1,0.0
CLG0099,79.0,6.24,6.3,9,1,3,5,3,0,70.9,0.0
CLG0046,126.0,5.48,5.38,5,1,8,4,2,0,66.39999999999999,0.0
CLG0017,104.0,7.12,6.89,5,0,6,3,2,0,79.3,0.0
CLG0007,78.0,9.58,10.01,8,0,9,8,2,1,107.89999999999999,439400.0
CLG0073,93.0,8.62,8.8,7,1,7,7,1,0,97.3,0.0
CLG0074,101.0,9.08,9.25,3,1,6,4,0,0,102.6,0.0
CLG0064,125.0,9.36,9.29,1,0,3,1,1,0,105.39999999999999,0.0
CLG0042,83.0,9.86,10.21,2,1,8,7,3,0,110.4,0.0
CLG0053,114.0,8.82,9.03,3,1,1,3,2,1,101.7,518200.0
CLG0014,120.0,8.04,7.82,1,0,4,5,1,0,90.2,0.0
CLG0037,90.0,6.83,6.93,1,0,1,8,5,0,78.3,0.0
CLG0013,95.0,5.91,5.84,8,1,7,9,1,0,67.9,0.0
CLG0072,84.0,8.43,7.94,8,0,8,10,2,0,87.80000000000001,0.0
CLG0052,96.0,9.97,10.28,2,1,2,10,4,1,112.39999999999999,559200.0
CLG0074,99.0,7.34,6.96,8,1,4,7,2,0,79.5,0.0
CLG0033,109.0,8.62,8.63,2,0,8,6,4,0,97.20000000000002,0.0
CLG0020,116.0,7.48,7.32,5,0,5,5,2,0,84.8,0.0
CLG0068,88.0,7.16,7.0,1,0,2,5,0,0,78.8,0.0
CLG0001,70.0,7.05,7.03,9,1,5,4,4,0,77.3,0.0
CLG0083,99.0,7.52,8.02,4,1,8,7,4,0,90.1,0.0
CLG0088,104.0,6.83,6.74,10,1,10,1,5,0,77.80000000000001,0.0
CLG0061,103.0,8.74,8.42,2,1,10,3,1,0,94.5,0.0
CLG0054,95.0,9.37,9.48,1,0,9,6,4,0,104.30000000000001,0.0
CLG0075,101.0,9.41,9.15,6,0,6,10,3,1,101.6,416500.0
CLG0086,122.0,6.14,5.75,8,0,3,1,1,0,69.7,0.0
CLG0037,105.0,9.48,9.03,4,0,3,7,1,0,100.8,0.0
CLG0067,94.0,6.71,6.23,1,0,0,2,5,0,71.7,0.0
CLG0081,92.0,6.55,6.48,1,1,2,7,0,0,74.00000000000001,0.0
CLG0040,97.0,8.63,8.56,6,1,8,4,1,0,95.30000000000001,0.0
CLG0020,124.0,6.52,6.21,2,0,0,9,1,0,74.5,0.0
CLG0035,97.0,5.26,5.54,5,0,1,5,3,0,65.1,0.0
CLG0040,99.0,6.87,6.5,2,0,1,1,1,0,74.9,0.0
CLG0079,92.0,8.61,9.03,9,0,7,4,4,0,99.5,0.0
CLG0075,116.0,6.63,6.72,2,1,5,4,5,0,78.8,0.0
CLG0013,129.0,8.15,7.68,5,1,6,4,5,0,89.7,0.0
CLG0090,106.0,8.3,8.76,4,0,10,3,0,0,98.19999999999999,0.0
CLG0023,101.0,8.67,8.48,1,0,3,3,5,0,94.9,0.0
CLG0013,100.0,9.49,9.44,10,0,10,10,5,1,104.39999999999999,427600.0
CLG0048,64.0,7.16,6.94,9,0,3,5,3,0,75.80000000000001,0.0
CLG0050,111.0,5.83,6.06,3,1,3,5,5,0,71.69999999999999,0.0
CLG0080,102.0,6.59,6.58,10,1,5,2,2,0,76.0,0.0
CLG0078,106.0,7.16,6.79,8,0,3,10,2,0,78.5,0.0
CLG0052,89.0,8.57,8.17,4,0,0,10,2,1,90.60000000000001,371300.0
CLG0098,94.0,5.07,5.3,9,1,0,9,3,0,62.4,0.0
CLG0093,93.0,6.58,6.32,5,1,7,3,2,0,72.5,0.0
CLG0092,115.0,8.9,8.54,2,1,1,4,4,1,96.89999999999999,499099.99999999994
CLG0027,94.0,8.35,8.35,8,0,8,2,2,0,92.9,0.0
CLG0038,131.0,8.66,8.96,4,0,9,8,2,1,102.7,423900.00000000006
CLG0077,106.0,9.06,8.84,2,0,7,7,0,0,99.0,0.0
CLG0067,80.0,8.92,8.7,6,1,0,3,2,0,95.0,0.0
CLG0069,98.0,8.41,8.74,1,0,9,5,2,0,97.2,0.0
CLG0059,90.0,7.2,6.85,8,1,10,1,1,0,77.5,0.0
CLG0080,67.0,9.92,10.04,9,1,7,6,4,0,107.1,0.0
CLG0031,123.0,7.85,8.31,7,0,8,10,3,1,95.4,393900.0
CLG0086,110.0,6.01,6.35,9,1,3,6,0,0,74.5,0.0
CLG0003,107.0,6.46,6.02,2,1,6,5,3,0,70.89999999999999,0.0
CLG0069,102.0,8.47,8.29,1,0,3,9,2,1,93.1,382599.99999999994
CLG0067,79.0,9.62,9.26,7,1,2,4,1,0,100.5,0.0
CLG0079,92.0,5.89,6.34,4,0,10,2,2,0,72.6,0.0
CLG0098,112.0,5.41,5.9,10,1,0,7,2,0,70.2,0.0
CLG0015,84.0,9.41,9.14,8,0,1,5,5,0,99.80000000000001,0.0
CLG0027,62.0,9.58,9.75,3,0,6,7,5,0,103.7,0.0
CLG0077,96.0,6.38,6.72,7,1,5,7,0,0,76.8,0.0
CLG0098,97.0,6.89,6.62,7,0,7,7,0,0,75.9,0.0
CLG0018,102.0,8.3,7.99,10,1,10,3,3,0,90.10000000000001,0.0
CLG0010,110.0,6.65,6.16,9,0,2,5,2,0,72.6,0.0
CLG0032,109.0,9.39,9.3,4,0,5,1,5,0,103.9,0.0
CLG0068,103.0,5.54,5.94,10,0,5,6,3,0,69.7,0.0
CLG0066,117.0,5.19,5.59,1,1,1,4,2,0,67.6,0.0
CLG0030,77.0,6.04,5.67,7,1,0,2,0,0,64.4,0.0
CLG0052,107.0,6.43,6.13,10,1,1,3,1,0,72.0,0.0
CLG0095,109.0,5.56,5.47,6,0,8,3,5,0,65.6,0.0
CLG0057,81.0,5.33,5.61,1,0,5,1,5,0,64.2,0.0
CLG0046,77.0,8.78,8.89,9,1,2,7,3,0,96.60000000000001,0.0
CLG0003,88.0,5.82,5.83,10,1,9,10,3,0,67.1,0.0
CLG0063,90.0,9.57,9.66,8,1,6,3,4,0,105.6,0.0
CLG0044,111.0,6.84,6.44,10,1,0,7,5,0,75.5,0.0
CLG0069,90.0,8.35,8.33,4,0,7,10,4,1,92.3,378200.0
CLG0098,87.0,6.13,6.62,5,1,9,10,1,0,74.9,0.0
CLG0078,90.0,6.2,5.79,8,0,6,9,5,0,66.9,0.0
CLG0055,116.0,7.87,7.89,2,1,2,6,4,0,90.49999999999999,0.0
CLG0058,100.0,7.8,7.6,6,0,3,8,1,0,86.0,0.0
CLG0062,97.0,8.84,8.88,10,1,10,1,2,0,98.50000000000001,0.0
CLG0007,98.0,8.79,8.86,2,0,6,8,4,1,98.39999999999999,403400.0
CLG0079,119.0,8.35,8.43,8,0,3,8,4,1,96.2,396700.0
CLG0019,88.0,7.25,7.6,5,0,4,3,3,0,84.8,0.0
CLG0019,119.0,9.45,9.34,10,0,0,6,1,0,105.30000000000001,0.0
CLG0081,103.0,8.11,8.13,3,1,4,6,3,0,91.60000000000001,0.0
CLG0048,97.0,9.95,9.46,2,1,9,7,4,0,104.30000000000001,0.0
CLG0077,137.0,9.1,9.39,4,0,9,3,5,1,107.60000000000001,444100.0
CLG0057,84.0,5.22,4.98,8,0,3,10,2,0,58.2,0.0
CLG0021,94.0,6.6,6.92,1,1,2,1,0,0,78.60000000000001,0.0
CLG0001,81.0,7.86,7.63,10,0,8,9,1,0,84.39999999999999,0.0
CLG0082,114.0,8.61,8.12,3,0,0,6,1,0,92.6,0.0
CLG0024,125.0,7.75,7.4,1,1,9,5,2,0,86.5,0.0
CLG0030,125.0,8.93,9.42,2,1,4,2,2,1,106.7,539300.0
CLG0062,118.0,6.41,6.23,10,1,9,4,1,0,74.10000000000001,0.0
CLG0071,97.0,5.92,5.53,7,1,1,5,1,0,65.0,0.0
CLG0027,94.0,5.27,4.89,1,0,4,10,2,0,58.3,0.0
CLG0052,74.0,7.87,7.68,9,1,4,4,5,0,84.2,0.0
CLG0027,130.0,8.44,7.98,8,0,9,10,2,1,92.80000000000001,384200.0
CLG0067,107.0,6.63,6.64,1,0,10,4,2,0,77.1,0.0
CLG0080,92.0,8.07,7.78,10,0,0,6,4,0,87.0,0.0
CLG0004,119.0,5.26,5.28,1,0,3,4,5,0,64.7,0.0
CLG0045,85.0,5.5,5.14,2,0,6,9,1,0,59.9,0.0
CLG0057,106.0,8.51,8.44,2,0,0,2,1,0,94.99999999999999,0.0
CLG0001,97.0,6.84,6.94,6,1,9,5,2,0,79.10000000000001,0.0
CLG0097,109.0,8.36,7.92,1,1,1,3,3,0,90.10000000000001,0.0
CLG0044,99.0,9.16,9.06,4,0,3,8,0,0,100.50000000000001,0.0
CLG0090,78.0,9.26,9.06,7,1,9,3,1,0,98.4,0.0
CLG0067,101.0,5.86,5.6,9,1,1,8,4,0,66.1,0.0
CLG0004,115.0,7.43,7.53,10,0,1,8,0,0,86.8,0.0
CLG0033,99.0,8.67,8.76,3,1,0,2,3,0,97.5,0.0
CLG0050,111.0,8.87,9.0,4,0,1,10,5,1,101.1,415500.0
CLG0005,84.0,8.92,8.58,5,1,2,7,4,0,94.2,0.0
CLG0093,99.0,6.14,5.93,5,0,3,6,2,0,69.2,0.0
CLG0052,90.0,5.96,5.67,2,0,0,1,3,0,65.7,0.0
CLG0011,111.0,7.95,7.99,5,0,0,2,2,0,91.0,0.0
CLG0003,100.0,8.71,8.67,10,0,6,4,4,0,96.7,0.0
CLG0018,110.0,6.6,6.43,1,1,4,2,4,0,75.3,0.0
CLG0030,116.0,5.52,5.81,7,1,6,5,2,0,69.69999999999999,0.0
CLG0081,110.0,8.58,8.17,5,1,9,3,0,0,92.7,0.0
CLG0046,104.0,6.5,6.97,6,0,8,6,1,0,80.10000000000001,0.0
CLG0094,85.0,5.83,5.45,9,0,0,9,1,0,63.0,0.0
CLG0094,99.0,5.74,6.01,3,0,7,10,5,0,70.0,0.0
CLG0097,92.0,6.57,6.44,1,0,9,7,4,0,73.60000000000001,0.0
CLG0017,94.0,7.96,8.33,8,1,3,5,3,0,92.7,0.0
CLG0039,94.0,6.79,6.36,2,1,8,1,2,0,73.0,0.0
CLG0080,85.0,5.1,4.97,2,0,1,1,3,0,58.199999999999996,0.0
CLG0033,70.0,5.48,5.32,10,0,8,1,2,0,60.2,0.0
CLG0066,89.0,6.45,6.94,4,1,7,3,3,0,78.30000000000001,0.0
CLG0066,102.0,8.3,8.79,5,1,5,7,5,0,98.1,0.0
CLG0088,79.0,5.49,5.18,1,0,4,9,2,0,59.699999999999996,0.0
CLG0005,100.0,7.8,7.93,3,0,2,6,4,0,89.3,0.0
CLG0036,128.0,5.6,5.64,8,0,0,7,0,0,69.2,0.0
CLG0003,115.0,6.06,5.71,6,0,5,3,1,0,68.6,0.0
CLG0032,124.0,5.86,5.53,3,1,9,8,3,1,67.7,383200.0
CLG0014,105.0,5.34,5.83,7,0,4,10,5,0,68.8,0.0
CLG0038,117.0,8.36,8.31,6,1,7,6,1,0,94.80000000000001,0.0
CLG0005,89.0,7.32,6.95,5,0,0,3,3,0,78.4,0.0
CLG0046,90.0,9.16,8.87,8,0,9,2,4,0,97.69999999999999,0.0
CLG0090,58.0,5.49,5.26,8,0,0,9,5,0,58.39999999999999,0.0
CLG0056,117.0,5.72,5.73,3,1,6,7,4,0,69.0,0.0
CLG0081,123.0,6.53,6.37,8,0,7,10,3,1,76.0,316300.0
CLG0060,91.0,8.83,8.79,10,1,9,10,3,1,96.99999999999999,497099.99999999994
CLG0083,96.0,6.53,6.2,9,1,0,9,3,0,71.6,0.0
CLG0075,88.0,7.04,6.87,10,1,8,4,5,0,77.5,0.0
CLG0007,105.0,6.51,6.08,3,0,6,4,4,0,71.3,0.0
CLG0013,116.0,5.4,5.79,8,1,6,6,0,0,69.5,0.0
CLG0025,73.0,9.7,9.4,8,1,7,2,0,0,101.3,0.0
CLG0012,106.0,7.74,8.0,7,1,7,10,3,0,90.6,0.0
CLG0031,95.0,8.94,8.79,8,1,0,1,2,0,97.39999999999999,0.0
CLG0092,101.0,8.29,8.26,1,0,3,10,0,0,92.69999999999999,0.0
CLG0015,106.0,7.57,7.36,3,0,10,3,4,0,84.2,0.0
CLG0097,97.0,5.45,5.65,6,0,8,5,4,0,66.2,0.0
CLG0011,98.0,8.21,8.55,7,0,2,2,5,0,95.3,0.0
CLG0032,96.0,5.78,5.57,7,0,5,9,4,0,65.3,0.0
CLG0080,114.0,7.07,6.81,6,0,3,1,1,0,79.5,0.0
CLG0009,106.0,8.15,8.33,4,0,0,3,1,0,93.89999999999999,0.0
CLG0052,103.0,8.91,8.61,5,1,2,5,4,0,96.39999999999999,0.0
CLG0041,80.0,8.43,8.57,9,0,2,1,0,0,93.7,0.0
CLG0012,94.0,8.36,7.95,1,1,2,4,1,0,88.9,0.0
CLG0083,113.0,5.75,5.87,2,0,10,10,2,1,70.0,291300.0
CLG0078,100.0,6.73,6.74,5,0,5,1,3,0,77.4,0.0
CLG0012,109.0,5.21,4.82,5,1,8,7,1,0,59.1,0.0
CLG0064,126.0,8.6,8.75,7,1,6,1,1,0,100.1,0.0
CLG0088,115.0,9.76,9.71,8,0,6,3,0,0,108.60000000000001,0.0
CLG0073,101.0,6.32,6.04,10,0,0,4,0,0,70.5,0.0
CLG0085,92.0,5.44,5.29,6,0,8,4,2,0,62.099999999999994,0.0
CLG0012,61.0,7.38,7.37,6,1,3,7,5,0,79.8,0.0
CLG0037,97.0,9.28,8.87,5,1,7,5,2,0,98.39999999999999,0.0
CLG0005,95.0,7.76,8.22,5,0,0,8,5,1,91.7,376300.0
CLG0009,105.0,5.23,5.4,8,0,7,3,2,0,64.5,0.0
CLG0057,97.0,9.87,9.47,5,0,8,8,2,1,104.4,427300.0
CLG0020,95.0,9.14,9.46,6,0,4,9,1,0,104.10000000000001,0.0
CLG0070,73.0,5.66,5.48,3,0,6,9,2,0,62.1,0.0
CLG0013,85.0,9.61,9.71,5,1,10,9,5,1,105.60000000000001,530900.0
CLG0080,107.0,7.25,7.03,9,1,9,1,2,0,81.0,0.0
CLG0084,125.0,6.86,7.09,3,0,1,9,4,1,83.4,346100.0
CLG0005,98.0,7.31,7.53,8,0,0,8,1,0,85.1,0.0
CLG0043,104.0,9.17,9.22,7,1,10,2,1,0,102.60000000000001,0.0
CLG0081,114.0,8.3,8.04,4,1,5,3,1,0,91.8,0.0
CLG0054,87.0,5.3,5.05,5,0,8,7,3,0,59.2,0.0
CLG0062,105.0,9.79,9.67,8,1,0,3,2,0,107.2,0.0
CLG0010,88.0,5.74,5.39,10,0,9,2,5,0,62.7,0.0
CLG0030,112.0,8.73,8.57,7,0,0,4,2,1,96.9,398800.0
CLG0007,102.0,8.18,8.36,10,0,3,9,2,1,93.8,385400.0
CLG0057,104.0,5.94,6.27,10,0,9,2,0,0,73.1,0.0
CLG0011,88.0,5.85,5.68,2,0,5,1,0,0,65.6,0.0
CLG0072,110.0,9.35,9.08,8,1,8,10,0,0,101.8,0.0
CLG0051,131.0,7.1,7.43,8,0,1,7,3,0,87.39999999999999,0.0
CLG0064,84.0,8.27,8.66,9,0,4,1,2,0,95.0,0.0
CLG0031,94.0,7.52,7.43,2,0,6,6,1,0,83.7,0.0
CLG0001,103.0,8.64,8.17,4,0,3,5,1,0,92.0,0.0
CLG0089,111.0,7.4,7.59,2,0,5,8,4,1,87.0,359100.0
CLG0058,91.0,6.44,6.72,4,1,5,3,5,0,76.3,0.0
CLG0092,57.5,6.82,6.34,3,0,3,3,0,0,69.15,0.0
CLG0087,120.0,9.3,9.4,7,0,3,1,3,1,106.0,436000.0
CLG0051,111.0,7.34,7.43,5,0,8,4,4,0,85.39999999999999,0.0
CLG0093,73.0,6.07,5.95,7,1,10,10,3,0,66.8,0.0
CLG0022,90.0,9.67,9.92,2,0,0,10,1,0,108.2,0.0
CLG0074,123.0,8.98,8.91,4,0,4,6,5,1,101.39999999999999,417900.0
CLG0046,121.0,5.28,5.46,6,1,10,5,2,0,66.7,0.0
CLG0017,114.0,9.99,10.01,5,1,8,7,1,0,111.5,0.0
CLG0013,97.0,8.47,8.22,2,0,8,10,1,0,91.9,0.0
CLG0080,101.0,5.8,5.91,7,0,8,1,0,0,69.2,0.0
CLG0076,98.0,6.19,6.43,2,0,1,3,1,0,74.1,0.0
CLG0079,116.0,8.46,8.93,9,1,6,4,3,1,100.89999999999999,515200.0
CLG0039,86.0,8.9,8.78,7,0,9,6,2,0,96.39999999999999,0.0
CLG0019,87.0,6.2,5.76,3,0,7,4,0,0,66.3,0.0
CLG0085,115.0,6.28,6.77,6,1,0,7,4,0,79.19999999999999,0.0
CLG0061,99.0,6.54,6.66,5,0,1,10,1,0,76.5,0.0
CLG0096,120.0,7.99,8.44,9,0,0,10,0,1,96.39999999999999,397600.0
CLG0005,89.0,5.86,5.46,3,0,8,3,0,0,63.5,0.0
CLG0057,99.0,5.52,5.36,2,0,9,8,0,0,63.5,0.0
CLG0047,86.0,8.39,8.02,2,1,10,7,3,0,88.79999999999998,0.0
CLG0079,100.0,8.9,9.24,4,1,4,3,4,0,102.4,0.0
CLG0032,77.0,7.5,7.88,1,1,3,9,0,0,86.5,0.0
CLG0001,92.0,6.82,6.82,9,1,7,10,3,0,77.4,0.0
CLG0079,78.0,7.16,6.85,3,0,2,5,4,0,76.3,0.0
CLG0035,110.0,6.94,6.57,5,1,7,2,2,0,76.7,0.0
CLG0084,110.0,9.8,9.89,2,0,2,9,3,1,109.9,450600.0
CLG0031,74.0,8.84,8.85,8,0,5,8,0,0,95.9,0.0
CLG0020,120.0,6.04,6.23,3,0,3,8,1,0,74.30000000000001,0.0
CLG0047,137.0,6.92,6.73,5,0,7,1,3,0,81.00000000000001,0.0
CLG0024,100.0,7.72,7.62,7,0,6,4,2,0,86.2,0.0
CLG0040,90.0,8.06,7.58,2,1,4,7,4,0,84.8,0.0
CLG0074,141.5,7.34,7.45,3,0,2,6,2,0,88.65,0.0
CLG0078,80.0,9.05,8.97,8,0,4,9,4,1,97.7,398800.0
CLG0099,100.0,8.84,9.26,10,0,3,8,3,1,102.6,420400.0
CLG0064,102.0,7.53,7.67,8,1,7,9,4,0,86.9,0.0
CLG0093,120.0,9.27,9.17,3,0,10,4,0,0,103.7,0.0
CLG0073,105.0,8.76,8.52,10,0,4,8,5,1,95.69999999999999,393300.0
CLG0010,92.0,8.89,9.3,7,0,9,6,3,0,102.2,0.0
CLG0061,85.0,9.78,9.3,2,1,9,9,1,0,101.5,0.0
CLG0002,94.0,6.33,6.16,9,0,4,10,2,0,71.0,0.0
CLG0023,84.0,6.34,6.78,8,0,1,1,2,0,76.2,0.0
CLG0082,100.0,9.44,9.59,9,0,8,6,3,0,105.9,0.0
CLG0065,91.0,8.86,8.89,9,0,5,10,1,0,98.0,0.0
CLG0058,77.0,9.63,9.33,7,0,10,10,3,1,101.0,411700.0
CLG0011,118.0,5.32,5.65,4,0,0,2,0,0,68.3,0.0
CLG0036,92.0,8.14,7.84,5,0,2,3,5,0,87.60000000000001,0.0
CLG0097,80.0,5.72,5.47,7,0,3,9,5,0,62.699999999999996,0.0
CLG0063,97.0,7.52,7.21,5,0,9,5,0,0,81.8,0.0
CLG0036,101.0,5.78,5.44,10,1,9,5,1,0,64.5,0.0
CLG0057,73.0,5.64,6.09,8,0,1,1,3,0,68.2,0.0
CLG0088,104.0,5.06,5.16,5,0,10,10,1,0,62.0,0.0
CLG0089,84.0,8.15,8.29,5,1,9,2,1,0,91.3,0.0
CLG0023,125.0,6.8,7.25,5,0,3,9,0,0,85.0,0.0
CLG0054,107.0,5.53,5.26,4,1,1,7,0,0,63.3,0.0
CLG0063,94.0,6.61,6.12,7,1,5,4,1,0,70.60000000000001,0.0
CLG0086,88.0,5.84,5.94,2,0,9,7,1,0,68.2,0.0
CLG0033,98.0,9.71,9.72,10,0,8,10,4,1,107.0,437800.0
CLG0047,109.0,6.6,6.58,4,1,0,2,0,0,76.7,0.0
CLG0019,99.0,6.67,6.23,3,1,4,5,1,0,72.2,0.0
CLG0034,96.0,9.2,9.15,10,1,8,9,4,1,101.1,514000.0
CLG0023,100.0,8.24,8.03,8,1,10,2,5,0,90.3,0.0
CLG0090,90.0,8.55,8.32,7,1,6,3,5,0,92.2,0.0
CLG0086,94.0,8.18,7.9,3,0,10,5,5,0,88.4,0.0
CLG0067,68.0,9.73,9.56,4,1,5,5,1,0,102.4,0.0
CLG0004,114.0,6.04,5.89,4,1,6,8,4,1,70.3,392600.0
CLG0097,104.0,9.95,9.76,10,0,8,7,1,0,108.0,0.0
CLG0075,88.0,9.15,9.63,7,0,2,3,5,0,105.10000000000001,0.0
CLG0084,128.0,7.94,8.37,8,1,7,5,5,1,96.49999999999999,498799.99999999994
CLG0096,101.0,8.31,8.38,4,1,0,8,5,1,93.9,485700.00000000006
CLG0053,84.0,8.24,8.72,8,1,9,5,3,0,95.60000000000001,0.0
CLG0015,112.0,5.29,5.78,1,0,5,2,0,0,69.0,0.0
CLG0089,105.0,6.09,5.95,9,1,8,10,5,0,70.0,0.0
CLG0017,105.0,9.81,9.76,7,0,0,2,1,0,108.1,0.0
CLG0022,93.0,7.67,8.13,4,1,4,1,2,0,90.60000000000001,0.0
CLG0034,106.0,6.89,7.0,8,0,7,6,5,0,80.6,0.0
CLG0033,96.0,8.81,8.52,10,0,9,1,2,0,94.79999999999998,0.0
CLG0025,108.0,7.62,7.81,2,0,10,8,4,0,88.89999999999999,0.0
CLG0014,71.0,5.07,4.78,8,1,5,1,0,0,54.900000000000006,0.0
CLG0050,93.0,8.68,8.52,10,1,5,8,4,1,94.49999999999999,487300.0
CLG0030,125.0,8.66,8.39,6,0,2,6,0,0,96.4,0.0
CLG0086,88.0,5.83,5.57,7,0,7,9,2,0,64.5,0.0
CLG0022,90.0,9.78,9.28,7,0,0,3,5,0,101.8,0.0
CLG0083,93.0,6.12,6.5,2,0,3,7,2,0,74.3,0.0
CLG0004,81.0,7.29,7.09,2,1,7,2,5,0,79.0,0.0
CLG0072,66.0,5.57,5.16,4,0,5,5,4,0,58.2,0.0
CLG0045,96.0,8.02,7.61,6,1,10,1,5,0,85.7,0.0
CLG0074,102.0,6.88,6.94,4,0,8,5,5,0,79.60000000000001,0.0
CLG0028,99.0,6.77,7.26,6,0,0,8,3,0,82.5,0.0
CLG0054,97.0,9.13,8.78,5,1,1,10,2,1,97.5,499700.0
CLG0058,100.0,5.05,4.65,6,0,0,3,0,0,56.5,0.0
CLG0085,115.0,8.99,8.93,9,0,10,6,1,0,100.8,0.0
CLG0065,97.0,7.86,7.92,6,0,3,4,1,0,88.9,0.0
CLG0037,91.0,9.93,9.72,6,0,8,8,1,0,106.3,0.0
CLG0054,95.0,7.95,7.75,8,0,3,2,2,0,87.0,0.0
CLG0098,108.0,5.28,5.2,5,0,8,5,3,0,62.8,0.0
CLG0011,121.0,5.25,5.06,5,0,5,6,2,0,62.699999999999996,0.0
CLG0016,90.0,9.42,9.84,10,0,4,8,0,0,107.4,0.0
CLG0078,101.0,9.21,8.75,1,1,9,2,5,0,97.6,0.0
CLG0065,105.0,6.73,6.46,6,1,3,9,2,0,75.1,0.0
CLG0095,85.0,8.09,8.4,1,0,9,7,2,0,92.5,0.0
CLG0044,100.0,7.45,7.78,8,0,1,10,2,0,87.8,0.0
CLG0043,78.0,9.84,9.45,10,1,7,4,2,0,102.3,0.0
CLG0076,73.0,9.75,10.22,9,0,2,10,0,0,109.5,0.0
CLG0027,105.0,9.92,10.11,6,1,0,2,2,0,111.6,0.0
CLG0081,94.0,9.33,9.1,9,0,10,8,3,1,100.4,411000.0
CLG0080,103.0,9.55,9.51,2,0,9,2,4,0,105.39999999999999,0.0
CLG0001,99.0,6.09,5.89,9,1,6,2,0,0,68.8,0.0
CLG0030,85.0,9.16,8.81,4,1,7,9,3,1,96.60000000000001,494900.0
CLG0064,99.0,8.54,8.33,3,0,6,4,1,0,93.2,0.0
CLG0037,81.0,9.81,9.89,1,0,3,7,1,0,107.0,0.0
CLG0023,120.0,7.86,8.19,1,0,7,10,0,1,93.89999999999999,387600.0
CLG0027,79.0,5.43,5.29,8,0,9,4,4,0,60.8,0.0
CLG0080,97.0,7.99,7.84,2,0,3,5,2,0,88.10000000000001,0.0
CLG0088,84.0,8.43,8.4,1,1,4,1,0,0,92.4,0.0
CLG0028,108.0,6.1,6.24,2,0,7,10,2,0,73.2,0.0
CLG0030,95.0,6.97,7.22,3,0,1,1,2,0,81.7,0.0
CLG0090,92.0,7.99,7.82,4,1,9,10,1,0,87.4,0.0
CLG0088,112.0,6.87,6.96,9,1,7,10,4,1,80.8,434400.0
CLG0095,100.0,6.87,6.76,7,0,4,3,2,0,77.6,0.0
CLG0089,107.0,5.67,5.89,5,0,4,6,0,0,69.6,0.0
CLG0051,85.0,9.7,9.36,5,1,6,1,1,0,102.1,0.0
CLG0002,78.0,8.75,8.51,6,0,3,4,2,0,92.89999999999999,0.0
CLG0071,101.0,5.01,4.94,1,0,2,9,5,0,59.50000000000001,0.0
CLG0087,95.0,8.83,9.22,6,1,5,2,5,0,101.7,0.0
CLG0093,109.0,8.7,8.77,6,1,5,2,5,0,98.6,0.0
CLG0035,98.0,5.05,5.52,5,0,9,2,1,0,65.0,0.0
CLG0094,103.0,6.85,6.45,10,0,5,10,1,0,74.8,0.0
CLG0029,75.0,8.03,7.99,9,1,6,10,0,0,87.4,0.0
CLG0031,128.0,7.26,7.18,10,1,3,7,0,0,84.6,0.0
CLG0042,97.0,8.89,8.99,10,1,2,7,3,0,99.60000000000001,0.0
CLG0066,110.0,7.13,7.44,5,1,2,6,2,0,85.4,0.0
CLG0051,87.0,5.77,6.11,9,1,2,2,5,0,69.8,0.0
CLG0079,104.0,9.88,10.05,10,0,1,5,1,0,110.9,0.0
CLG0016,80.0,6.21,6.35,7,0,5,6,3,0,71.5,0.0
CLG0008,106.0,8.59,9.04,3,0,0,6,0,0,100.99999999999999,0.0
CLG0061,94.0,5.72,5.6,9,1,5,10,4,0,65.4,0.0
CLG0092,100.0,6.65,6.98,10,0,7,6,1,0,79.80000000000001,0.0
CLG0040,110.0,7.21,7.63,7,1,5,6,4,0,87.3,0.0
CLG0081,81.0,5.96,5.95,4,1,1,1,4,0,67.6,0.0
CLG0057,89.0,7.25,7.48,9,0,6,4,5,0,83.70000000000002,0.0
CLG0078,106.0,5.79,5.67,6,1,2,1,1,0,67.3,0.0
CLG0085,131.0,7.8,7.46,9,1,8,3,3,0,87.69999999999999,0.0
CLG0050,97.0,8.32,8.41,4,0,10,2,3,0,93.8,0.0
CLG0027,108.0,5.31,5.01,10,0,7,2,1,0,60.89999999999999,0.0
CLG0085,98.0,9.36,9.32,2,1,5,6,5,0,103.0,0.0
CLG0032,129.0,5.93,6.3,9,1,0,1,2,0,75.9,0.0
CLG0080,73.0,6.13,5.72,10,0,1,4,4,0,64.5,0.0
CLG0028,101.0,8.31,7.84,4,0,7,9,3,0,88.5,0.0
CLG0029,75.0,7.34,7.45,2,0,5,3,1,0,82.0,0.0
CLG0049,62.0,7.5,7.33,7,0,0,8,0,0,79.5,0.0
CLG0036,104.0,5.64,5.56,7,1,8,9,0,0,66.0,0.0
CLG0024,102.0,9.03,8.94,5,1,7,2,1,0,99.6,0.0
CLG0085,95.0,8.09,7.68,5,1,1,5,2,0,86.3,0.0
CLG0039,98.0,5.68,5.18,8,1,9,6,0,0,61.599999999999994,0.0
CLG0050,141.5,6.87,7.27,6,1,4,5,2,0,86.85,0.0
CLG0008,96.0,9.05,8.77,1,0,2,6,1,0,97.29999999999998,0.0
CLG0092,107.0,7.84,7.77,4,1,0,5,1,0,88.39999999999999,0.0
CLG0082,90.0,5.54,6.01,1,1,6,7,4,0,69.1,0.0
CLG0083,104.0,6.86,7.19,5,0,8,5,1,0,82.30000000000001,0.0
CLG0019,96.0,6.21,5.82,5,1,10,5,2,0,67.8,0.0
CLG0038,93.0,7.59,7.6,4,1,6,7,3,0,85.3,0.0
CLG0044,127.0,9.22,9.45,9,0,2,3,0,0,107.2,0.0
CLG0026,117.0,7.18,7.38,8,1,5,10,0,0,85.5,0.0
CLG0070,102.0,7.17,7.43,10,0,2,7,4,0,84.5,0.0
CLG0049,65.0,9.53,9.49,3,0,3,8,3,1,101.4,412100.0
CLG0026,94.0,7.88,7.56,5,0,0,5,2,0,85.0,0.0
CLG0092,140.0,7.83,7.79,6,0,1,4,2,0,91.9,0.0
CLG0032,96.0,6.31,6.46,5,1,0,2,4,0,74.19999999999999,0.0
CLG0034,116.0,8.04,8.15,8,0,9,5,1,0,93.1,0.0
CLG0045,121.0,7.88,7.45,5,1,1,6,3,0,86.6,0.0
CLG0037,103.0,6.98,6.54,8,0,3,9,0,0,75.7,0.0
CLG0089,87.0,9.95,10.42,10,0,5,6,3,0,112.9,0.0
CLG0086,63.0,9.41,9.06,10,0,10,6,4,0,96.9,0.0
CLG0095,110.0,8.75,8.54,3,0,7,6,1,0,96.39999999999999,0.0
CLG0006,87.0,7.69,7.96,5,0,9,8,5,0,88.3,0.0
CLG0031,102.0,7.31,7.22,4,1,8,6,3,0,82.4,0.0
CLG0065,81.0,5.92,5.6,6,0,9,1,1,0,64.1,0.0
CLG0009,96.0,6.53,6.5,3,0,6,1,3,0,74.6,0.0
CLG0076,100.0,8.87,8.94,10,0,3,10,0,0,99.39999999999999,0.0
CLG0021,104.0,7.27,7.22,4,0,6,2,2,0,82.60000000000001,0.0
CLG0067,83.0,9.41,9.83,4,0,0,1,3,0,106.6,0.0
CLG0042,117.0,5.74,5.52,5,0,10,3,2,0,66.89999999999999,0.0
CLG0046,91.0,7.54,7.7,6,0,9,3,2,0,86.1,0.0
CLG0005,74.0,8.23,7.84,2,1,10,4,2,0,85.80000000000001,0.0
CLG0037,98.0,7.58,7.47,10,0,10,6,4,0,84.5,0.0
CLG0077,100.0,9.45,9.69,8,1,5,10,0,0,106.89999999999999,0.0
CLG0029,102.0,9.95,9.67,4,0,0,7,2,0,106.9,0.0
CLG0092,120.0,5.58,5.67,7,0,7,9,0,0,68.7,0.0
CLG0049,96.0,5.65,5.3,7,1,3,8,3,0,62.6,0.0
CLG0025,98.0,5.65,5.25,10,0,7,6,5,0,62.3,0.0
CLG0010,83.0,8.41,8.43,2,1,7,9,0,0,92.6,0.0
CLG0098,112.0,6.86,7.04,7,1,1,4,1,0,81.60000000000001,0.0
CLG0015,102.0,8.67,8.28,1,0,5,6,2,0,93.0,0.0
CLG0030,93.0,7.03,7.45,2,0,9,7,3,0,83.8,0.0
CLG0077,71.0,8.14,7.87,5,0,3,2,2,0,85.8,0.0
CLG0059,121.0,8.85,8.47,8,1,2,1,2,1,96.8,499300.0
CLG0055,81.0,7.74,7.44,7,0,8,10,3,0,82.5,0.0
CLG0055,91.0,7.7,7.37,3,1,9,8,3,0,82.8,0.0
CLG0069,105.0,5.44,5.03,10,1,8,8,4,0,60.800000000000004,0.0
CLG0014,82.0,7.05,7.35,9,0,1,7,4,0,81.7,0.0
CLG0074,77.0,7.73,7.73,5,1,4,9,4,0,85.00000000000001,0.0
CLG0098,68.0,7.31,7.2,3,1,9,9,0,0,78.8,0.0
CLG0095,110.0,9.5,9.95,7,0,9,3,1,0,110.5,0.0
CLG0056,91.0,9.53,9.4,4,0,6,1,1,0,103.1,0.0
CLG0061,141.5,9.11,8.78,1,0,8,9,0,1,101.95,421950.0
CLG0005,85.0,6.88,6.65,5,0,7,1,4,0,75.0,0.0
CLG0006,86.0,8.59,8.33,8,1,9,1,1,0,91.89999999999999,0.0
CLG0013,91.0,6.98,6.98,4,0,3,5,4,0,78.9,0.0
CLG0040,103.0,6.16,5.95,7,0,2,2,3,0,69.8,0.0
CLG0059,92.0,6.71,6.73,8,0,0,2,0,0,76.50000000000001,0.0
CLG0013,109.0,5.35,5.52,9,0,0,5,4,0,66.1,0.0
CLG0046,85.0,6.66,6.94,9,0,8,7,0,0,77.9,0.0
CLG0097,79.0,7.3,7.51,5,0,3,6,2,0,83.0,0.0
CLG0023,73.0,9.78,9.49,6,0,7,5,0,0,102.2,0.0
CLG0021,66.0,6.57,6.19,7,0,3,3,0,0,68.5,0.0
CLG0072,92.0,9.51,9.55,10,0,5,9,4,1,104.7,428000.0
CLG0034,95.0,6.14,5.84,2,1,3,8,0,0,67.9,0.0
CLG0053,90.0,5.95,5.53,9,1,1,3,5,0,64.30000000000001,0.0
CLG0095,118.0,7.59,7.62,1,1,0,7,5,0,88.0,0.0
CLG0031,118.0,8.36,8.19,6,0,7,3,2,1,93.69999999999999,386600.0
CLG0084,94.0,5.22,5.48,6,0,5,6,3,0,64.2,0.0
CLG0099,73.0,6.11,5.92,7,0,0,3,5,0,66.5,0.0
CLG0066,91.0,7.28,7.76,2,1,4,8,1,0,86.69999999999999,0.0
CLG0088,91.0,6.66,6.92,6,1,2,3,3,0,78.3,0.0
CLG0075,90.0,8.56,8.12,6,1,1,5,0,0,90.19999999999999,0.0
CLG0068,89.0,7.56,7.57,9,1,2,3,5,0,84.60000000000001,0.0
CLG0026,90.0,5.8,5.86,8,1,1,8,2,0,67.6,0.0
CLG0014,94.0,9.47,9.67,5,0,9,10,2,1,106.10000000000001,433800.0
CLG0084,90.0,6.46,6.46,7,0,1,9,3,0,73.6,0.0
CLG0100,103.0,8.66,8.64,7,1,0,6,4,0,96.7,0.0
CLG0025,105.0,8.9,8.77,5,1,2,10,1,0,98.19999999999999,0.0
CLG0074,86.0,9.82,9.59,7,0,2,4,0,0,104.5,0.0
CLG0099,119.0,7.49,7.94,3,1,3,10,0,0,91.30000000000001,0.0
CLG0064,85.0,8.08,7.9,7,0,2,4,3,0,87.5,0.0
CLG0069,75.0,6.67,6.23,6,1,7,5,2,0,69.80000000000001,0.0
CLG0068,105.0,8.39,8.06,6,0,3,3,2,0,91.10000000000001,0.0
CLG0020,87.0,7.32,7.68,2,0,9,4,4,0,85.5,0.0
CLG0087,104.0,7.19,7.28,2,0,0,4,1,0,83.2,0.0
CLG0043,63.0,9.28,9.56,7,0,1,1,0,0,101.9,0.0
CLG0005,120.0,5.25,5.56,1,1,6,1,3,0,67.6,0.0
CLG0093,110.0,9.41,9.73,9,0,5,9,4,1,108.30000000000001,444200.0
CLG0093,77.0,9.26,9.31,3,1,8,3,1,0,100.80000000000001,0.0
CLG0032,77.0,7.53,7.21,6,0,5,5,0,0,79.8,0.0
CLG0086,125.0,7.45,7.1,3,1,1,2,1,0,83.5,0.0
CLG0045,88.0,6.81,6.88,9,0,7,1,0,0,77.6,0.0
CLG0043,87.0,9.97,9.84,10,1,8,7,5,0,107.10000000000001,0.0
CLG0071,66.0,5.56,5.62,7,1,4,10,1,0,62.800000000000004,0.0
CLG0097,94.0,7.95,7.95,1,0,5,9,1,0,88.9,0.0
CLG0022,96.0,8.41,8.51,4,0,3,4,5,0,94.69999999999999,0.0
CLG0041,110.0,9.67,9.2,5,1,10,4,3,0,103.0,0.0
CLG0058,79.0,8.9,8.43,7,1,1,3,4,0,92.2,0.0
CLG0059,77.0,8.22,8.44,7,1,4,3,2,0,92.1,0.0
CLG0028,106.0,5.58,5.27,5,1,4,2,1,0,63.3,0.0
CLG0085,115.0,6.87,7.02,1,1,0,3,3,0,81.69999999999999,0.0
CLG0055,76.0,5.69,5.74,5,0,4,5,5,0,65.0,0.0
CLG0051,116.0,9.41,9.89,5,1,0,8,2,1,110.5,553600.0
CLG0036,100.0,8.75,9.09,4,1,2,8,4,1,100.9,513600.0
CLG0068,116.0,8.79,8.7,6,0,10,5,4,1,98.6,406000.0
CLG0043,98.0,8.26,8.38,8,0,8,1,1,0,93.60000000000001,0.0
CLG0006,62.0,7.54,7.16,10,0,3,10,5,0,77.8,0.0
CLG0083,97.0,5.75,5.64,5,1,8,2,5,0,66.1,0.0
CLG0051,115.0,6.65,6.88,8,0,5,8,0,0,80.3,0.0
CLG0053,86.0,5.68,5.8,5,0,0,10,4,0,66.6,0.0
CLG0011,94.0,8.62,8.6,3,0,2,9,3,1,95.4,391000.0
CLG0050,97.0,5.8,5.48,8,0,2,7,1,0,64.5,0.0
CLG0017,57.5,8.51,8.81,4,1,3,9,4,1,93.85000000000001,481150.0
CLG0046,125.0,8.46,8.23,3,1,9,9,1,1,94.80000000000001,491700.0
CLG0082,86.0,7.3,7.62,3,0,3,6,0,0,84.8,0.0
CLG0046,107.0,5.68,5.79,6,0,7,6,4,0,68.6,0.0
CLG0077,98.0,6.57,6.44,8,0,2,7,1,0,74.2,0.0
CLG0041,118.0,6.6,6.14,10,0,10,1,3,0,73.2,0.0
CLG0051,106.0,8.5,8.23,5,0,3,9,4,1,92.9,382200.0
CLG0011,96.0,5.57,5.96,1,0,2,1,0,0,69.2,0.0
CLG0051,86.0,9.15,9.47,1,0,6,8,2,1,103.3,421800.0
CLG0027,111.0,8.81,8.88,3,1,5,10,2,1,99.9,510700.00000000006
CLG0049,71.0,5.93,5.9,6,0,0,2,1,0,66.1,0.0
CLG0016,109.0,8.6,8.75,2,0,9,10,4,1,98.4,404500.0
CLG0050,83.0,8.34,8.31,1,1,0,7,4,0,91.4,0.0
CLG0015,118.0,8.74,8.88,7,1,5,5,0,0,100.60000000000001,0.0
CLG0054,102.0,5.94,5.75,2,0,2,8,2,0,67.7,0.0
CLG0014,109.0,5.79,6.13,8,1,8,10,5,0,72.2,0.0
CLG0079,101.0,6.18,6.38,2,0,1,7,3,0,73.89999999999999,0.0
CLG0082,73.0,6.83,6.66,1,1,2,8,5,0,73.89999999999999,0.0
CLG0076,87.0,8.97,9.3,10,0,8,2,2,0,101.7,0.0
CLG0026,110.0,8.69,8.68,2,0,5,10,4,1,97.8,402200.0
CLG0040,102.0,9.63,9.3,2,0,0,9,3,1,103.2,423000.0
CLG0018,117.0,5.29,4.87,7,0,1,6,3,0,60.400000000000006,0.0
CLG0026,106.0,5.06,5.26,1,0,6,6,0,0,63.199999999999996,0.0
CLG0018,85.0,8.5,8.87,3,0,5,6,5,0,97.19999999999999,0.0
CLG0001,88.0,6.4,6.71,5,0,0,1,1,0,75.89999999999999,0.0
CLG0016,101.0,6.67,6.83,7,0,9,7,1,0,78.39999999999999,0.0
CLG0021,65.0,7.73,7.37,6,0,1,2,0,0,80.2,0.0
CLG0072,125.0,5.51,5.1,8,0,5,2,4,0,63.5,0.0
CLG0066,106.0,8.21,8.06,1,1,5,5,4,0,91.2,0.0
CLG0083,118.0,6.63,6.98,7,0,5,6,1,0,81.60000000000001,0.0
CLG0093,76.0,8.16,8.62,9,0,8,1,2,0,93.79999999999998,0.0
CLG0094,118.0,9.17,8.91,7,0,1,1,0,0,100.89999999999999,0.0
CLG0003,133.0,5.86,6.12,6,1,9,1,2,0,74.5,0.0
CLG0008,80.0,9.65,9.72,9,1,9,7,0,0,105.2,0.0
CLG0099,111.0,7.65,7.18,4,1,10,1,0,0,82.89999999999999,0.0
CLG0018,100.0,9.61,9.65,10,0,8,9,1,0,106.5,0.0
CLG0090,76.0,6.04,6.35,6,1,8,3,1,0,71.1,0.0
CLG0025,107.0,8.02,7.8,6,0,9,10,5,0,88.7,0.0
CLG0072,112.0,7.02,7.42,10,0,8,2,2,0,85.4,0.0
CLG0018,90.0,8.87,8.61,3,0,8,6,4,0,95.1,0.0
CLG0024,117.0,8.03,7.61,7,0,2,2,3,0,87.80000000000001,0.0
CLG0069,74.0,7.47,7.13,1,0,9,5,5,0,78.7,0.0
CLG0026,77.0,9.56,9.9,8,1,8,5,2,0,106.7,0.0
CLG0074,102.0,6.89,6.81,8,1,9,9,0,0,78.3,0.0
CLG0011,100.0,6.1,6.4,8,0,8,4,3,0,74.0,0.0
CLG0004,89.0,8.04,8.07,9,1,2,8,3,1,89.60000000000001,467300.0
CLG0010,112.0,8.12,8.1,4,1,3,7,5,1,92.2,480000.0
CLG0012,107.0,7.2,7.51,6,1,3,7,3,0,85.8,0.0
CLG0074,112.0,7.43,7.35,7,0,3,1,5,0,84.7,0.0
CLG0012,98.0,9.8,10.1,2,0,6,6,3,0,110.8,0.0
CLG0005,109.0,8.66,8.26,6,1,4,6,5,0,93.5,0.0
CLG0091,93.0,5.55,5.69,8,0,6,10,5,0,66.2,0.0
CLG0097,130.0,6.06,6.26,4,0,5,8,3,1,75.6,315400.0
CLG0096,87.0,9.88,10.28,5,0,6,6,2,0,111.5,0.0
CLG0005,131.0,8.63,8.35,8,1,7,8,1,1,96.6,499500.0
CLG0023,100.0,9.58,9.68,3,1,5,6,1,0,106.8,0.0
CLG0056,79.0,6.52,6.45,6,1,8,8,0,0,72.4,0.0
CLG0088,120.0,8.71,8.59,1,0,3,5,4,1,97.9,403600.0
CLG0046,101.0,8.57,8.18,4,1,4,9,2,1,91.89999999999999,477700.0
CLG0002,112.0,6.47,6.1,6,1,8,4,3,0,72.2,0.0
CLG0094,118.0,7.75,8.09,3,1,8,6,1,0,92.7,0.0
CLG0074,105.0,8.14,8.39,1,0,1,2,0,0,94.4,0.0
CLG0001,91.0,7.41,7.29,6,0,1,3,3,0,82.0,0.0
CLG0013,114.0,9.14,9.47,3,0,8,4,0,0,106.10000000000001,0.0
CLG0060,100.0,9.16,8.74,8,0,5,3,3,0,97.4,0.0
CLG0036,110.0,9.25,9.37,7,0,7,7,5,0,104.69999999999999,0.0
CLG0062,67.0,9.02,9.39,7,1,7,9,3,1,100.60000000000001,509100.0
CLG0063,106.0,7.44,7.78,8,0,7,6,1,0,88.39999999999999,0.0
CLG0067,90.0,6.91,6.78,7,0,4,3,1,0,76.8,0.0
CLG0016,124.0,9.16,9.41,5,1,10,9,3,1,106.5,538400.0
CLG0078,109.0,7.45,7.38,10,0,10,1,1,0,84.7,0.0
CLG0040,103.0,6.23,6.57,8,1,9,5,2,0,76.0,0.0
CLG0048,107.0,7.54,7.57,8,0,3,10,3,0,86.4,0.0
CLG0046,85.0,5.71,5.97,8,1,2,10,1,0,68.19999999999999,0.0
CLG0005,124.0,8.46,8.04,10,0,3,5,0,0,92.8,0.0
CLG0025,129.0,6.68,6.77,6,1,7,2,0,0,80.6,0.0
CLG0038,105.0,6.3,6.35,2,1,3,5,0,0,74.0,0.0
CLG0054,123.0,9.78,9.89,8,0,7,1,4,1,111.2,457100.0
CLG0093,91.0,8.88,9.08,10,0,7,1,0,0,99.89999999999999,0.0
CLG0081,88.0,8.94,9.36,1,0,0,4,5,0,102.39999999999999,0.0
CLG0073,100.0,8.12,8.41,9,0,10,6,0,0,94.1,0.0
CLG0082,106.0,9.2,8.92,9,0,10,2,2,0,99.8,0.0
CLG0076,94.0,8.8,9.13,6,0,8,5,2,0,100.70000000000002,0.0
CLG0045,108.0,7.99,7.61,10,1,2,10,4,0,86.9,0.0
CLG0039,104.0,9.81,9.93,6,1,5,5,2,0,109.7,0.0
CLG0028,85.0,5.96,6.34,6,1,2,3,1,0,71.9,0.0
CLG0053,107.0,9.72,9.32,4,0,8,4,0,0,103.9,0.0
CLG0054,112.0,7.01,7.36,1,0,0,2,1,0,84.80000000000001,0.0
CLG0096,102.0,7.64,7.94,1,1,6,7,4,0,89.60000000000001,0.0
CLG0020,117.0,5.61,5.61,1,0,4,3,1,0,67.8,0.0
CLG0055,81.0,7.7,7.51,5,1,2,6,5,0,83.19999999999999,0.0
CLG0065,107.0,8.06,7.97,7,0,10,9,1,0,90.4,0.0
CLG0076,82.0,9.99,10.46,1,0,6,7,1,0,112.80000000000001,0.0
CLG0022,83.0,9.88,9.58,1,0,0,4,5,0,104.1,0.0
CLG0051,90.0,9.83,9.91,6,1,5,2,2,0,108.1,0.0
CLG0072,85.0,6.74,6.32,2,1,6,7,0,0,71.7,0.0
CLG0012,91.0,9.96,9.68,2,0,8,8,5,1,105.89999999999999,432700.0
CLG0059,96.0,7.28,7.54,7,0,8,3,1,0,85.0,0.0
CLG0054,112.0,9.26,9.06,9,0,6,7,3,1,101.80000000000001,418400.0
CLG0053,95.0,6.08,6.57,8,0,4,1,0,0,75.2,0.0
CLG0088,76.0,7.53,7.53,2,1,6,8,0,0,82.89999999999999,0.0
CLG0038,117.0,9.83,9.85,7,0,10,7,3,1,110.2,452500.0
CLG0092,87.0,9.74,9.28,5,0,0,6,4,0,101.5,0.0
CLG0012,99.0,8.42,8.88,10,0,6,3,4,0,98.70000000000002,0.0
CLG0095,106.0,8.99,8.66,4,0,9,4,0,0,97.19999999999999,0.0
CLG0092,102.0,5.88,5.92,10,0,3,8,2,0,69.4,0.0
CLG0073,116.0,8.61,8.51,4,0,1,1,5,1,96.69999999999999,398400.0
CLG0086,107.0,8.09,8.01,4,1,5,2,4,0,90.8,0.0
CLG0007,87.0,5.46,5.6,9,1,6,1,4,0,64.7,0.0
CLG0068,132.0,5.57,5.73,7,1,10,4,1,0,70.5,0.0
CLG0029,102.0,5.54,5.19,7,0,6,6,1,0,62.10000000000001,0.0
CLG0045,97.0,8.62,8.62,4,0,7,5,4,0,95.89999999999999,0.0
CLG0010,114.0,5.71,6.0,9,0,4,6,2,0,71.4,0.0
CLG0085,103.0,7.34,7.28,8,1,9,2,1,0,83.1,0.0
CLG0004,105.0,6.78,6.45,10,1,10,5,5,0,75.0,0.0
CLG0024,137.0,7.75,7.56,4,1,9,1,2,0,89.3,0.0
CLG0085,95.0,8.53,8.24,6,0,10,6,5,0,91.9,0.0
CLG0082,95.0,8.42,8.05,4,0,7,4,5,0,90.0,0.0
CLG0026,101.0,7.58,7.46,1,0,3,10,0,0,84.69999999999999,0.0
CLG0056,116.0,7.32,7.36,5,0,9,9,5,1,85.2,352400.0
CLG0072,77.0,6.99,6.56,10,1,0,3,5,0,73.3,0.0
CLG0023,70.0,9.31,9.41,3,1,7,3,2,0,101.1,0.0
CLG0009,91.0,6.65,7.14,1,0,3,9,1,0,80.49999999999999,0.0
CLG0025,75.0,6.3,6.76,2,0,4,4,5,0,75.1,0.0
CLG0100,93.0,8.72,9.05,2,1,3,7,3,0,99.8,0.0
CLG0032,107.0,6.8,6.57,8,0,6,10,2,0,76.4,0.0
CLG0007,86.0,9.23,8.75,4,0,9,2,4,0,96.1,0.0
CLG0097,78.0,6.64,6.97,3,0,2,1,5,0,77.5,0.0
CLG0059,101.0,8.51,8.07,4,0,1,10,5,1,90.8,373300.0
CLG0059,112.0,5.23,4.94,10,1,9,1,2,0,60.60000000000001,0.0
CLG0095,74.0,6.93,6.97,1,1,1,6,2,0,77.10000000000001,0.0
CLG0062,112.0,6.72,6.4,1,0,6,4,2,0,75.2,0.0
CLG0017,112.0,9.08,9.41,5,1,10,2,4,1,105.3,532400.0
CLG0035,114.0,9.84,10.12,7,1,9,7,5,1,112.6,561800.0
CLG0086,118.0,7.3,7.56,9,0,5,8,2,1,87.39999999999999,361400.0
CLG0058,133.0,9.12,9.44,7,0,1,7,3,1,107.69999999999999,444100.0
CLG0029,94.0,8.5,8.22,5,0,7,10,4,1,91.60000000000001,375800.0
CLG0063,101.0,9.84,10.07,3,0,5,9,3,1,110.8,453300.0
CLG0056,93.0,9.06,8.92,8,1,7,1,3,0,98.5,0.0
CLG0063,100.0,5.39,5.56,7,0,5,10,3,0,65.6,0.0
CLG0082,122.0,8.57,8.19,4,0,3,6,4,1,94.1,388600.0
CLG0047,79.0,7.68,7.89,1,0,7,8,1,0,86.8,0.0
CLG0074,87.0,5.08,5.55,3,1,3,9,4,0,64.2,0.0
CLG0015,120.0,6.26,5.8,8,0,5,8,2,1,70.0,292000.0
CLG0057,115.0,9.61,9.2,2,0,4,6,5,1,103.5,425500.0
CLG0007,94.0,9.63,9.25,9,0,3,8,3,1,101.9,417000.0
CLG0078,112.0,8.99,8.92,4,0,6,8,2,1,100.4,412800.0
CLG0090,105.0,9.91,9.7,7,0,7,1,3,0,107.5,0.0
CLG0018,122.0,9.03,9.34,10,1,5,8,3,1,105.60000000000001,534600.0
CLG0082,101.0,5.05,5.02,7,1,0,7,5,0,60.3,0.0
CLG0006,115.0,6.44,6.42,8,1,6,8,2,1,75.7,414300.0
CLG0043,139.0,5.15,5.37,7,0,3,8,0,0,67.60000000000001,0.0
CLG0089,108.0,5.47,5.33,4,0,1,10,3,0,64.1,0.0
CLG0057,100.0,6.09,5.94,7,0,2,10,5,0,69.4,0.0
CLG0041,110.0,7.52,7.78,5,0,9,6,0,0,88.8,0.0
CLG0076,94.0,9.24,9.52,10,0,3,9,4,1,104.6,427800.0
CLG0051,135.0,9.31,8.82,7,0,6,3,3,1,101.7,420300.0
CLG0061,102.0,8.08,7.72,3,0,8,10,3,0,87.4,0.0
CLG0094,95.0,9.64,9.35,10,0,9,1,5,0,103.0,0.0
CLG0019,87.0,7.5,7.35,7,0,10,9,4,0,82.2,0.0
CLG0021,116.0,9.45,9.24,7,1,5,10,2,1,104.0,527600.0
CLG0080,113.0,7.27,7.44,2,1,9,10,2,1,85.7,454100.0
CLG0035,92.0,6.39,6.72,8,0,4,2,0,0,76.4,0.0
CLG0071,108.0,9.58,9.27,7,0,8,3,4,0,103.49999999999999,0.0
CLG0054,77.0,6.94,7.0,9,1,7,4,3,0,77.7,0.0
CLG0083,102.0,7.52,7.39,4,1,7,8,0,0,84.1,0.0
CLG0026,106.0,6.64,6.65,9,0,7,9,2,0,77.1,0.0
CLG0041,125.0,8.31,8.43,1,0,7,3,3,1,96.8,399700.0
CLG0082,88.0,9.98,10.37,5,0,7,2,5,0,112.49999999999999,0.0
CLG0012,80.0,5.13,4.82,10,0,9,2,2,0,56.2,0.0
CLG0005,86.0,9.5,9.09,7,1,9,9,0,0,99.5,0.0
CLG0026,79.0,5.02,5.15,4,0,6,8,2,0,59.4,0.0
CLG0005,120.0,6.82,6.71,7,0,1,2,5,0,79.1,0.0
CLG0038,123.0,5.84,5.5,9,0,1,8,2,1,67.3,281500.0
CLG0082,104.0,8.79,8.41,5,1,10,4,4,0,94.5,0.0
CLG0006,118.0,5.25,5.31,5,0,4,6,5,0,64.89999999999999,0.0
CLG0001,102.0,7.77,7.57,2,0,5,5,0,0,85.9,0.0
CLG0075,98.0,6.47,6.97,5,1,8,5,3,0,79.5,0.0
CLG0080,95.0,5.67,5.58,8,0,0,10,2,0,65.3,0.0
CLG0090,95.0,8.86,8.57,4,1,10,10,2,1,95.2,490300.0
CLG0039,76.0,6.09,6.22,2,1,6,7,1,0,69.8,0.0
CLG0049,103.0,6.12,5.86,8,0,6,8,0,0,68.9,0.0
CLG0082,99.0,6.38,6.37,4,1,7,5,0,0,73.60000000000001,0.0
CLG0100,111.0,7.93,7.91,5,1,0,4,3,0,90.19999999999999,0.0
CLG0037,101.0,8.3,8.25,7,0,9,2,4,0,92.6,0.0
CLG0090,97.0,5.09,5.39,5,0,3,5,3,0,63.599999999999994,0.0
CLG0097,86.0,6.21,5.93,10,0,9,8,5,0,67.89999999999999,0.0
CLG0001,101.0,7.15,7.55,4,1,4,1,0,0,85.6,0.0
CLG0091,111.0,6.66,6.95,7,1,1,6,2,0,80.6,0.0
CLG0037,82.0,9.42,9.25,4,0,1,2,4,0,100.7,0.0
CLG0086,101.0,8.94,8.62,10,0,10,2,4,0,96.29999999999998,0.0
CLG0019,103.0,8.13,7.91,4,0,3,8,0,0,89.39999999999999,0.0
CLG0077,89.0,6.69,6.52,2,0,2,6,0,0,74.1,0.0
CLG0037,91.0,8.5,8.56,5,0,6,6,3,0,94.7,0.0
CLG0056,103.0,9.22,8.77,8,0,6,6,1,0,97.99999999999999,0.0
CLG0067,82.0,7.97,8.38,4,1,1,9,0,0,92.00000000000001,0.0
CLG0091,105.0,8.92,8.52,2,1,4,3,0,0,95.69999999999999,0.0
CLG0035,86.0,8.75,8.53,9,0,4,2,3,0,93.89999999999999,0.0
CLG0073,115.0,7.86,7.47,6,0,7,5,0,0,86.2,0.0
CLG0084,135.0,6.56,6.32,3,1,7,6,5,0,76.7,0.0
CLG0026,87.0,8.73,9.07,10,0,10,9,3,1,99.4,406300.0
CLG0046,108.0,6.03,6.15,5,1,3,9,5,0,72.3,0.0
CLG0035,89.0,8.9,8.63,6,0,9,2,0,0,95.20000000000002,0.0
CLG0085,115.0,9.02,9.39,9,1,0,9,2,1,105.4,533100.0
CLG0096,81.0,9.11,9.41,5,0,5,9,0,0,102.19999999999999,0.0
CLG0022,107.0,7.36,7.61,9,1,6,6,1,0,86.80000000000001,0.0
CLG0014,86.0,5.96,6.31,1,0,0,1,4,0,71.69999999999999,0.0
CLG0029,96.0,5.5,5.62,10,1,7,8,3,0,65.8,0.0
CLG0058,84.0,8.72,8.72,4,0,8,8,1,0,95.60000000000001,0.0
CLG0031,112.0,9.43,9.3,1,0,7,8,5,1,104.2,428000.0
CLG0017,87.0,8.25,7.97,2,1,2,8,3,0,88.4,0.0
CLG0023,108.0,5.72,5.78,2,1,8,10,1,0,68.60000000000001,0.0
CLG0059,94.0,9.67,10.06,10,0,9,5,3,0,110.00000000000001,0.0
CLG0036,98.0,9.95,10.04,5,1,2,2,5,0,110.19999999999999,0.0
CLG0089,102.0,7.17,7.59,1,0,3,9,3,0,86.10000000000001,0.0
CLG0082,88.0,7.97,7.83,10,1,5,6,5,0,87.1,0.0
CLG0059,103.0,8.89,9.09,3,1,6,3,4,0,101.2,0.0
CLG0080,122.0,8.68,8.83,6,1,7,1,0,0,100.5,0.0
CLG0002,88.0,9.84,10.01,1,1,6,5,3,0,108.89999999999999,0.0
CLG0090,117.0,5.57,5.72,1,0,2,4,3,0,68.89999999999999,0.0
CLG0098,122.0,7.9,7.62,3,0,10,4,5,0,88.4,0.0
CLG0012,87.0,8.46,8.1,9,0,10,9,4,1,89.7,367500.0
CLG0010,78.0,9.45,9.93,2,0,1,6,5,0,107.1,0.0
CLG0093,104.0,9.37,8.92,6,1,10,8,5,1,99.60000000000001,508800.0
CLG0002,91.0,9.89,9.86,3,0,1,9,3,1,107.69999999999999,439900.0
CLG0016,128.0,7.56,7.49,6,1,8,1,3,0,87.7,0.0
CLG0036,100.0,9.15,9.01,7,1,6,7,2,0,100.1,0.0
CLG0049,87.0,7.14,7.42,7,1,6,7,2,0,82.9,0.0
CLG0036,82.0,7.11,7.36,2,0,4,9,5,0,81.80000000000001,0.0
CLG0086,116.0,6.27,6.68,3,0,5,1,2,0,78.39999999999999,0.0
CLG0006,91.0,9.09,8.99,4,0,6,2,4,0,99.0,0.0
CLG0099,100.0,9.93,9.99,8,0,8,6,5,0,109.9,0.0
CLG0095,114.0,6.28,6.67,5,0,9,4,3,0,78.10000000000001,0.0
CLG0002,92.0,5.28,5.77,1,0,3,5,4,0,66.89999999999999,0.0
CLG0099,99.0,9.08,9.55,9,1,5,5,5,0,105.4,0.0
CLG0028,99.0,8.1,8.32,1,1,0,10,4,1,93.10000000000001,482300.0
CLG0007,110.0,9.8,9.44,2,0,6,1,1,0,105.39999999999999,0.0
CLG0021,108.0,6.26,5.78,7,0,3,1,0,0,68.60000000000001,0.0
CLG0062,96.0,5.36,5.69,3,1,1,7,1,0,66.5,0.0
CLG0089,100.0,7.46,7.8,6,1,3,3,5,0,88.0,0.0
CLG0082,94.0,5.43,5.68,8,1,7,5,5,0,66.2,0.0
CLG0041,77.0,6.31,6.09,5,0,1,8,5,0,68.6,0.0
CLG0043,103.0,5.63,5.77,1,0,0,5,0,0,68.0,0.0
CLG0077,128.0,6.12,5.94,10,0,0,10,1,0,72.2,0.0
CLG0008,86.0,5.53,5.48,3,0,6,9,3,0,63.400000000000006,0.0
CLG0014,88.0,9.77,9.65,2,1,6,4,4,0,105.3,0.0
CLG0081,86.0,6.39,6.8,6,0,3,7,1,0,76.6,0.0
CLG0077,110.0,7.22,6.95,5,0,4,8,1,0,80.5,0.0
CLG0011,106.0,9.49,9.57,7,1,4,7,3,0,106.3,0.0
CLG0010,97.0,8.39,8.25,2,0,6,4,4,0,92.2,0.0
CLG0081,86.0,8.09,8.25,6,0,2,8,0,0,91.1,0.0
CLG0029,101.0,8.53,8.59,5,0,4,10,1,0,96.0,0.0
CLG0055,76.0,9.14,9.56,6,0,6,10,0,0,103.2,0.0
CLG0002,102.0,9.39,8.99,5,1,10,10,2,1,100.10000000000001,510600.0
CLG0001,113.0,8.21,7.93,7,0,6,4,5,0,90.6,0.0
CLG0047,81.0,9.45,9.72,5,1,8,10,1,0,105.3,0.0
CLG0091,77.0,7.68,7.55,7,1,3,8,4,0,83.2,0.0
CLG0083,123.0,6.39,6.06,1,0,0,8,2,1,72.89999999999999,303900.0
CLG0018,90.0,9.4,9.4,9,1,4,4,2,0,103.0,0.0
CLG0035,117.0,7.71,7.86,6,1,10,5,1,0,90.30000000000001,0.0
CLG0073,97.0,9.53,9.07,9,0,3,5,1,0,100.4,0.0
CLG0062,97.0,5.2,4.99,1,0,2,5,5,0,59.60000000000001,0.0
CLG0025,106.0,6.99,7.3,2,1,6,3,2,0,83.6,0.0
CLG0086,86.0,9.74,9.76,7,1,8,2,1,0,106.19999999999999,0.0
CLG0077,101.0,6.25,5.79,4,0,3,1,5,0,68.0,0.0
CLG0029,94.0,9.71,9.49,10,0,5,3,4,0,104.30000000000001,0.0
CLG0086,80.0,9.77,9.91,1,1,0,9,4,1,107.1,536400.0
CLG0080,105.0,9.41,9.11,5,1,0,7,2,0,101.6,0.0
CLG0019,96.0,7.82,8.15,4,1,2,2,1,0,91.1,0.0
CLG0072,97.0,8.23,8.41,6,1,4,8,5,1,93.8,484900.0
CLG0076,81.0,9.35,9.32,7,1,5,8,5,1,101.3,513300.0
CLG0066,123.0,8.88,9.3,3,0,8,7,2,1,105.3,433500.0
CLG0069,113.0,8.15,8.04,6,0,8,6,4,1,91.69999999999999,378099.99999999994
CLG0078,114.0,9.91,9.65,2,0,9,2,1,0,107.9,0.0
CLG0080,95.0,8.43,8.59,10,1,10,4,5,0,95.4,0.0
CLG0098,74.0,9.88,9.95,4,1,0,1,4,0,106.9,0.0
CLG0010,129.0,5.29,5.13,10,1,1,7,5,0,64.2,0.0
CLG0072,99.0,5.69,5.53,9,1,10,2,1,0,65.2,0.0
CLG0025,88.0,7.26,7.16,7,0,7,6,3,0,80.39999999999999,0.0
CLG0027,106.0,6.92,6.71,2,0,4,9,4,0,77.69999999999999,0.0
CLG0061,117.0,8.91,9.12,6,0,2,5,0,0,102.89999999999999,0.0
CLG0010,99.0,5.8,5.95,4,1,8,5,5,0,69.4,0.0
CLG0036,119.0,9.88,9.82,8,0,1,4,5,1,110.10000000000001,452300.0
CLG0039,116.0,6.58,6.48,8,0,6,1,1,0,76.4,0.0
CLG0007,83.0,7.14,7.01,1,0,9,4,3,0,78.39999999999999,0.0
CLG0015,89.0,6.37,6.15,8,0,7,9,3,0,70.4,0.0
CLG0013,114.0,7.9,7.49,10,1,1,9,3,1,86.30000000000001,456600.0
CLG0033,59.0,5.29,5.06,7,1,0,7,4,0,56.49999999999999,0.0
CLG0099,97.0,5.75,5.57,1,0,2,4,5,0,65.4,0.0
CLG0066,78.0,8.73,8.78,3,0,7,9,0,0,95.6,0.0
CLG0011,92.0,5.93,6.2,5,0,3,5,3,0,71.2,0.0
CLG0021,95.0,6.18,6.08,3,0,4,10,5,0,70.3,0.0
CLG0078,94.0,8.96,9.4,3,0,8,2,2,0,103.4,0.0
CLG0089,91.0,5.47,5.8,1,1,3,9,1,0,67.1,0.0
CLG0023,83.0,7.19,7.67,8,1,8,6,1,0,85.0,0.0
CLG0044,134.0,5.12,5.5,9,1,5,5,5,0,68.4,0.0
CLG0065,128.0,6.73,6.85,5,1,6,10,0,0,81.3,0.0
CLG0070,82.0,8.49,8.59,1,1,7,8,5,1,94.10000000000001,484600.0
CLG0036,123.0,5.45,5.08,1,1,9,2,0,0,63.099999999999994,0.0
CLG0062,94.0,9.44,9.66,9,1,9,5,4,0,106.0,0.0
CLG0082,101.0,9.55,9.65,1,1,0,10,2,1,106.6,536500.0
CLG0042,99.0,5.52,5.53,9,1,8,8,1,0,65.2,0.0
CLG0069,90.0,9.95,10.14,3,0,1,4,3,0,110.4,0.0
CLG0052,114.0,6.49,6.43,3,0,2,10,3,1,75.7,314200.0
CLG0001,101.0,5.42,5.44,4,0,0,10,1,0,64.5,0.0
CLG0030,92.0,5.03,4.93,5,0,9,9,2,0,58.5,0.0
CLG0001,80.0,7.04,7.26,6,0,10,7,2,0,80.6,0.0
CLG0048,86.0,8.15,8.53,6,0,2,7,5,0,93.89999999999999,0.0
CLG0014,75.0,6.66,7.0,10,0,1,9,3,0,77.5,0.0
CLG0092,100.0,9.18,9.47,9,0,6,3,1,0,104.7,0.0
CLG0031,82.0,8.58,8.09,1,0,6,3,3,0,89.10000000000001,0.0
CLG0062,96.0,6.75,7.16,9,0,5,10,4,0,81.19999999999999,0.0
CLG0087,120.0,8.67,8.44,4,1,9,7,1,0,96.39999999999999,0.0
CLG0031,117.0,9.7,10.09,7,0,10,2,2,1,112.60000000000001,462100.0
CLG0007,99.0,5.47,5.17,6,0,3,10,3,0,61.6,0.0
CLG0020,98.0,6.53,6.47,9,0,2,3,0,0,74.5,0.0
CLG0084,128.0,7.32,7.57,2,0,6,6,0,0,88.5,0.0
CLG0031,107.0,7.49,7.63,2,0,10,9,4,0,87.0,0.0
CLG0009,95.0,7.71,7.63,7,0,2,4,0,0,85.8,0.0
CLG0011,78.0,6.5,6.68,9,0,8,5,4,0,74.6,0.0
CLG0006,105.0,8.34,8.39,5,0,9,6,4,0,94.4,0.0
CLG0043,112.0,8.23,8.01,7,0,7,3,2,1,91.3,376400.0
CLG0059,90.0,7.89,8.04,8,1,6,2,2,0,89.39999999999999,0.0
CLG0018,104.0,5.57,5.27,8,1,1,4,1,0,63.099999999999994,0.0
CLG0029,94.0,7.38,7.57,4,0,9,6,3,0,85.10000000000001,0.0
CLG0001,97.0,6.78,6.28,10,0,2,4,5,0,72.5,0.0
CLG0044,62.0,7.46,7.51,7,1,7,8,0,0,81.3,0.0
CLG0033,96.0,9.61,9.51,1,1,10,9,3,1,104.69999999999999,528400.0
CLG0067,114.0,7.4,7.2,4,0,2,8,3,1,83.4,345000.0
CLG0038,90.0,5.07,5.09,5,0,7,7,4,0,59.9,0.0
CLG0041,100.0,7.19,7.34,10,1,3,2,0,0,83.4,0.0
CLG0016,88.0,9.1,9.57,7,1,4,10,2,1,104.5,526800.0
CLG0038,105.0,8.9,9.23,6,0,8,2,3,0,102.80000000000001,0.0
CLG0063,96.0,7.57,7.79,4,0,10,10,4,0,87.5,0.0
CLG0099,85.0,6.25,6.23,3,0,9,5,2,0,70.80000000000001,0.0
CLG0090,119.0,7.33,7.22,6,1,1,4,4,0,84.10000000000001,0.0
CLG0100,113.0,7.82,7.35,10,0,2,4,3,0,84.8,0.0
CLG0085,90.0,10.0,9.86,5,0,0,4,5,0,107.6,0.0
CLG0100,107.0,8.22,8.57,3,0,7,7,3,0,96.4,0.0
CLG0083,108.0,8.47,8.35,4,0,10,3,3,0,94.3,0.0
CLG0009,109.0,7.46,7.42,2,1,8,2,0,0,85.10000000000001,0.0
CLG0027,74.0,6.77,6.54,9,1,9,5,0,0,72.80000000000001,0.0
CLG0031,115.0,9.06,8.83,7,0,8,6,5,1,99.8,410700.0
CLG0015,91.0,7.47,7.03,10,1,2,8,3,0,79.39999999999999,0.0
CLG0096,94.0,9.97,10.08,3,0,4,3,0,0,110.2,0.0
CLG0029,139.0,7.29,7.24,8,0,8,4,4,0,86.30000000000001,0.0
CLG0009,104.0,5.34,5.45,8,1,4,4,4,0,64.9,0.0
CLG0044,94.0,8.41,8.46,1,1,0,4,5,0,94.00000000000001,0.0
CLG0081,66.0,5.23,5.53,5,1,0,7,5,0,61.900000000000006,0.0
CLG0060,120.0,6.25,6.5,5,0,3,4,1,0,77.0,0.0
CLG0078,79.0,6.77,7.04,3,1,6,7,2,0,78.30000000000001,0.0
CLG0039,84.0,8.7,8.7,2,0,6,4,4,0,95.4,0.0
CLG0051,95.0,7.47,7.32,1,1,6,10,2,0,82.7,0.0
CLG0040,121.0,5.14,5.57,4,0,5,8,1,0,67.8,0.0
CLG0063,111.0,8.08,7.63,10,0,0,5,1,0,87.39999999999999,0.0
CLG0006,97.0,7.06,6.71,2,0,10,2,5,0,76.8,0.0
CLG0038,104.0,9.61,9.53,5,0,2,9,2,1,105.7,433200.0
CLG0032,90.0,7.5,7.61,10,1,4,9,3,0,85.10000000000001,0.0
CLG0006,102.0,8.54,8.05,2,1,3,1,2,0,90.7,0.0
CLG0054,101.0,6.09,6.31,1,1,10,5,4,0,73.19999999999999,0.0
CLG0051,114.0,8.8,8.86,10,0,3,3,2,1,100.0,411400.0
CLG0096,114.0,8.6,8.58,10,1,8,10,4,1,97.2,500200.0
CLG0098,107.0,9.52,9.44,10,0,6,5,4,0,105.1,0.0
CLG0034,94.0,5.17,5.19,10,0,8,4,4,0,61.300000000000004,0.0
CLG0076,111.0,7.24,6.9,9,0,6,3,3,0,80.1,0.0
CLG0009,98.0,8.4,8.01,2,0,9,7,3,0,89.89999999999999,0.0
CLG0005,83.0,5.48,5.27,10,1,2,5,1,0,61.0,0.0
CLG0081,93.0,7.05,7.26,4,1,10,1,0,0,81.89999999999999,0.0
CLG0092,101.0,9.71,9.8,3,0,9,4,3,0,108.1,0.0
CLG0061,113.0,7.18,7.16,1,0,3,1,3,0,82.89999999999999,0.0
CLG0086,97.0,9.93,10.0,8,0,8,3,1,0,109.7,0.0
CLG0006,81.0,5.28,5.34,2,1,0,10,1,0,61.5,0.0
CLG0050,100.0,8.59,8.4,8,0,2,10,1,0,94.0,0.0
CLG0032,101.0,7.91,7.51,1,0,10,5,2,0,85.19999999999999,0.0
CLG0019,102.0,7.5,7.9,6,0,3,6,4,0,89.2,0.0
CLG0058,113.0,9.85,9.95,4,1,3,1,3,1,110.8,554500.0
CLG0048,115.0,5.65,5.85,3,1,6,10,5,1,70.0,391500.0
CLG0017,91.0,9.48,9.44,1,1,10,9,4,1,103.49999999999999,523100.0
CLG0060,90.0,8.46,8.72,10,0,3,9,0,0,96.2,0.0
CLG0010,84.0,6.29,6.37,1,1,9,1,1,0,72.10000000000001,0.0
CLG0079,110.0,9.51,9.06,7,0,7,7,0,0,101.60000000000001,0.0
CLG0050,121.0,7.15,7.54,6,1,0,4,5,0,87.5,0.0
CLG0038,95.0,9.07,8.88,3,0,2,2,5,0,98.30000000000001,0.0
CLG0085,96.0,6.94,6.58,2,0,9,2,5,0,75.39999999999999,0.0
CLG0040,122.0,9.25,8.84,10,1,9,6,1,0,100.60000000000001,0.0
CLG0003,107.0,8.18,8.4,3,0,5,6,1,0,94.7,0.0
CLG0094,106.0,5.71,5.91,8,0,2,5,0,0,69.7,0.0
CLG0079,82.0,8.25,8.45,7,1,7,3,4,0,92.7,0.0
CLG0091,110.0,5.96,6.38,7,0,6,7,5,0,74.8,0.0
CLG0031,86.0,7.06,6.91,5,0,4,3,0,0,77.69999999999999,0.0
CLG0016,82.0,5.85,5.91,10,0,1,7,2,0,67.3,0.0
CLG0028,94.0,5.11,5.23,3,0,10,2,3,0,61.7,0.0
CLG0045,91.0,6.06,6.54,1,0,4,8,3,0,74.5,0.0
CLG0037,96.0,7.68,7.49,1,0,8,2,4,0,84.5,0.0
CLG0043,78.0,7.41,7.87,6,0,10,2,4,0,86.5,0.0
CLG0073,114.0,7.51,7.16,4,1,4,4,4,0,83.0,0.0
CLG0073,116.0,6.24,6.5,7,1,2,10,0,0,76.6,0.0
CLG0076,70.0,8.43,8.56,10,0,6,1,0,0,92.60000000000001,0.0
CLG0028,114.0,8.52,8.84,10,0,2,7,5,1,99.80000000000001,410600.0
CLG0071,87.0,6.79,6.32,10,0,7,2,0,0,71.9,0.0
CLG0060,112.0,9.41,8.99,1,0,4,6,1,0,101.10000000000001,0.0
CLG0064,98.0,8.22,7.79,6,1,4,5,0,0,87.7,0.0
CLG0060,100.0,8.57,8.66,7,0,5,5,3,0,96.6,0.0
CLG0099,97.0,6.39,6.49,1,1,10,4,3,0,74.60000000000001,0.0
CLG0036,118.0,5.0,5.41,2,0,9,5,1,0,65.9,0.0
CLG0047,81.0,9.33,9.3,9,0,5,9,0,0,101.1,0.0
CLG0038,109.0,9.11,8.68,9,0,2,1,0,0,97.7,0.0
CLG0065,116.0,5.62,5.33,6,0,10,2,2,0,64.89999999999999,0.0
CLG0034,110.0,6.87,6.38,4,0,6,7,2,0,74.8,0.0
CLG0022,134.0,8.31,8.59,7,0,8,9,3,1,99.30000000000001,410600.0
CLG0094,92.0,8.26,8.58,5,0,0,3,4,0,95.0,0.0
CLG0084,114.0,9.3,9.8,3,0,3,6,5,1,109.4,449000.0
CLG0051,98.0,5.7,5.61,4,0,3,5,3,0,65.9,0.0
CLG0072,118.0,7.15,6.67,2,0,0,9,5,1,78.5,325800.0
CLG0045,99.0,5.49,5.22,6,1,5,9,1,0,62.099999999999994,0.0
CLG0071,94.0,6.95,7.04,3,0,1,10,0,0,79.80000000000001,0.0
CLG0002,119.0,5.08,5.54,7,1,10,3,2,0,67.3,0.0
CLG0058,92.0,9.49,9.09,4,1,10,10,5,1,100.10000000000001,509600.0
CLG0094,78.0,7.64,7.26,8,0,5,10,3,0,80.39999999999999,0.0
CLG0012,92.0,9.25,9.45,1,1,0,2,5,0,103.7,0.0
CLG0100,109.0,5.3,5.47,9,0,9,10,1,0,65.6,0.0
CLG0027,120.0,6.14,5.89,3,0,4,4,4,0,70.9,0.0
CLG0098,101.0,6.3,6.61,3,1,5,9,3,0,76.2,0.0
CLG0038,119.0,6.93,6.56,5,0,9,3,0,0,77.5,0.0
CLG0075,79.0,9.01,9.44,10,0,1,4,0,0,102.3,0.0
CLG0020,93.0,6.93,6.63,1,0,0,2,2,0,75.6,0.0
CLG0094,95.0,6.02,5.6,3,1,6,1,1,0,65.5,0.0
CLG0043,98.0,5.32,5.16,4,0,0,5,4,0,61.400000000000006,0.0
CLG0032,101.0,5.4,5.09,2,1,6,4,4,0,61.0,0.0
CLG0090,110.0,8.8,8.83,6,0,0,10,1,0,99.3,0.0
CLG0023,93.0,7.22,7.41,10,0,8,2,2,0,83.39999999999999,0.0
CLG0041,102.0,8.63,8.62,4,0,4,6,0,0,96.39999999999999,0.0
CLG0088,99.0,8.41,8.57,1,0,5,5,4,0,95.60000000000001,0.0
CLG0002,86.0,5.68,5.54,3,0,6,1,1,0,64.0,0.0
CLG0062,98.0,5.71,5.24,7,0,0,10,2,0,62.2,0.0
CLG0096,97.0,8.78,9.25,3,0,7,3,0,0,102.2,0.0
CLG0053,97.0,8.61,8.93,6,0,5,4,1,0,99.0,0.0
CLG0057,100.0,6.89,6.46,6,1,1,1,2,0,74.6,0.0
CLG0048,101.0,5.39,5.34,1,1,0,8,3,0,63.5,0.0
CLG0079,93.0,5.06,5.2,2,1,0,3,1,0,61.3,0.0
CLG0006,119.0,6.44,6.13,10,1,3,5,4,0,73.2,0.0
CLG0016,82.0,5.05,5.13,6,0,2,3,1,0,59.5,0.0
CLG0011,89.0,6.15,6.18,2,1,10,4,0,0,70.7,0.0
CLG0046,141.0,7.1,6.81,2,0,5,9,1,0,82.19999999999999,0.0
CLG0073,84.0,5.61,5.25,4,0,9,3,5,0,60.9,0.0
CLG0057,79.0,5.52,5.78,8,0,7,8,0,0,65.7,0.0
CLG0067,111.0,9.48,9.3,6,0,0,6,2,1,104.1,427500.0
CLG0007,68.0,7.93,7.67,8,0,6,6,3,0,83.5,0.0
CLG0052,96.0,9.67,9.91,4,0,7,1,0,0,108.69999999999999,0.0
CLG0052,132.0,6.73,6.97,3,1,4,7,2,0,82.9,0.0
CLG0030,76.0,8.39,8.17,7,1,7,4,2,0,89.3,0.0
CLG0055,70.0,6.02,6.39,7,0,10,8,3,0,70.9,0.0
CLG0022,77.0,8.09,8.28,2,0,0,9,4,1,90.5,369700.0
CLG0004,113.0,5.65,5.5,1,1,1,2,4,0,66.3,0.0
CLG0005,116.0,5.01,4.94,8,0,3,8,1,0,61.00000000000001,0.0
CLG0022,92.0,9.66,9.89,3,0,0,8,4,1,108.10000000000001,441600.0
CLG0068,110.0,7.77,7.48,6,0,4,6,1,0,85.80000000000001,0.0
CLG0004,120.0,9.63,9.6,7,0,9,3,0,0,108.0,0.0
CLG0043,126.0,6.67,6.82,8,0,2,5,5,0,80.8,0.0
CLG0015,96.0,6.64,6.68,6,0,1,2,5,0,76.39999999999999,0.0
CLG0016,65.0,7.0,7.11,7,0,6,6,5,0,77.60000000000001,0.0
CLG0084,87.0,8.53,8.58,5,0,1,3,5,0,94.5,0.0
CLG0058,93.0,7.83,7.53,3,0,8,4,0,0,84.6,0.0
CLG0074,96.0,9.63,9.54,2,0,5,9,1,0,104.99999999999999,0.0
CLG0033,97.0,5.13,5.16,7,1,7,10,3,0,61.3,0.0
CLG0095,116.0,8.54,8.82,8,0,2,5,3,1,99.8,410800.0
CLG0065,119.0,6.65,6.8,8,0,4,7,4,0,79.9,0.0
CLG0025,97.0,5.9,5.83,3,0,2,9,0,0,68.0,0.0
CLG0037,116.0,7.55,8.02,2,1,8,5,0,0,91.79999999999998,0.0
CLG0018,105.0,7.53,7.14,9,0,0,1,5,0,81.89999999999999,0.0
CLG0025,100.0,5.69,5.4,6,1,7,2,3,0,64.0,0.0
CLG0015,113.0,6.01,5.85,10,0,5,3,2,0,69.8,0.0
CLG0068,101.0,7.04,6.77,3,0,6,3,3,0,77.79999999999998,0.0
CLG0035,130.0,7.04,7.17,5,0,1,1,3,0,84.7,0.0
CLG0068,78.0,6.59,6.13,1,0,6,9,2,0,69.1,0.0
CLG0042,92.0,5.74,5.42,2,0,0,9,4,0,63.400000000000006,0.0
CLG0084,98.0,5.02,4.81,9,1,6,4,1,0,57.89999999999999,0.0
CLG0012,106.0,9.85,10.03,10,0,10,9,4,1,110.89999999999999,454200.0
CLG0094,119.0,9.72,10.1,10,0,7,4,5,1,112.9,463500.0
CLG0022,99.0,7.42,7.72,3,1,1,8,2,0,87.10000000000001,0.0
CLG0036,78.0,9.98,9.66,8,1,9,3,2,0,104.39999999999999,0.0
CLG0034,112.0,8.37,8.44,10,0,1,9,4,1,95.6,393600.0
CLG0091,111.0,5.34,4.87,8,0,2,4,5,0,59.800000000000004,0.0
CLG0025,70.0,5.59,5.4,5,0,9,8,5,0,61.0,0.0
CLG0039,99.0,9.58,9.89,8,0,3,2,1,0,108.80000000000001,0.0
CLG0076,76.0,8.15,8.11,2,0,7,7,4,0,88.69999999999999,0.0
CLG0059,90.0,9.22,8.87,2,0,2,2,0,0,97.69999999999999,0.0
CLG0076,86.0,9.49,9.43,4,0,5,5,0,0,102.89999999999999,0.0
CLG0085,112.0,7.24,6.94,8,0,9,9,0,0,80.60000000000001,0.0
CLG0050,101.0,5.24,5.13,2,0,10,5,1,0,61.4,0.0
CLG0061,80.0,5.94,5.93,4,1,7,4,1,0,67.3,0.0
CLG0033,113.0,5.33,5.18,8,1,9,8,2,1,63.099999999999994,363700.0
CLG0007,78.0,5.94,6.38,3,0,1,5,3,0,71.6,0.0
CLG0019,104.0,7.05,7.11,8,1,3,9,1,0,81.50000000000001,0.0
CLG0088,87.0,5.59,5.93,2,0,0,9,5,0,68.0,0.0
CLG0020,94.0,5.83,6.09,1,1,10,2,3,0,70.3,0.0
CLG0005,107.0,7.23,7.39,6,1,7,10,0,0,84.6,0.0
CLG0094,107.0,6.7,6.7,8,1,0,9,0,0,77.7,0.0
CLG0007,120.0,7.34,6.84,9,1,8,8,3,1,80.4,433600.0
CLG0020,98.0,7.15,7.26,10,1,5,10,4,0,82.39999999999999,0.0
CLG0047,104.0,8.22,8.08,8,1,2,7,2,0,91.2,0.0
CLG0081,93.0,9.69,9.31,2,0,7,6,2,0,102.4,0.0
CLG0098,102.0,5.54,5.48,1,1,1,4,4,0,65.0,0.0
CLG0007,106.0,5.5,5.74,7,1,10,7,5,0,68.0,0.0
CLG0075,98.0,9.26,9.72,7,0,2,6,3,0,107.0,0.0
CLG0082,72.0,7.53,7.4,3,0,6,8,3,0,81.2,0.0
CLG0094,104.0,8.83,8.87,6,1,10,1,1,0,99.1,0.0
CLG0084,105.0,6.08,6.43,7,1,0,3,0,0,74.8,0.0
CLG0064,89.0,9.14,8.97,9,1,8,8,0,0,98.60000000000001,0.0
CLG0066,80.0,9.62,9.26,1,0,9,2,3,0,100.6,0.0
CLG0007,122.0,8.18,7.96,3,0,8,9,1,0,91.8,0.0
CLG0091,107.0,5.53,5.93,5,1,2,2,5,0,70.0,0.0
CLG0015,96.0,9.48,9.14,3,0,3,9,5,1,101.0,413600.0
CLG0083,82.0,8.96,8.79,8,0,1,7,1,0,96.1,0.0
CLG0034,87.0,8.75,8.71,10,1,9,4,2,0,95.80000000000001,0.0
CLG0066,119.0,5.18,5.53,6,1,10,3,2,0,67.2,0.0
CLG0028,102.0,8.99,9.43,2,1,0,8,3,1,104.5,528200.0
CLG0066,91.0,5.69,5.62,1,0,10,10,5,0,65.3,0.0
CLG0011,107.0,6.11,6.54,10,0,7,7,2,0,76.10000000000001,0.0
CLG0070,87.0,7.89,7.55,5,1,10,10,1,0,84.2,0.0
CLG0056,122.0,6.32,5.98,9,0,8,1,4,0,72.0,0.0
CLG0023,120.0,8.31,8.76,10,0,8,7,0,0,99.6,0.0
CLG0010,93.0,8.04,8.05,9,0,9,1,3,0,89.8,0.0
CLG0097,90.0,5.54,5.23,1,0,4,1,5,0,61.300000000000004,0.0
CLG0083,60.0,8.28,8.27,3,0,4,5,2,0,88.69999999999999,0.0
CLG0075,77.0,9.62,9.9,6,1,4,10,2,1,106.7,534500.0
CLG0024,79.0,5.81,6.14,5,0,5,5,1,0,69.3,0.0
CLG0060,102.0,7.99,8.35,4,0,3,2,2,0,93.7,0.0
CLG0092,95.0,6.71,6.78,2,1,1,7,0,0,77.3,0.0
CLG0012,79.0,7.3,7.67,4,1,1,3,3,0,84.60000000000001,0.0
CLG0092,95.0,6.44,6.45,5,1,5,1,2,0,74.0,0.0
CLG0005,107.0,6.77,6.88,2,0,4,7,4,0,79.5,0.0
CLG0019,107.0,5.14,5.4,10,0,3,4,4,0,64.7,0.0
CLG0072,71.0,9.91,9.84,1,0,5,4,5,0,105.5,0.0
CLG0037,98.0,8.12,7.69,7,0,3,3,5,0,86.7,0.0
CLG0028,79.0,7.5,7.35,7,1,9,7,3,0,81.4,0.0
CLG0044,113.0,6.92,7.04,8,0,3,2,4,0,81.7,0.0
CLG0043,111.0,7.7,7.39,10,0,5,7,4,0,84.99999999999999,0.0
CLG0069,86.0,6.9,6.55,6,0,10,10,5,0,74.1,0.0
CLG0072,88.0,6.8,6.59,1,0,3,8,2,0,74.7,0.0
CLG0088,93.0,7.32,6.85,8,0,8,2,4,0,77.8,0.0
CLG0020,66.0,6.38,6.62,2,0,6,8,2,0,72.8,0.0
CLG0099,105.0,5.9,5.66,3,0,5,7,0,0,67.1,0.0
CLG0006,95.0,7.78,7.4,8,0,2,10,1,0,83.5,0.0
CLG0069,114.0,9.21,9.41,4,1,10,8,5,1,105.5,533400.0
CLG0074,83.0,5.76,6.1,5,0,3,3,2,0,69.3,0.0
CLG0092,90.0,5.16,4.68,9,1,1,6,1,0,55.8,0.0
CLG0012,77.0,6.23,5.96,7,1,2,1,2,0,67.3,0.0
CLG0015,84.0,9.9,10.35,10,1,10,7,2,0,111.9,0.0
CLG0067,82.0,9.14,9.03,7,0,0,4,3,0,98.5,0.0
CLG0087,114.0,7.98,8.42,1,0,8,4,2,1,95.60000000000001,393800.0
CLG0063,89.0,9.65,9.42,1,0,9,9,4,1,103.10000000000001,421300.0
CLG0036,101.0,7.23,6.95,8,0,2,7,4,0,79.6,0.0
CLG0007,94.0,9.92,9.63,10,0,7,8,2,1,105.70000000000002,432200.00000000006
CLG0001,80.0,6.48,6.07,1,0,3,6,5,0,68.7,0.0
CLG0072,97.0,6.2,6.6,10,0,10,2,5,0,75.7,0.0
CLG0091,108.0,8.19,8.67,2,1,7,3,5,0,97.5,0.0
CLG0049,81.0,6.89,7.34,4,0,6,4,0,0,81.5,0.0
CLG0022,112.0,8.13,8.48,9,0,3,2,4,1,96.00000000000001,395200.0
CLG0052,87.0,6.52,6.87,7,1,6,1,1,0,77.4,0.0
CLG0095,92.0,8.09,8.25,7,1,7,9,0,0,91.7,0.0
CLG0043,107.0,6.38,6.71,10,0,9,10,1,0,77.8,0.0
CLG0039,90.0,5.25,4.96,7,0,2,2,2,0,58.6,0.0
CLG0075,100.0,9.56,9.45,5,0,4,5,2,0,104.5,0.0
CLG0043,95.0,9.42,9.56,1,0,10,7,2,0,105.10000000000001,0.0
CLG0054,101.0,9.85,10.22,5,0,2,2,4,0,112.3,0.0
CLG0021,64.0,8.58,8.74,8,1,6,6,5,0,93.80000000000001,0.0
CLG0015,72.0,8.41,8.75,7,0,5,10,0,0,94.7,0.0
CLG0092,109.0,7.8,7.77,7,0,0,8,1,0,88.6,0.0
CLG0038,115.0,5.63,5.85,2,0,9,7,3,0,70.0,0.0
CLG0023,86.0,5.95,6.43,1,0,4,6,5,0,72.89999999999999,0.0
CLG0091,96.0,6.45,6.1,4,1,3,8,0,0,70.6,0.0
CLG0083,104.0,9.45,9.88,8,0,1,2,1,0,109.20000000000002,0.0
CLG0080,110.0,5.86,5.88,1,1,0,4,3,0,69.8,0.0
CLG0076,69.0,9.61,9.75,2,0,6,4,0,0,104.4,0.0
CLG0051,86.0,7.61,7.99,7,1,6,7,0,0,88.5,0.0
CLG0023,95.0,8.58,8.49,5,0,5,7,5,0,94.4,0.0
CLG0051,110.0,5.55,5.47,6,1,4,3,2,0,65.69999999999999,0.0
CLG0071,137.0,6.35,6.38,8,0,8,4,5,0,77.5,0.0
CLG0046,96.0,9.79,9.31,9,0,1,1,0,0,102.7,0.0
CLG0094,78.0,6.33,6.33,8,0,10,8,5,0,71.1,0.0
CLG0061,106.0,6.48,6.27,1,0,10,4,5,0,73.3,0.0
CLG0016,119.0,5.99,6.42,4,0,2,5,5,0,76.10000000000001,0.0
CLG0060,101.0,5.65,5.24,5,0,8,5,1,0,62.50000000000001,0.0
CLG0032,86.0,6.17,6.13,9,0,1,1,2,0,69.89999999999999,0.0
CLG0041,114.0,8.21,8.66,6,0,2,1,0,0,98.0,0.0
CLG0060,109.0,7.28,7.68,6,0,5,7,2,0,87.7,0.0
CLG0021,84.0,7.77,7.97,3,0,9,1,3,0,88.10000000000001,0.0
CLG0068,105.0,5.61,5.7,2,0,6,9,1,0,67.5,0.0
CLG0007,114.0,9.01,8.79,2,0,1,6,3,1,99.3,408599.99999999994
CLG0091,117.0,8.92,8.79,7,1,7,1,1,0,99.6,0.0
CLG0070,99.0,5.11,4.7,5,0,8,1,4,0,56.9,0.0
CLG0020,94.0,6.92,7.21,10,0,0,5,3,0,81.5,0.0
CLG0044,118.0,5.34,5.16,1,1,5,3,4,0,63.400000000000006,0.0
CLG0044,81.0,8.96,9.13,5,0,3,8,5,1,99.4,405700.00000000006
CLG0012,106.0,8.69,8.55,1,0,9,8,2,1,96.1,395000.0
CLG0059,79.0,9.51,9.47,9,0,10,10,3,1,102.60000000000001,418300.0
CLG0078,115.0,6.18,6.24,8,1,9,8,0,0,73.9,0.0
CLG0034,96.0,7.28,7.58,4,1,4,6,5,0,85.39999999999999,0.0
CLG0044,119.0,5.92,5.63,1,0,5,5,1,0,68.2,0.0
CLG0081,107.0,6.86,6.76,8,0,5,5,0,0,78.3,0.0
CLG0040,81.0,7.61,7.24,5,1,6,6,0,0,80.5,0.0
CLG0084,121.0,5.27,4.85,1,0,8,6,5,0,60.6,0.0
CLG0002,123.0,8.57,8.67,2,1,3,10,2,1,99.0,508300.0
CLG0061,113.0,7.72,7.41,5,0,8,9,2,1,85.39999999999999,352900.0
CLG0021,88.0,9.14,8.7,9,0,0,7,0,0,95.8,0.0
CLG0012,95.0,6.36,6.76,10,0,8,6,5,0,77.1,0.0
CLG0077,102.0,9.52,9.55,8,0,7,10,0,0,105.7,0.0
CLG0065,89.0,9.99,9.62,10,0,1,7,0,0,105.1,0.0
CLG0082,125.0,9.6,9.15,8,0,6,3,1,0,104.0,0.0
CLG0078,102.0,8.89,8.51,9,1,6,2,2,0,95.3,0.0
CLG0095,59.0,9.06,9.03,2,1,1,10,3,1,96.2,490700.0
CLG0088,105.0,7.87,8.04,7,0,7,7,2,0,90.89999999999999,0.0
CLG0012,94.0,5.95,6.09,10,1,5,3,0,0,70.3,0.0
CLG0052,98.0,8.39,8.03,5,1,5,4,3,0,90.1,0.0
CLG0089,94.0,8.56,8.69,3,1,10,2,5,0,96.3,0.0
CLG0100,112.0,9.93,9.83,10,0,4,5,5,1,109.5,449200.0
CLG0014,116.0,7.71,7.67,8,0,10,5,3,0,88.3,0.0
CLG0018,104.0,6.36,6.66,2,0,7,10,3,0,77.0,0.0
CLG0024,94.0,8.42,8.25,4,1,9,10,2,1,91.9,477000.0
CLG0026,99.0,9.9,9.55,5,1,8,1,0,0,105.4,0.0
CLG0094,100.0,5.89,6.26,5,1,4,4,5,0,72.6,0.0
CLG0061,87.0,6.63,6.34,4,0,0,3,5,0,72.1,0.0
CLG0068,108.0,7.71,7.5,3,0,10,7,5,0,85.8,0.0
CLG0064,106.0,5.85,6.06,3,1,5,5,0,0,71.19999999999999,0.0
CLG0040,123.0,5.11,5.29,5,1,0,6,4,0,65.2,0.0
CLG0029,118.0,6.68,6.98,10,0,4,2,1,0,81.60000000000001,0.0
CLG0018,89.0,9.33,9.01,6,0,5,1,2,0,99.0,0.0
CLG0068,112.0,5.22,5.07,1,1,2,3,5,0,61.900000000000006,0.0
CLG0059,85.0,7.14,6.77,4,0,0,10,4,0,76.19999999999999,0.0
CLG0097,110.0,8.81,8.85,10,0,1,3,4,0,99.5,0.0
CLG0056,92.0,9.77,9.56,10,1,10,10,5,1,104.80000000000001,528400.0
CLG0066,84.0,9.93,10.12,6,0,2,7,4,0,109.6,0.0
CLG0012,104.0,7.11,6.61,2,1,2,7,2,0,76.50000000000001,0.0
CLG0022,59.0,9.75,9.31,10,1,1,10,1,0,99.00000000000001,0.0
CLG0062,73.0,5.18,5.11,5,1,5,6,3,0,58.4,0.0
CLG0026,97.0,8.73,9.19,9,0,6,4,1,0,101.6,0.0
CLG0014,101.0,8.21,8.6,3,0,4,8,1,0,96.1,0.0
CLG0009,94.0,6.25,6.74,3,0,6,10,5,0,76.80000000000001,0.0
CLG0074,76.0,7.54,7.46,9,0,2,2,5,0,82.19999999999999,0.0
CLG0007,87.0,5.65,5.2,3,1,10,7,0,0,60.7,0.0
CLG0047,105.0,9.36,9.17,4,0,4,1,4,0,102.2,0.0
CLG0058,108.0,6.79,6.97,9,1,2,8,4,0,80.5,0.0
CLG0020,99.0,8.13,7.77,4,1,3,5,3,0,87.6,0.0
CLG0079,117.0,5.79,5.59,5,0,5,6,0,0,67.6,0.0
CLG0056,105.0,6.03,5.59,2,0,3,6,3,0,66.4,0.0
CLG0043,88.0,9.96,9.93,8,0,3,1,5,0,108.1,0.0
CLG0098,95.0,8.77,8.48,9,0,6,7,2,0,94.30000000000001,0.0
CLG0060,78.0,9.81,9.4,10,0,5,3,0,0,101.8,0.0
CLG0052,98.0,6.48,6.39,4,0,0,2,4,0,73.7,0.0
CLG0088,116.0,5.82,5.67,3,0,7,7,3,0,68.3,0.0
CLG0066,110.0,7.52,7.56,4,1,0,10,0,0,86.6,0.0
CLG0020,121.0,7.47,7.72,7,0,8,9,0,0,89.3,0.0
CLG0013,95.0,5.87,5.48,1,1,3,4,1,0,64.30000000000001,0.0
CLG0025,120.0,8.67,8.96,2,0,6,7,0,0,101.60000000000001,0.0
CLG0036,97.0,6.81,6.34,10,1,4,5,0,0,73.1,0.0
CLG0003,122.0,5.93,5.87,5,1,9,10,4,1,70.9,395800.0
CLG0047,99.0,6.66,6.75,9,0,2,10,2,0,77.4,0.0
CLG0012,110.0,7.82,8.28,6,1,7,7,3,0,93.8,0.0
CLG0060,122.0,8.63,8.7,3,1,9,1,2,1,99.2,509000.0
CLG0097,97.0,7.41,7.07,3,1,1,10,0,0,80.4,0.0
CLG0028,103.0,7.63,7.65,7,0,10,9,4,0,86.8,0.0
CLG0075,119.0,5.69,5.59,3,1,9,6,4,0,67.8,0.0
CLG0081,98.0,9.57,9.55,10,1,2,8,4,1,105.3,531000.0
CLG0014,80.0,9.64,9.34,3,0,4,9,4,1,101.4,413600.0
CLG0031,132.0,8.42,8.42,10,0,4,1,1,0,97.4,0.0
CLG0069,92.0,5.09,4.74,7,0,4,5,0,0,56.60000000000001,0.0
CLG0066,102.0,7.69,7.93,9,0,6,7,1,0,89.5,0.0
CLG0060,117.0,8.15,8.24,9,1,7,8,1,1,94.10000000000001,488100.0
CLG0077,90.0,9.97,9.55,3,0,7,3,0,0,104.5,0.0
CLG0020,84.0,9.98,10.37,8,0,10,8,4,1,112.1,456799.99999999994
CLG0011,103.0,9.29,9.41,1,0,2,5,3,0,104.39999999999999,0.0
CLG0078,73.0,5.32,5.14,8,1,7,1,4,0,58.699999999999996,0.0
CLG0004,95.0,9.77,9.32,2,0,9,4,4,0,102.7,0.0
CLG0052,103.0,8.06,8.19,4,0,1,2,1,0,92.19999999999999,0.0
CLG0047,95.0,9.0,8.87,7,0,3,5,2,0,98.19999999999999,0.0
CLG0067,76.0,7.04,7.45,6,1,1,4,4,0,82.1,0.0
CLG0011,123.0,6.6,6.13,9,1,4,2,0,0,73.6,0.0
CLG0050,101.0,7.32,6.86,8,0,2,7,0,0,78.7,0.0
CLG0089,121.0,5.73,6.18,2,1,9,2,0,0,73.89999999999999,0.0
CLG0023,96.0,6.79,7.25,4,0,9,2,1,0,82.1,0.0
CLG0081,86.0,9.29,8.82,1,1,10,4,3,0,96.8,0.0
CLG0062,104.0,5.19,5.41,7,1,2,5,3,0,64.5,0.0
CLG0053,96.0,5.75,5.47,4,0,4,10,3,0,64.3,0.0
CLG0095,82.0,5.63,5.83,8,0,3,3,4,0,66.5,0.0
CLG0014,122.0,7.02,7.39,2,0,5,9,4,1,86.1,356600.0
CLG0047,90.0,9.98,9.58,8,1,4,10,2,1,104.8,528200.0
CLG0018,72.0,5.87,5.61,2,0,9,6,2,0,63.300000000000004,0.0
CLG0067,119.0,5.73,5.25,8,1,4,8,2,1,64.4,369500.0
CLG0099,92.0,9.58,9.12,1,0,2,5,1,0,100.39999999999999,0.0
CLG0083,90.0,9.41,8.94,2,1,3,8,3,1,98.39999999999999,502600.0
CLG0023,73.0,5.16,5.46,5,0,2,10,4,0,61.9,0.0
CLG0095,126.0,8.76,8.56,1,0,2,6,2,1,98.2,405400.0
CLG0060,80.0,8.28,8.27,5,0,9,7,1,0,90.69999999999999,0.0
CLG0059,100.0,8.84,9.13,5,0,8,2,5,0,101.30000000000001,0.0
CLG0088,113.0,7.47,7.46,7,0,9,6,2,0,85.89999999999999,0.0
CLG0050,106.0,9.96,9.89,2,1,5,5,4,0,109.5,0.0
CLG0061,99.0,5.22,4.73,2,1,9,8,2,0,57.2,0.0
CLG0017,74.0,6.17,6.24,6,1,1,5,1,0,69.80000000000001,0.0
CLG0054,87.0,6.98,6.6,10,0,0,7,5,0,74.7,0.0
CLG0091,102.0,7.25,7.51,3,1,2,4,5,0,85.3,0.0
CLG0009,88.0,9.61,9.37,8,1,2,2,1,0,102.49999999999999,0.0
CLG0032,103.0,7.8,7.97,3,0,3,3,2,0,90.0,0.0
CLG0078,110.0,5.23,5.38,10,1,3,10,4,0,64.8,0.0
CLG0022,114.0,7.04,7.16,4,0,4,4,1,0,83.0,0.0
CLG0040,81.0,7.08,6.85,7,0,3,3,3,0,76.6,0.0
CLG0078,132.0,9.83,9.6,1,1,1,7,1,0,109.2,0.0
CLG0052,111.0,8.0,8.36,1,0,10,5,0,0,94.69999999999999,0.0
CLG0078,99.0,8.18,7.69,9,0,0,3,2,0,86.80000000000001,0.0
CLG0028,116.0,8.57,8.25,6,0,9,3,3,1,94.1,388000.0
CLG0044,135.0,8.85,8.96,5,0,6,9,4,1,103.10000000000001,425900.00000000006
CLG0054,78.0,8.18,8.5,2,1,8,9,3,1,92.8,479000.0
CLG0097,96.0,6.19,6.05,2,1,8,5,5,0,70.1,0.0
CLG0048,64.0,9.37,9.52,7,0,10,2,5,0,101.6,0.0
CLG0022,102.0,8.66,8.72,6,0,0,10,1,0,97.4,0.0
CLG0035,105.0,8.71,8.27,8,1,8,5,1,0,93.19999999999999,0.0
CLG0045,99.0,9.98,10.1,3,0,0,4,0,0,110.9,0.0
CLG0028,90.0,9.01,9.32,3,0,0,6,5,0,102.2,0.0
CLG0067,69.0,9.15,9.64,5,0,1,10,3,1,103.30000000000001,420100.0
CLG0086,105.0,9.76,9.29,10,1,9,6,1,0,103.39999999999999,0.0
CLG0038,121.0,5.76,5.92,4,1,10,6,4,0,71.3,0.0
CLG0053,91.0,7.49,7.4,8,0,10,7,4,0,83.1,0.0
CLG0087,106.0,7.9,7.41,6,0,5,2,5,0,84.69999999999999,0.0
CLG0006,76.0,6.65,6.76,8,0,8,4,3,0,75.19999999999999,0.0
CLG0014,106.0,9.2,8.82,7,0,4,9,3,1,98.8,405800.0
CLG0086,94.0,8.81,8.69,2,0,8,5,0,0,96.3,0.0
CLG0036,88.0,8.6,8.36,9,0,8,1,3,0,92.39999999999999,0.0
CLG0084,88.0,9.99,9.85,6,1,7,6,4,0,107.3,0.0
CLG0051,94.0,6.3,6.29,6,0,10,5,3,0,72.3,0.0
CLG0087,105.0,8.68,8.54,2,0,6,2,1,0,95.89999999999999,0.0
CLG0077,80.0,7.76,7.81,9,0,2,3,1,0,86.1,0.0
CLG0044,94.0,6.56,6.3,1,1,9,3,5,0,72.4,0.0
CLG0045,99.0,5.8,5.94,6,0,2,7,5,0,69.30000000000001,0.0
CLG0073,83.0,9.48,9.83,8,0,3,5,3,0,106.6,0.0
CLG0041,126.0,7.98,7.7,2,0,8,9,2,1,89.6,371000.0
CLG0006,87.0,9.12,9.13,3,0,2,1,3,0,100.00000000000001,0.0
CLG0092,89.0,7.73,7.88,10,1,7,3,0,0,87.7,0.0
CLG0007,85.0,6.1,6.16,10,0,7,10,4,0,70.1,0.0
CLG0083,126.0,6.69,6.56,7,0,5,8,4,1,78.19999999999999,325400.0
CLG0095,108.0,6.91,7.05,1,0,1,3,3,0,81.3,0.0
CLG0099,85.0,9.86,9.39,5,0,5,3,2,0,102.4,0.0
CLG0093,116.0,5.03,4.9,6,1,3,8,4,1,60.6,354000.0
CLG0047,103.0,9.93,9.96,10,1,6,10,2,1,109.9,549900.0
CLG0033,103.0,9.9,9.42,7,1,10,3,4,0,104.5,0.0
CLG0022,94.0,9.98,9.99,10,0,0,2,1,0,109.30000000000001,0.0
CLG0067,88.0,7.38,7.53,10,0,2,3,0,0,84.1,0.0
CLG0077,105.0,9.82,10.08,7,1,7,2,4,0,111.3,0.0
CLG0013,91.0,6.98,6.59,3,1,0,8,3,0,75.0,0.0
CLG0056,127.0,5.13,5.62,7,1,9,5,1,0,68.9,0.0
CLG0077,80.0,6.12,6.23,1,0,2,3,2,0,70.30000000000001,0.0
CLG0012,123.0,9.73,9.59,4,1,2,8,0,1,108.2,545100.0
CLG0005,98.0,5.07,4.82,7,1,7,8,2,0,58.0,0.0
CLG0077,104.0,7.73,7.8,7,0,0,4,2,0,88.4,0.0
CLG0055,112.0,5.38,5.76,4,0,9,9,4,1,68.8,286400.0
CLG0076,90.0,6.43,6.45,1,0,4,1,1,0,73.5,0.0
CLG0074,112.0,5.44,5.6,8,0,6,7,0,0,67.2,0.0
CLG0015,59.0,9.3,9.16,4,0,3,5,1,0,97.5,0.0
CLG0066,89.0,7.96,7.85,2,1,9,7,1,0,87.4,0.0
CLG0038,86.0,9.51,9.3,4,0,2,10,5,1,101.6,415000.0
CLG0080,81.0,8.44,8.65,8,0,9,8,4,1,94.6,386500.0
CLG0097,96.0,9.86,9.72,8,0,5,3,2,0,106.8,0.0
CLG0098,105.0,7.55,7.24,5,1,4,3,1,0,82.9,0.0
CLG0055,110.0,8.19,8.06,2,1,1,1,2,0,91.60000000000001,0.0
CLG0089,103.0,7.88,8.23,7,0,5,5,1,0,92.60000000000001,0.0
CLG0055,90.0,7.42,7.66,3,1,10,8,0,0,85.6,0.0
CLG0047,105.0,9.23,9.06,6,0,2,1,3,0,101.10000000000001,0.0
CLG0090,101.0,8.22,8.63,9,1,8,2,3,0,96.4,0.0
CLG0014,114.0,9.01,8.58,5,0,2,2,3,1,97.2,400200.0
CLG0015,111.0,8.93,8.48,9,0,8,10,4,1,95.9,394700.0
CLG0035,100.0,5.96,5.59,4,0,5,2,4,0,65.9,0.0
CLG0031,86.0,8.25,7.87,9,0,7,5,2,0,87.3,0.0
CLG0034,90.0,6.0,5.59,1,0,8,10,4,0,64.9,0.0
CLG0073,91.0,7.92,8.08,4,1,7,7,3,0,89.89999999999999,0.0
CLG0007,95.0,8.39,8.49,1,1,10,3,4,0,94.4,0.0
CLG0038,104.0,9.99,10.14,9,1,1,1,3,0,111.80000000000001,0.0
CLG0001,110.0,5.15,5.34,8,0,2,9,1,0,64.4,0.0
CLG0087,99.0,5.46,5.72,8,0,7,9,5,0,67.1,0.0
CLG0014,100.0,5.39,5.1,7,1,4,4,3,0,61.0,0.0
CLG0025,102.0,6.99,7.11,9,0,9,5,3,0,81.30000000000001,0.0
CLG0008,92.0,9.11,9.19,3,0,3,4,0,0,101.1,0.0
CLG0040,86.0,9.22,9.66,7,1,5,8,5,1,105.19999999999999,529400.0
CLG0006,73.0,8.68,8.41,6,1,5,1,0,0,91.39999999999999,0.0
CLG0079,89.0,9.48,9.04,5,1,6,4,0,0,99.3,0.0
CLG0020,107.0,6.61,6.76,9,0,4,4,0,0,78.3,0.0
CLG0081,89.0,5.44,5.68,4,0,0,3,3,0,65.7,0.0
CLG0096,96.0,5.29,5.07,3,1,7,4,2,0,60.300000000000004,0.0
CLG0059,106.0,9.26,9.33,3,0,0,7,0,0,103.89999999999999,0.0
CLG0006,107.0,8.65,8.21,2,0,3,5,4,0,92.80000000000001,0.0
CLG0039,83.0,8.49,8.95,1,0,2,3,4,0,97.8,0.0
CLG0092,114.0,6.7,6.31,3,1,2,6,4,0,74.5,0.0
CLG0010,116.0,6.9,6.47,8,0,5,10,3,1,76.3,316800.0
CLG0009,83.0,9.79,9.33,6,1,7,9,1,0,101.6,0.0
CLG0034,87.0,5.32,5.25,2,0,4,3,5,0,61.2,0.0
CLG0077,117.0,8.87,8.47,8,0,5,2,5,1,96.4,397300.0
CLG0055,97.0,6.55,6.79,5,1,5,9,1,0,77.60000000000001,0.0
CLG0075,66.0,5.2,5.6,4,0,0,5,0,0,62.6,0.0
CLG0075,79.0,8.71,8.47,1,0,6,10,4,1,92.60000000000001,378300.0
CLG0094,96.0,6.65,6.78,1,0,0,5,5,0,77.39999999999999,0.0
CLG0092,82.0,8.61,8.15,4,0,6,7,0,0,89.7,0.0
CLG0087,93.0,8.54,8.43,9,0,7,2,3,0,93.6,0.0
CLG0061,100.0,7.67,7.46,10,0,3,10,4,0,84.6,0.0
CLG0059,121.0,8.89,8.62,10,1,7,5,0,0,98.29999999999998,0.0
CLG0079,95.0,7.91,8.05,6,0,5,8,2,1,90.0,369500.0
CLG0011,116.0,6.43,6.06,1,0,5,8,3,1,72.19999999999999,300400.0
CLG0013,121.0,8.67,9.03,8,0,10,10,5,1,102.39999999999999,421700.0
CLG0062,121.0,7.95,8.11,9,1,10,7,5,1,93.19999999999999,484900.0
CLG0092,104.0,5.06,5.27,2,0,8,5,3,0,63.099999999999994,0.0
CLG0071,70.0,9.51,9.95,6,0,5,4,3,0,106.5,0.0
CLG0095,106.0,7.73,8.17,7,0,10,2,2,0,92.3,0.0
CLG0022,115.0,9.34,9.39,1,0,4,2,5,1,105.4,433100.0
CLG0038,98.0,9.41,9.41,5,1,9,3,1,0,103.89999999999999,0.0
CLG0014,126.0,7.22,7.06,5,1,9,3,5,0,83.19999999999999,0.0
CLG0006,112.0,7.54,7.76,3,0,5,7,1,0,88.8,0.0
CLG0031,108.0,7.08,7.12,2,1,7,6,2,0,82.0,0.0
CLG0051,116.0,7.25,7.68,1,0,8,1,5,0,88.39999999999999,0.0
CLG0003,105.0,9.48,9.22,6,0,9,6,1,0,102.7,0.0
CLG0017,62.0,8.94,8.75,7,0,9,5,2,0,93.7,0.0
CLG0020,92.0,5.63,5.45,2,0,10,6,0,0,63.7,0.0
CLG0007,117.0,8.05,8.36,2,0,7,8,2,1,95.3,392900.0
CLG0017,87.0,9.98,9.58,5,1,7,1,1,0,104.5,0.0
CLG0058,96.0,7.98,7.94,5,1,6,6,2,0,89.0,0.0
CLG0090,84.0,8.93,8.86,3,0,0,4,2,0,97.0,0.0
CLG0027,126.0,8.85,8.42,3,0,3,9,4,1,96.8,399800.0
CLG0013,125.0,6.75,6.66,1,0,3,10,2,1,79.1,328900.0
CLG0005,86.0,6.86,6.87,3,0,2,8,1,0,77.3,0.0
CLG0065,102.0,8.62,8.19,9,0,3,7,3,0,92.1,0.0
CLG0017,89.0,7.5,7.51,2,0,1,3,0,0,84.0,0.0
CLG0037,109.0,7.85,8.31,1,1,2,9,2,1,94.00000000000001,486900.0
CLG0016,107.0,8.56,9.04,9,0,2,3,1,0,101.1,0.0
CLG0018,112.0,8.89,8.92,5,1,9,6,5,1,100.4,512800.0
CLG0092,104.0,6.36,6.38,8,0,0,2,5,0,74.2,0.0
CLG0003,141.5,5.73,5.52,4,0,6,8,1,0,69.35,0.0
CLG0018,84.0,6.46,6.96,8,1,3,1,4,0,78.0,0.0
CLG0041,74.0,7.54,7.31,5,0,7,1,5,0,80.5,0.0
CLG0094,94.0,6.71,6.66,6,0,8,8,1,0,76.0,0.0
CLG0096,76.0,7.84,7.34,6,0,1,9,3,0,81.0,0.0
CLG0078,77.0,5.27,5.12,6,1,1,10,1,0,58.900000000000006,0.0
CLG0017,84.0,7.55,7.12,2,0,1,9,3,0,79.60000000000001,0.0
CLG0083,86.0,6.84,7.08,10,0,7,8,5,0,79.39999999999999,0.0
CLG0061,85.0,7.67,7.73,10,1,1,10,0,0,85.80000000000001,0.0
CLG0047,107.0,7.11,7.18,9,1,5,8,2,0,82.5,0.0
CLG0072,92.0,6.42,6.21,7,0,4,4,0,0,71.3,0.0
CLG0068,97.0,9.52,9.83,3,1,9,8,2,1,108.0,541700.0
CLG0024,113.0,5.92,5.42,2,0,8,7,5,0,65.5,0.0
CLG0093,88.0,8.41,8.24,4,0,1,9,0,0,91.2,0.0
CLG0047,96.0,9.62,9.78,8,1,0,10,3,1,107.39999999999999,539200.0
CLG0056,105.0,7.69,8.1,9,0,1,8,2,1,91.5,376500.0
CLG0075,70.0,9.38,9.11,10,0,9,10,2,1,98.1,399400.0
CLG0076,64.0,5.62,5.66,2,1,4,2,0,0,63.0,0.0
CLG0014,105.0,7.47,7.51,6,0,7,8,4,0,85.6,0.0
CLG0071,107.0,7.29,7.66,8,1,7,8,5,0,87.3,0.0
CLG0067,130.0,5.04,4.59,3,1,1,10,4,1,58.9,348600.0
CLG0096,102.0,7.22,7.14,9,1,4,10,0,0,81.6,0.0
CLG0011,112.0,6.85,6.53,4,1,1,9,1,0,76.5,0.0
CLG0002,97.0,8.35,7.87,5,0,6,3,0,0,88.4,0.0
CLG0017,104.0,9.69,9.34,7,0,9,8,5,1,103.80000000000001,425600.0
CLG0042,125.0,5.43,5.91,5,1,7,8,3,1,71.6,398900.0
CLG0058,68.0,6.64,6.35,4,1,4,10,3,0,70.3,0.0
CLG0023,106.0,7.22,7.66,4,0,10,4,1,0,87.19999999999999,0.0
CLG0033,132.0,7.28,6.99,5,1,0,5,5,0,83.10000000000001,0.0
CLG0086,104.0,8.87,9.3,3,1,6,2,4,0,103.4,0.0
CLG0045,124.0,7.22,7.37,9,0,2,6,3,0,86.10000000000001,0.0
CLG0078,90.0,5.14,4.75,2,0,1,10,5,0,56.5,0.0
CLG0049,99.0,8.55,8.63,7,0,5,9,3,1,96.20000000000002,394700.00000000006
CLG0020,100.0,9.42,9.24,4,1,1,3,2,0,102.4,0.0
CLG0053,66.0,7.57,7.45,8,0,9,6,5,0,81.1,0.0
CLG0017,82.0,7.91,7.85,7,0,7,8,2,0,86.7,0.0
CLG0008,83.0,5.81,5.73,8,0,2,2,1,0,65.60000000000001,0.0
CLG0007,112.0,6.1,6.26,4,1,1,10,3,1,73.8,406400.0
CLG0037,113.0,6.18,6.45,2,0,7,1,0,0,75.8,0.0
CLG0100,104.0,7.15,6.98,7,1,5,6,4,0,80.20000000000002,0.0
CLG0049,112.0,9.64,10.06,9,0,3,3,1,0,111.80000000000001,0.0
CLG0068,97.0,7.61,8.05,6,1,4,2,0,0,90.2,0.0
CLG0030,118.0,5.96,5.5,7,0,9,10,0,0,66.8,0.0
CLG0052,100.0,6.33,5.84,6,1,6,8,1,0,68.4,0.0
CLG0054,100.0,6.92,6.85,2,0,3,9,1,0,78.5,0.0
CLG0052,96.0,8.12,8.21,9,1,10,7,3,0,91.7,0.0
CLG0085,110.0,7.2,6.98,5,0,6,9,4,0,80.80000000000001,0.0
CLG0042,93.0,6.96,6.72,3,0,5,7,5,0,76.5,0.0
CLG0027,114.0,7.82,8.0,4,0,4,3,3,0,91.4,0.0
CLG0003,83.0,6.21,6.31,4,1,2,1,5,0,71.39999999999999,0.0
CLG0095,83.0,5.39,5.06,9,0,0,1,5,0,58.89999999999999,0.0
CLG0016,110.0,5.12,5.5,5,1,7,5,0,0,66.0,0.0
CLG0077,98.0,6.26,6.44,2,0,10,9,5,0,74.2,0.0
CLG0071,93.0,5.46,5.32,6,0,6,10,3,0,62.5,0.0
CLG0075,113.0,6.68,6.86,7,0,5,6,3,0,79.9,0.0
CLG0098,90.0,8.86,8.47,8,1,3,2,4,0,93.7,0.0
CLG0042,96.0,8.58,8.55,5,1,4,6,2,0,95.1,0.0
CLG0075,120.0,8.05,7.72,8,0,4,4,4,0,89.2,0.0
CLG0096,123.0,9.26,8.8,8,1,1,9,3,1,100.3,513500.0
CLG0056,123.0,6.41,6.25,4,0,5,10,2,1,74.8,311500.0
CLG0033,95.0,9.43,9.08,7,0,10,3,5,0,100.3,0.0
CLG0029,118.0,7.0,7.13,9,0,4,7,0,0,83.1,0.0
CLG0095,85.0,7.0,7.17,10,0,0,10,4,0,80.2,0.0
CLG0091,86.0,7.03,6.68,4,0,8,8,1,0,75.39999999999999,0.0
CLG0062,64.0,5.49,5.01,9,1,6,2,0,0,56.49999999999999,0.0
CLG0066,125.0,9.88,10.17,4,0,10,10,2,1,114.2,469300.0
CLG0008,87.0,5.69,5.19,1,1,1,7,0,0,60.60000000000001,0.0
CLG0043,98.0,6.7,6.54,4,1,5,5,1,0,75.2,0.0
CLG0047,86.0,6.6,6.59,2,1,0,1,1,0,74.5,0.0
CLG0012,110.0,5.37,5.69,6,1,1,7,4,0,67.9,0.0
CLG0084,94.0,5.76,6.1,8,0,6,10,5,0,70.4,0.0
CLG0040,80.0,5.22,5.44,6,0,2,8,4,0,62.400000000000006,0.0
CLG0005,106.0,6.46,6.21,9,1,6,1,3,0,72.7,0.0
CLG0056,78.0,9.33,9.55,6,0,5,4,3,0,103.3,0.0
CLG0057,87.0,6.7,6.45,7,1,4,4,0,0,73.2,0.0
CLG0077,68.0,5.62,5.33,5,1,9,5,1,0,60.099999999999994,0.0
CLG0001,78.0,8.23,8.28,8,1,8,5,0,0,90.6,0.0
CLG0033,102.0,9.98,10.16,2,0,9,4,2,0,111.8,0.0
CLG0060,70.0,6.16,5.71,2,0,4,1,2,0,64.1,0.0
CLG0073,77.0,6.4,5.96,8,0,4,9,3,0,67.3,0.0
CLG0034,99.0,9.86,10.14,6,0,7,5,5,0,111.30000000000001,0.0
CLG0072,91.0,5.89,6.25,2,0,6,1,0,0,71.6,0.0
CLG0033,129.0,7.56,7.66,6,0,0,3,2,0,89.5,0.0
CLG0100,127.0,6.2,6.13,8,0,9,1,3,0,74.0,0.0
CLG0056,86.0,9.66,10.01,6,0,1,7,0,0,108.69999999999999,0.0
CLG0076,108.0,9.91,10.14,9,0,3,10,1,0,112.2,0.0
CLG0100,111.0,9.07,9.15,6,1,8,10,2,1,102.6,521500.0
CLG0083,91.0,6.57,6.39,3,1,6,10,5,0,73.0,0.0
CLG0021,77.0,7.02,6.72,9,0,1,7,2,0,74.9,0.0
CLG0097,99.0,6.21,6.13,10,1,10,6,1,0,71.2,0.0
CLG0068,97.0,9.45,9.24,5,0,7,9,3,1,102.10000000000001,418100.0
CLG0004,93.0,9.57,9.41,6,0,0,7,2,0,103.39999999999999,0.0
CLG0049,106.0,7.09,7.11,4,0,7,5,1,0,81.7,0.0
CLG0011,88.0,8.28,7.95,3,1,4,7,3,0,88.3,0.0
CLG0090,82.0,5.83,6.14,10,0,0,10,4,0,69.6,0.0
CLG0005,101.0,7.17,6.82,5,0,2,4,3,0,78.3,0.0
CLG0060,105.0,8.16,8.14,3,0,10,10,2,1,91.9,378100.0
CLG0030,82.0,6.93,7.18,2,0,6,9,3,0,80.0,0.0
CLG0066,113.0,6.79,6.78,6,0,6,6,5,0,79.1,0.0
CLG0088,73.0,5.0,4.86,8,0,7,4,2,0,55.9,0.0
CLG0016,91.0,9.02,8.99,3,1,10,5,3,0,99.0,0.0
CLG0082,96.0,9.45,9.8,6,1,10,8,4,1,107.6,540000.0
CLG0076,90.0,9.85,10.34,9,0,3,7,3,0,112.4,0.0
CLG0090,91.0,8.6,8.73,1,1,5,6,4,0,96.4,0.0
CLG0012,128.0,7.74,8.03,3,0,6,2,2,1,93.1,385200.0
CLG0026,87.0,6.35,5.86,2,0,7,3,3,0,67.3,0.0
CLG0068,136.0,10.0,10.38,8,1,2,1,1,0,117.4,0.0
CLG0027,106.0,7.95,8.4,9,1,4,3,5,0,94.6,0.0
CLG0053,101.0,8.41,8.49,10,0,7,2,4,0,95.0,0.0
CLG0087,107.0,8.41,8.66,6,1,5,10,0,0,97.3,0.0
CLG0085,137.0,9.23,9.24,3,0,0,6,4,1,106.10000000000001,438100.0
CLG0048,85.0,5.05,4.84,10,0,1,4,3,0,56.9,0.0
CLG0037,83.0,6.1,6.45,8,0,2,10,4,0,72.8,0.0
CLG0098,88.0,8.33,8.43,10,1,6,3,3,0,93.1,0.0
CLG0045,100.0,9.48,9.56,7,1,9,8,2,1,105.60000000000001,532400.0
CLG0075,74.0,8.43,8.59,2,0,2,5,2,0,93.30000000000001,0.0
CLG0003,100.0,7.07,7.43,7,0,8,4,5,0,84.3,0.0
CLG0006,125.0,6.81,7.04,1,0,8,6,1,0,82.9,0.0
CLG0078,102.0,8.69,8.4,8,0,10,4,0,0,94.2,0.0
CLG0006,95.0,8.71,8.68,5,1,7,10,5,1,96.3,494700.0
CLG0077,90.0,8.04,8.52,9,0,8,10,2,1,94.19999999999999,385800.0
CLG0029,113.0,6.46,6.51,3,0,7,5,1,0,76.39999999999999,0.0
CLG0033,87.0,9.63,10.07,7,1,8,4,0,0,109.4,0.0
CLG0017,127.0,7.76,8.07,8,1,3,9,1,1,93.4,486300.0
CLG0057,129.0,8.95,9.12,1,0,3,2,2,1,104.1,429299.99999999994
CLG0011,103.0,6.07,5.92,6,1,4,1,5,0,69.5,0.0
CLG0066,99.0,6.72,6.52,2,0,6,7,0,0,75.1,0.0
CLG0034,115.0,9.37,9.51,8,1,8,9,2,1,106.6,537900.0
CLG0095,116.0,5.25,5.18,6,0,3,9,3,1,63.4,265200.0
CLG0016,87.0,7.56,7.86,3,0,6,4,5,0,87.30000000000001,0.0
CLG0041,92.0,7.41,7.67,4,1,5,4,0,0,85.9,0.0
CLG0037,80.0,8.76,8.57,7,0,8,1,1,0,93.7,0.0
CLG0022,106.0,6.41,6.61,9,1,8,1,3,0,76.7,0.0
CLG0046,109.0,6.1,6.09,10,1,8,1,1,0,71.8,0.0
CLG0035,79.0,9.63,9.45,2,0,4,6,2,0,102.4,0.0
CLG0007,93.0,7.86,7.77,9,0,2,6,2,0,86.99999999999999,0.0
CLG0050,79.0,5.52,5.92,6,0,5,5,3,0,67.10000000000001,0.0
CLG0015,86.0,5.97,5.83,2,0,1,10,3,0,66.89999999999999,0.0
CLG0004,108.0,9.99,9.78,8,0,6,10,0,0,108.6,0.0
CLG0088,88.0,5.98,5.83,4,1,6,2,1,0,67.1,0.0
CLG0013,95.0,8.05,7.76,8,1,1,6,4,0,87.1,0.0
CLG0029,75.0,7.1,7.14,7,0,5,1,2,0,78.89999999999999,0.0
CLG0050,102.0,9.43,9.08,7,1,3,3,4,0,101.0,0.0
CLG0016,99.0,8.78,9.1,7,0,6,5,4,0,100.9,0.0
CLG0001,89.0,7.98,7.71,2,0,7,10,3,0,86.0,0.0
CLG0034,97.0,5.05,5.15,8,0,9,5,1,0,61.2,0.0
CLG0098,102.0,9.4,9.03,2,0,10,7,4,0,100.5,0.0
CLG0080,87.0,7.22,7.7,3,0,0,5,1,0,85.7,0.0
CLG0096,77.0,9.66,9.61,10,0,4,10,3,1,103.8,422900.0
CLG0033,127.0,7.48,7.8,7,0,8,6,5,0,90.7,0.0
CLG0015,90.0,8.47,8.74,7,0,1,7,5,0,96.4,0.0
CLG0081,98.0,5.35,5.56,7,1,3,2,5,0,65.39999999999999,0.0
CLG0058,115.0,8.73,9.06,4,0,7,3,5,1,102.10000000000001,419900.0
CLG0081,141.5,6.69,6.29,5,0,4,3,4,0,77.05,0.0
CLG0035,81.0,6.76,6.94,7,0,7,1,4,0,77.5,0.0
CLG0053,106.0,5.59,5.36,8,1,9,9,2,0,64.2,0.0
CLG0029,89.0,5.73,6.02,3,0,9,10,4,0,69.1,0.0
CLG0076,91.0,5.93,6.39,6,0,0,9,0,0,73.0,0.0
CLG0058,89.0,6.64,7.04,9,0,6,9,3,0,79.30000000000001,0.0
CLG0077,83.0,9.46,9.07,10,1,5,9,0,0,99.0,0.0
CLG0021,99.0,6.84,6.71,5,0,1,8,5,0,77.0,0.0
CLG0039,77.0,8.62,8.48,4,1,6,5,4,0,92.50000000000001,0.0
CLG0001,114.0,5.41,5.03,9,0,2,9,4,1,61.7,258200.0
CLG0049,100.0,7.96,7.56,4,1,3,7,0,0,85.6,0.0
CLG0077,106.0,7.41,7.29,3,0,10,2,2,0,83.5,0.0
CLG0043,93.0,9.89,10.38,7,1,5,7,2,0,113.10000000000001,0.0
CLG0088,94.0,9.23,9.3,5,0,2,4,0,0,102.4,0.0
CLG0088,104.0,7.27,7.39,1,0,0,7,0,0,84.3,0.0
CLG0077,82.0,8.88,8.85,8,0,9,7,3,0,96.7,0.0
CLG0100,94.0,5.97,6.13,1,0,0,3,2,0,70.7,0.0
CLG0005,87.0,7.81,8.27,9,1,5,3,5,0,91.39999999999999,0.0
CLG0055,86.0,5.37,5.46,1,1,3,10,1,0,63.2,0.0
CLG0078,68.0,6.74,6.31,4,1,6,10,5,0,69.89999999999999,0.0
CLG0080,120.0,6.13,6.12,10,0,8,6,4,0,73.2,0.0
CLG0070,89.0,8.59,9.08,4,0,7,2,4,0,99.7,0.0
CLG0002,117.0,7.45,7.34,9,0,2,8,0,0,85.10000000000001,0.0
CLG0068,116.0,8.76,8.85,1,0,6,8,5,1,100.1,412000.0
CLG0063,80.0,7.58,7.19,10,0,0,4,1,0,79.9,0.0
CLG0080,83.0,5.43,5.07,9,1,1,2,2,0,59.0,0.0
CLG0100,138.0,8.68,9.05,4,1,8,9,2,1,104.3,531000.0
CLG0085,126.0,9.17,8.97,7,1,9,9,2,1,102.3,521800.0
CLG0081,99.0,9.52,9.33,9,1,7,2,5,0,103.2,0.0
CLG0067,103.0,7.86,7.75,7,0,6,10,0,0,87.8,0.0
CLG0088,90.0,8.77,9.24,2,0,10,4,0,0,101.4,0.0
CLG0070,106.0,8.76,8.34,6,1,9,1,4,0,94.0,0.0
CLG0083,89.0,5.78,6.1,6,0,1,6,5,0,69.9,0.0
CLG0098,69.0,5.82,5.66,3,0,1,1,4,0,63.5,0.0
CLG0086,80.0,5.35,5.7,4,1,6,7,2,0,65.0,0.0
CLG0003,100.0,6.6,7.09,6,0,6,9,4,0,80.9,0.0
CLG0039,83.0,7.37,7.22,6,1,5,9,4,0,80.5,0.0
CLG0087,98.0,9.99,9.62,1,0,9,2,2,0,105.99999999999999,0.0
CLG0011,83.0,7.15,6.79,10,1,4,8,0,0,76.2,0.0
CLG0096,88.0,8.63,8.89,8,0,5,3,4,0,97.7,0.0
CLG0030,112.0,8.47,8.11,9,0,8,5,0,0,92.3,0.0
CLG0050,103.0,6.02,5.78,2,0,3,4,1,0,68.10000000000001,0.0
CLG0100,99.0,5.29,4.99,4,0,9,6,0,0,59.800000000000004,0.0
CLG0067,113.0,7.73,7.59,6,0,0,7,3,0,87.2,0.0
CLG0048,107.0,8.5,8.07,2,1,8,9,3,1,91.4,476300.0
CLG0040,121.0,9.99,10.35,7,1,7,10,2,1,115.6,574500.0
CLG0100,93.0,6.79,7.15,6,1,10,5,3,0,80.8,0.0
CLG0016,93.0,9.48,9.39,8,1,1,2,1,0,103.2,0.0
CLG0032,80.0,6.91,7.02,7,0,3,4,0,0,78.19999999999999,0.0
CLG0100,93.0,8.45,8.59,10,1,2,2,0,0,95.2,0.0
CLG0062,114.0,7.99,8.24,1,0,2,1,5,1,93.80000000000001,386600.0
CLG0086,119.0,5.26,5.28,10,1,5,2,4,0,64.7,0.0
CLG0076,114.0,5.39,5.4,10,1,6,7,4,0,65.4,0.0
CLG0040,73.0,5.1,5.23,5,0,7,2,4,0,59.6,0.0
CLG0078,116.0,6.85,7.05,6,1,6,4,0,0,82.1,0.0
CLG0071,72.0,8.73,8.58,7,1,8,5,0,0,93.0,0.0
CLG0066,113.0,5.86,5.69,4,1,1,3,5,0,68.2,0.0
CLG0011,94.0,8.03,7.8,9,1,9,4,4,0,87.4,0.0
CLG0074,110.0,6.44,6.49,1,0,3,10,5,0,75.9,0.0
CLG0006,80.0,8.98,8.84,3,0,1,3,0,0,96.4,0.0
CLG0009,117.0,8.99,9.03,10,0,10,8,1,1,102.0,419700.0
CLG0019,78.0,8.88,8.79,2,0,2,10,4,1,95.69999999999999,390599.99999999994
CLG0025,89.0,7.62,7.96,2,0,9,8,3,0,88.5,0.0
CLG0005,85.0,6.42,5.99,1,1,0,3,4,0,68.4,0.0
CLG0005,73.0,9.05,9.12,3,1,7,9,3,1,98.49999999999999,501299.99999999994
CLG0054,101.0,5.93,6.01,10,1,4,9,2,0,70.19999999999999,0.0
CLG0067,127.0,6.45,6.33,5,1,4,7,3,0,76.0,0.0
CLG0068,140.0,5.92,5.84,6,0,7,1,5,0,72.4,0.0
CLG0012,101.0,8.37,8.67,8,1,10,10,1,0,96.8,0.0
CLG0090,116.0,8.43,8.21,4,1,8,3,0,0,93.7,0.0
CLG0006,103.0,8.26,8.63,1,0,8,8,5,1,96.60000000000001,396700.00000000006
CLG0074,107.0,7.08,7.48,9,0,9,6,5,0,85.50000000000001,0.0
CLG0091,94.0,5.5,5.65,3,0,8,9,1,0,65.9,0.0
CLG0087,102.0,9.56,9.83,8,1,1,10,2,1,108.5,544200.0
CLG0038,108.0,7.54,7.65,4,0,6,9,5,0,87.3,0.0
CLG0030,91.0,7.03,7.06,3,1,6,1,1,0,79.69999999999999,0.0
CLG0037,98.0,7.94,8.41,3,0,3,6,1,0,93.89999999999999,0.0
CLG0025,99.0,5.96,5.74,4,1,4,3,2,0,67.30000000000001,0.0
CLG0044,112.0,5.66,5.31,4,0,5,5,1,0,64.3,0.0
CLG0060,84.0,7.03,6.82,7,0,6,1,2,0,76.60000000000001,0.0
CLG0014,99.0,6.14,6.25,2,1,1,7,0,0,72.4,0.0
CLG0067,128.0,6.22,5.91,8,0,9,6,4,0,71.9,0.0
CLG0068,117.0,9.46,9.87,2,1,1,10,0,1,110.39999999999999,553300.0
CLG0036,120.0,7.65,7.56,1,1,1,5,0,0,87.6,0.0
CLG0025,100.0,7.42,7.77,8,1,4,2,0,0,87.69999999999999,0.0
CLG0008,104.0,8.45,8.2,4,0,5,8,1,0,92.4,0.0
CLG0025,115.0,9.76,9.57,6,1,10,5,0,0,107.2,0.0
CLG0036,123.0,5.56,5.12,1,1,5,2,2,0,63.5,0.0
CLG0030,70.0,9.17,8.93,3,0,2,4,2,0,96.3,0.0
CLG0079,80.0,7.92,7.91,7,0,3,10,5,0,87.1,0.0
CLG0060,119.0,5.73,6.18,7,0,6,8,5,1,73.7,306700.0
CLG0045,95.0,6.49,6.38,8,0,6,8,2,0,73.3,0.0
CLG0047,89.0,7.41,7.55,2,1,5,3,5,0,84.4,0.0
CLG0050,81.0,8.46,8.39,7,0,0,10,2,1,92.0,376100.0
CLG0069,91.0,6.21,5.76,4,0,9,8,5,0,66.69999999999999,0.0
CLG0082,78.0,7.67,7.67,6,1,5,10,0,0,84.5,0.0
CLG0096,131.0,8.42,7.99,4,1,0,9,3,1,93.0,485100.0
CLG0042,99.0,7.24,7.62,9,0,10,2,5,0,86.10000000000001,0.0
CLG0050,99.0,9.32,9.57,1,1,4,6,4,0,105.60000000000001,0.0
CLG0007,108.0,9.35,9.23,1,0,5,3,3,0,103.10000000000001,0.0
CLG0004,114.0,7.35,7.49,5,0,6,5,1,0,86.30000000000001,0.0
CLG0054,114.0,9.86,9.47,5,0,7,4,0,0,106.10000000000001,0.0
CLG0045,116.0,5.38,5.58,8,1,8,8,3,1,67.39999999999999,381200.0
CLG0031,90.0,5.02,5.34,7,0,5,7,0,0,62.4,0.0
CLG0080,95.0,6.9,7.22,3,1,10,7,2,0,81.7,0.0
CLG0061,111.0,8.01,7.79,8,1,6,1,1,0,89.0,0.0
CLG0045,92.0,8.15,7.91,4,0,3,6,3,0,88.3,0.0
CLG0003,99.0,7.38,7.4,3,1,9,2,4,0,83.9,0.0
CLG0047,105.0,5.62,6.09,2,0,6,8,2,0,71.4,0.0
CLG0049,111.0,5.85,6.27,9,0,9,6,5,0,73.8,0.0
CLG0003,73.0,9.26,9.12,7,0,0,9,2,1,98.49999999999999,401299.99999999994
CLG0003,110.0,9.34,9.62,5,0,2,10,5,1,107.19999999999999,439799.99999999994
CLG0093,96.0,8.37,8.79,9,0,0,1,5,0,97.49999999999999,0.0
CLG0083,110.0,8.32,8.08,3,0,10,8,1,0,91.8,0.0
CLG0004,111.0,7.99,8.32,6,0,7,2,5,1,94.3,388300.0
CLG0059,124.0,6.01,5.78,8,0,2,7,2,0,70.2,0.0
CLG0035,120.0,7.14,6.98,9,0,6,3,2,0,81.80000000000001,0.0
CLG0053,120.0,8.48,8.18,4,0,1,7,5,1,93.8,387200.0
CLG0016,121.0,7.69,7.7,1,1,4,1,3,0,89.1,0.0
CLG0051,104.0,5.09,5.43,8,1,2,10,2,0,64.7,0.0
CLG0026,100.0,9.77,9.8,10,0,9,9,1,0,108.0,0.0
CLG0038,113.0,9.22,8.84,3,1,2,6,5,1,99.7,510100.0
CLG0068,110.0,6.3,6.05,6,1,4,7,0,0,71.5,0.0
CLG0034,95.0,8.08,8.14,4,0,7,9,1,0,90.9,0.0
CLG0021,106.0,9.62,9.7,6,1,1,10,1,0,107.6,0.0
CLG0041,99.0,5.48,5.56,3,1,10,1,0,0,65.5,0.0
CLG0059,87.0,7.52,7.1,7,0,3,8,3,0,79.7,0.0
CLG0089,119.0,7.28,7.53,2,0,3,7,4,0,87.2,0.0
CLG0003,100.0,7.05,7.46,5,1,10,2,5,0,84.6,0.0
CLG0056,130.0,9.18,9.19,3,0,4,1,5,1,104.89999999999999,432600.0
CLG0062,75.0,6.9,7.12,5,0,5,10,4,0,78.7,0.0
CLG0018,91.0,5.32,5.73,3,1,8,1,1,0,66.4,0.0
CLG0089,100.0,5.33,5.47,9,1,4,4,3,0,64.69999999999999,0.0
CLG0096,117.0,5.21,5.38,8,0,9,5,3,0,65.5,0.0
CLG0084,105.0,7.05,7.27,2,0,7,7,3,0,83.19999999999999,0.0
CLG0015,104.0,8.59,8.35,8,1,4,8,3,1,93.9,486000.0
CLG0066,83.0,6.02,6.1,8,1,2,2,1,0,69.3,0.0
CLG0030,82.0,8.23,8.57,10,1,5,9,5,1,93.9,483800.0
CLG0076,104.0,8.44,8.24,3,1,3,7,2,0,92.80000000000001,0.0
CLG0039,79.0,6.28,6.68,10,0,4,6,5,0,74.7,0.0
CLG0064,92.0,8.0,8.12,5,0,7,8,4,1,90.39999999999999,370799.99999999994
CLG0057,107.0,8.42,8.34,2,0,10,2,4,0,94.10000000000001,0.0
CLG0063,85.0,7.33,7.45,10,1,10,1,5,0,83.0,0.0
CLG0007,124.0,6.68,6.58,6,1,3,5,0,0,78.2,0.0
CLG0086,118.0,8.1,8.44,2,0,6,9,1,1,96.19999999999999,396600.0
CLG0072,76.0,9.89,9.87,4,0,2,7,4,0,106.29999999999998,0.0
CLG0087,86.0,7.13,7.53,3,0,3,7,1,0,83.89999999999999,0.0
CLG0023,65.0,6.96,6.97,1,1,7,9,5,0,76.2,0.0
CLG0076,88.0,7.32,7.48,8,0,7,5,1,0,83.60000000000001,0.0
CLG0006,111.0,5.38,5.88,8,0,8,5,5,0,69.89999999999999,0.0
CLG0058,93.0,7.77,7.42,1,0,3,7,3,0,83.5,0.0
CLG0014,106.0,6.64,6.88,6,1,9,6,0,0,79.39999999999999,0.0
CLG0028,77.0,5.61,5.25,1,0,3,10,1,0,60.2,0.0
CLG0005,111.0,7.33,7.67,9,0,4,6,5,0,87.8,0.0
CLG0068,91.0,5.02,5.12,1,0,4,8,4,0,60.300000000000004,0.0
CLG0056,100.0,7.01,7.45,3,1,2,4,4,0,84.5,0.0
CLG0025,98.0,5.53,5.9,9,0,0,2,0,0,68.8,0.0
CLG0027,80.0,5.12,4.69,1,0,9,3,1,0,54.900000000000006,0.0
CLG0060,82.0,9.12,8.76,2,1,0,10,3,1,95.8,491400.0
CLG0004,114.0,9.58,9.68,4,1,7,4,0,0,108.2,0.0
CLG0029,105.0,6.04,6.06,7,0,3,5,1,0,71.1,0.0
CLG0091,115.0,7.7,7.37,8,0,10,2,0,0,85.2,0.0
CLG0007,104.0,6.39,6.02,1,0,9,8,3,0,70.6,0.0
CLG0032,102.0,7.47,7.53,1,0,10,5,2,0,85.5,0.0
CLG0020,74.0,7.18,6.73,5,0,1,7,2,0,74.70000000000002,0.0
CLG0064,95.0,6.35,6.72,8,0,5,9,2,0,76.7,0.0
CLG0043,99.0,8.5,8.81,1,1,8,7,3,0,98.00000000000001,0.0
CLG0100,129.0,5.63,5.92,3,0,4,4,3,0,72.10000000000001,0.0
CLG0030,110.0,5.27,4.79,6,1,2,3,0,0,58.9,0.0
CLG0060,123.0,8.84,8.39,1,0,3,8,5,1,96.2,397100.0
CLG0093,108.0,8.33,8.38,3,1,1,9,4,1,94.60000000000001,489200.00000000006
CLG0028,89.0,7.49,7.98,1,1,6,5,3,0,88.70000000000002,0.0
CLG0040,101.0,7.34,7.18,4,0,3,6,3,0,81.89999999999999,0.0
CLG0067,103.0,7.49,7.33,9,0,3,10,2,0,83.6,0.0
CLG0091,85.0,7.19,6.82,5,1,7,10,2,0,76.7,0.0
CLG0085,94.0,6.96,7.13,3,1,9,6,5,0,80.7,0.0
CLG0037,96.0,7.5,7.65,10,0,4,3,2,0,86.1,0.0
CLG0099,124.0,7.64,7.24,7,0,2,4,4,0,84.80000000000001,0.0
CLG0059,68.0,8.46,8.43,6,0,5,9,2,1,91.1,371200.0
CLG0020,118.0,8.56,8.73,9,0,7,6,2,1,99.10000000000001,408200.0
CLG0063,85.0,6.89,6.88,4,1,9,5,5,0,77.3,0.0
CLG0073,79.0,7.07,7.24,4,1,0,9,4,0,80.30000000000001,0.0
CLG0035,117.0,6.87,7.19,9,0,8,8,2,1,83.60000000000001,346100.0
CLG0058,110.0,7.68,7.87,2,0,3,9,0,0,89.7,0.0
CLG0010,118.0,7.27,7.39,10,0,4,9,0,0,85.69999999999999,0.0
CLG0059,112.0,9.45,9.8,2,1,9,4,1,0,109.2,0.0
CLG0021,130.0,8.48,8.88,9,0,2,8,0,1,101.80000000000001,420200.00000000006
CLG0043,108.0,9.49,9.38,7,0,8,10,4,1,104.60000000000001,429200.00000000006
CLG0043,97.0,8.55,8.22,5,0,5,9,2,1,91.9,377300.0
CLG0088,105.0,9.85,10.17,5,0,0,5,1,0,112.2,0.0
CLG0001,118.0,8.18,7.89,9,1,8,4,3,0,90.69999999999999,0.0
CLG0046,88.0,9.82,10.25,10,1,10,10,5,1,111.3,554000.0
CLG0031,90.0,5.79,5.31,5,0,4,1,5,0,62.099999999999994,0.0
CLG0063,95.0,5.26,5.68,9,1,2,3,3,0,66.3,0.0
CLG0046,68.0,7.9,7.99,8,1,3,10,0,0,86.7,0.0
CLG0023,102.0,9.92,10.19,6,1,4,2,1,0,112.1,0.0
CLG0018,71.0,7.09,6.99,5,0,0,7,3,0,77.0,0.0
CLG0062,100.0,6.06,6.55,5,1,9,4,3,0,75.5,0.0
CLG0027,112.0,7.61,7.34,5,1,2,9,3,1,84.60000000000001,449600.0
CLG0044,92.0,8.24,8.0,1,0,6,9,0,0,89.2,0.0
CLG0046,125.0,6.58,6.13,5,1,8,2,0,0,73.8,0.0
CLG0061,78.0,8.57,9.01,3,0,5,3,1,0,97.89999999999999,0.0
CLG0012,117.0,9.88,9.84,6,0,3,8,0,1,110.10000000000001,452100.0
CLG0099,110.0,9.48,9.65,9,0,3,10,0,0,107.5,0.0
CLG0016,74.0,6.46,6.65,3,1,8,3,4,0,73.9,0.0
CLG0021,140.0,6.63,7.0,1,0,0,4,0,0,84.0,0.0
CLG0091,99.0,6.86,7.02,8,0,5,3,1,0,80.1,0.0
CLG0100,86.0,6.97,7.03,9,1,3,2,0,0,78.89999999999999,0.0
CLG0064,78.0,5.5,5.71,10,1,2,1,5,0,64.9,0.0
CLG0013,96.0,8.81,9.06,4,0,10,3,5,0,100.2,0.0
CLG0050,98.0,6.83,6.52,10,0,0,9,0,0,74.99999999999999,0.0
CLG0008,101.0,9.4,9.01,5,1,4,8,4,1,100.19999999999999,510900.0
CLG0056,95.0,9.63,9.2,3,1,3,9,5,1,101.5,515500.0
CLG0056,109.0,5.12,4.99,8,0,9,10,1,0,60.800000000000004,0.0
CLG0008,94.0,9.94,9.94,3,0,3,5,5,0,108.8,0.0
CLG0080,70.0,8.55,8.67,4,0,7,5,3,0,93.7,0.0
CLG0087,97.0,7.6,8.06,10,0,10,8,4,1,90.30000000000001,370900.0
CLG0045,64.0,6.95,6.78,7,0,10,5,0,0,74.2,0.0
CLG0098,105.0,7.59,7.85,2,0,1,4,2,0,89.0,0.0
CLG0024,85.0,6.62,6.65,1,0,10,9,4,0,75.0,0.0
CLG0021,102.0,8.11,7.83,4,1,9,1,4,0,88.5,0.0
CLG0013,119.0,5.46,5.58,8,1,10,6,1,0,67.7,0.0
CLG0050,85.0,8.11,8.58,1,0,9,7,3,0,94.3,0.0
CLG0051,115.0,6.38,6.0,10,0,3,6,3,0,71.5,0.0
CLG0004,93.0,5.09,5.1,3,0,10,10,3,0,60.3,0.0
CLG0093,126.0,7.76,7.31,4,0,0,8,4,1,85.69999999999999,355400.0
CLG0060,94.0,7.89,7.71,4,0,1,8,2,0,86.5,0.0
CLG0068,87.0,7.13,7.25,3,0,9,5,1,0,81.2,0.0
CLG0021,110.0,5.36,5.7,3,0,9,4,2,0,68.0,0.0
CLG0034,93.0,9.47,9.7,7,1,2,7,3,0,106.3,0.0
CLG0073,87.0,8.06,8.02,8,1,0,9,4,1,88.89999999999999,464300.0
CLG0025,92.0,5.58,5.99,10,1,1,2,3,0,69.10000000000001,0.0
CLG0085,99.0,7.55,7.35,4,0,6,7,2,0,83.4,0.0
CLG0004,120.0,7.49,7.74,8,0,9,6,3,0,89.4,0.0
CLG0064,70.0,5.3,5.27,8,1,9,3,0,0,59.699999999999996,0.0
CLG0080,100.0,8.03,8.43,6,0,5,2,1,0,94.3,0.0
CLG0025,109.0,9.04,9.34,1,0,1,1,2,0,104.30000000000001,0.0
CLG0040,102.0,8.75,9.15,7,1,0,2,0,0,101.7,0.0
CLG0007,119.0,6.01,5.72,7,1,9,5,3,0,69.1,0.0
CLG0045,98.0,9.31,9.48,5,1,8,1,1,0,104.60000000000001,0.0
CLG0005,97.0,6.71,6.95,6,0,0,8,1,0,79.2,0.0
CLG0040,108.0,9.73,9.97,9,1,9,4,1,0,110.5,0.0
CLG0021,101.0,5.36,5.36,3,0,4,3,4,0,63.7,0.0
CLG0034,94.0,7.43,6.94,4,0,8,10,1,0,78.80000000000001,0.0
CLG0048,107.0,7.99,7.75,9,0,8,2,0,0,88.2,0.0
CLG0022,90.0,6.24,6.06,10,1,5,1,2,0,69.6,0.0
CLG0091,90.0,8.86,9.21,2,1,2,8,0,0,101.10000000000001,0.0
CLG0061,92.0,8.13,8.47,9,0,1,9,3,1,93.9,384800.0
CLG0074,120.0,5.09,4.69,5,0,2,3,4,0,58.900000000000006,0.0
CLG0079,57.5,8.04,8.49,3,0,0,3,4,0,90.65,0.0
CLG0003,105.0,7.46,7.14,8,0,2,9,3,0,81.89999999999999,0.0
CLG0077,100.0,5.98,5.89,9,0,1,7,2,0,68.9,0.0
CLG0090,74.0,9.98,9.7,1,1,7,9,4,1,104.4,525000.0
CLG0056,104.0,9.49,9.85,5,0,9,2,3,0,108.9,0.0
CLG0065,107.0,6.46,6.71,9,0,6,7,3,0,77.8,0.0
CLG0073,108.0,7.71,7.56,2,1,0,8,3,0,86.39999999999999,0.0
CLG0039,60.0,6.58,6.76,1,1,0,4,3,0,73.6,0.0
CLG0026,120.0,8.88,8.56,8,1,4,10,1,1,97.60000000000001,502400.0
CLG0018,88.0,9.65,9.53,6,0,3,4,2,0,104.1,0.0
CLG0072,110.0,6.79,6.67,2,1,7,2,5,0,77.7,0.0
CLG0015,111.0,9.03,8.77,3,0,7,2,3,1,98.79999999999998,406300.0
CLG0046,86.0,7.49,7.87,5,1,2,4,1,0,87.3,0.0
CLG0022,109.0,6.98,7.16,1,1,4,4,1,0,82.5,0.0
CLG0038,94.0,9.69,9.47,2,0,6,5,0,0,104.10000000000001,0.0
CLG0046,68.0,7.55,7.29,1,0,7,10,5,0,79.7,0.0
CLG0004,117.0,7.34,6.86,7,0,2,10,3,1,80.30000000000001,332900.0
CLG0021,88.0,8.36,8.21,7,1,7,10,1,0,90.9,0.0
CLG0080,87.0,6.31,6.34,10,1,9,9,5,0,72.1,0.0
CLG0046,93.0,6.62,6.4,5,1,8,9,0,0,73.3,0.0
CLG0089,104.0,9.66,9.86,10,0,2,7,0,0,109.0,0.0
CLG0023,99.0,8.39,8.3,6,0,1,6,3,0,92.9,0.0
CLG0017,108.0,9.13,8.95,3,1,1,10,4,1,100.3,512000.0
CLG0096,79.0,6.36,6.8,2,1,4,5,1,0,75.9,0.0
CLG0066,88.0,7.72,7.48,10,0,9,4,4,0,83.60000000000001,0.0
CLG0001,98.0,9.86,9.76,9,0,0,2,0,0,107.39999999999999,0.0
CLG0073,128.0,6.59,6.47,2,1,5,4,4,0,77.5,0.0
CLG0090,98.0,5.8,5.54,1,0,6,7,4,0,65.2,0.0
CLG0049,116.0,7.55,7.27,9,0,4,1,3,0,84.29999999999998,0.0
CLG0035,100.0,6.94,6.74,8,1,10,3,0,0,77.4,0.0
CLG0060,92.0,5.8,6.16,8,0,7,4,2,0,70.8,0.0
CLG0006,96.0,9.44,9.71,7,0,5,7,1,0,106.7,0.0
CLG0041,97.0,9.95,10.13,9,0,0,3,3,0,111.00000000000001,0.0
CLG0073,109.0,7.84,7.8,3,0,8,4,3,0,88.9,0.0
CLG0084,120.0,8.87,8.88,8,0,4,1,2,1,100.80000000000001,415200.00000000006
CLG0049,105.0,9.3,9.07,1,0,4,1,3,0,101.2,0.0
CLG0026,117.0,8.5,8.07,1,0,0,10,0,1,92.4,381300.0
CLG0034,85.0,5.22,5.05,6,0,4,3,3,0,59.0,0.0
CLG0074,93.0,5.79,5.79,8,0,2,7,3,0,67.2,0.0
CLG0094,89.0,5.35,4.91,8,1,9,6,2,0,58.0,0.0
CLG0004,104.0,5.05,4.64,10,1,2,5,1,0,56.8,0.0
CLG0098,94.0,6.53,6.29,1,0,10,8,5,0,72.3,0.0
CLG0009,110.0,6.96,6.83,1,0,9,8,1,0,79.3,0.0
CLG0069,86.0,6.21,6.1,9,0,7,4,4,0,69.6,0.0
CLG0009,100.0,5.32,4.94,9,1,8,10,0,0,59.400000000000006,0.0
CLG0025,110.0,7.65,7.38,7,0,5,6,2,0,84.8,0.0
CLG0040,69.0,6.37,6.13,1,1,2,1,1,0,68.2,0.0
CLG0067,131.0,8.98,8.55,10,0,7,10,2,1,98.6,407500.0
CLG0025,95.0,5.04,4.87,2,0,2,10,5,0,58.2,0.0
CLG0051,69.0,9.21,8.78,8,0,6,9,4,1,94.7,385700.0
CLG0018,102.0,9.77,9.97,8,0,1,5,1,0,109.9,0.0
CLG0059,100.0,8.58,8.47,5,1,5,8,2,1,94.7,488800.0
CLG0075,98.0,8.67,8.5,2,0,7,10,5,1,94.8,389000.0
CLG0087,114.0,9.67,9.3,3,1,2,10,0,1,104.4,529000.0
CLG0059,111.0,6.05,5.78,5,1,8,1,0,0,68.9,0.0
CLG0034,104.0,9.97,9.7,3,0,10,4,4,0,107.4,0.0
CLG0053,106.0,8.87,9.36,10,1,8,2,1,0,104.19999999999999,0.0
CLG0098,98.0,8.63,8.97,1,0,2,2,1,0,99.5,0.0
CLG0047,126.0,6.81,6.33,6,0,2,2,0,0,75.89999999999999,0.0
CLG0024,77.0,7.73,7.85,5,1,4,2,5,0,86.2,0.0
CLG0061,102.0,8.27,8.03,3,0,8,8,4,1,90.5,372200.0
CLG0057,100.0,8.1,7.7,9,0,0,6,3,0,87.0,0.0
CLG0066,112.0,8.52,8.73,10,1,0,9,0,1,98.50000000000001,505200.0
CLG0077,87.0,5.41,5.04,8,1,0,2,0,0,59.099999999999994,0.0
CLG0020,73.0,6.78,6.72,7,0,3,1,2,0,74.5,0.0
CLG0071,102.0,7.17,7.3,2,1,6,8,4,0,83.2,0.0
CLG0073,104.0,6.3,6.35,10,0,10,10,3,0,73.9,0.0
CLG0034,122.0,5.86,6.34,5,0,1,3,5,0,75.6,0.0
CLG0054,80.0,5.69,5.98,5,1,2,3,4,0,67.80000000000001,0.0
CLG0065,117.0,6.83,7.1,6,0,3,8,4,1,82.7,342500.0
CLG0072,135.0,7.47,7.33,6,0,0,5,0,0,86.8,0.0
CLG0051,94.0,5.31,4.82,3,0,1,8,0,0,57.6,0.0
CLG0041,80.0,9.73,9.96,4,0,1,2,0,0,107.60000000000001,0.0
CLG0001,93.0,8.83,9.33,1,0,10,10,2,1,102.6,419700.0
CLG0025,100.0,8.65,8.56,1,0,5,9,3,1,95.60000000000001,392400.0
CLG0093,108.0,5.86,6.35,5,0,3,2,5,0,74.3,0.0
CLG0052,91.0,8.02,7.66,4,1,6,9,5,0,85.69999999999999,0.0
CLG0081,123.0,7.65,7.45,7,0,10,10,3,1,86.8,359500.0
CLG0071,83.0,9.91,9.58,7,0,7,6,4,0,104.1,0.0
CLG0099,73.0,8.74,8.72,4,1,1,5,5,0,94.5,0.0
CLG0016,116.0,7.88,8.18,10,1,1,7,5,1,93.39999999999999,485200.0
CLG0021,65.0,9.25,9.09,2,0,4,7,5,0,97.4,0.0
CLG0002,96.0,5.78,6.19,10,0,3,4,0,0,71.5,0.0
CLG0090,141.5,5.08,5.12,4,0,9,7,5,0,65.35000000000001,0.0
CLG0069,99.0,8.45,8.42,8,1,1,3,4,0,94.10000000000001,0.0
CLG0005,83.0,5.49,5.78,2,0,8,3,0,0,66.10000000000001,0.0
CLG0073,99.0,5.58,5.18,5,1,8,7,4,0,61.699999999999996,0.0
CLG0053,99.0,8.72,8.99,7,1,9,1,4,0,99.80000000000001,0.0
CLG0018,102.0,6.35,6.09,10,1,3,8,2,0,71.1,0.0
CLG0019,109.0,8.14,7.92,6,1,1,2,5,0,90.10000000000001,0.0
CLG0063,84.0,9.59,9.69,9,0,2,1,2,0,105.3,0.0
CLG0006,125.0,6.58,6.98,2,1,7,6,5,0,82.30000000000001,0.0
CLG0063,103.0,6.09,6.17,4,1,10,4,4,0,72.0,0.0
CLG0027,110.0,5.53,5.68,7,1,7,7,0,0,67.8,0.0
CLG0054,90.0,5.65,5.93,8,0,6,3,4,0,68.3,0.0
CLG0031,119.0,5.31,5.07,5,0,3,2,0,0,62.6,0.0
CLG0064,96.0,5.44,5.77,5,0,0,4,1,0,67.3,0.0
CLG0021,104.0,7.16,7.08,4,0,9,4,3,0,81.2,0.0
CLG0014,86.0,6.6,6.28,9,0,8,4,4,0,71.4,0.0
CLG0080,85.0,8.53,8.38,10,0,6,3,1,0,92.30000000000001,0.0
CLG0002,110.0,9.35,9.1,4,1,0,7,4,0,102.0,0.0
CLG0018,93.0,8.92,8.65,3,0,4,5,2,0,95.8,0.0
CLG0018,87.0,7.65,7.43,9,0,2,4,3,0,83.0,0.0
CLG0035,90.0,5.51,5.19,7,1,1,5,4,0,60.900000000000006,0.0
CLG0078,110.0,8.55,8.72,9,0,2,7,5,0,98.2,0.0
CLG0082,90.0,6.81,6.89,4,0,5,4,2,0,77.89999999999999,0.0
CLG0083,98.0,5.43,5.58,3,0,6,10,2,0,65.6,0.0
CLG0025,100.0,9.21,9.05,10,0,9,5,1,0,100.5,0.0
CLG0099,71.0,6.69,6.96,8,0,8,6,5,0,76.69999999999999,0.0
CLG0007,77.0,6.09,5.72,4,0,9,6,2,0,64.89999999999999,0.0
CLG0003,105.0,9.36,9.43,10,1,10,7,5,0,104.8,0.0
CLG0057,88.0,9.51,9.29,3,0,6,10,1,0,101.69999999999999,0.0
CLG0076,115.0,6.69,6.72,4,0,0,3,0,0,78.7,0.0
CLG0054,114.0,6.77,6.59,2,1,6,8,0,0,77.30000000000001,0.0
CLG0016,110.0,7.9,8.19,4,0,0,5,0,0,92.89999999999999,0.0
CLG0020,127.0,8.67,9.06,7,0,7,1,0,0,103.30000000000001,0.0
CLG0005,98.0,5.32,5.56,3,0,1,4,4,0,65.39999999999999,0.0
CLG0061,109.0,7.97,7.65,1,0,1,4,5,0,87.4,0.0
CLG0031,91.0,9.76,9.53,10,0,0,8,1,0,104.39999999999999,0.0
CLG0024,136.0,6.31,6.73,8,0,8,10,0,0,80.9,0.0
CLG0063,129.0,9.54,9.48,6,0,10,9,2,1,107.70000000000002,443700.0
CLG0045,100.0,9.75,10.19,3,1,7,3,5,0,111.89999999999999,0.0
CLG0044,105.0,6.35,6.24,8,0,8,10,1,0,72.9,0.0
CLG0088,120.0,8.77,9.22,6,0,7,1,5,1,104.2,428800.0
CLG0080,97.0,6.19,6.62,1,0,3,8,5,0,75.9,0.0
CLG0039,90.0,8.69,8.85,9,0,8,9,5,1,97.5,399000.0
CLG0028,113.0,8.99,8.5,9,1,7,4,4,1,96.3,496500.0
CLG0005,101.0,6.24,6.14,9,0,0,5,0,0,71.5,0.0
CLG0077,102.0,8.58,8.99,6,0,9,4,1,0,100.10000000000001,0.0
CLG0015,87.0,9.06,9.45,6,1,4,4,3,0,103.2,0.0
CLG0049,74.0,6.79,6.48,4,1,8,3,0,0,72.20000000000002,0.0
CLG0004,103.0,5.84,5.74,8,0,7,10,1,0,67.7,0.0
CLG0014,113.0,5.46,5.8,9,1,0,4,0,0,69.3,0.0
CLG0091,96.0,7.88,7.96,7,0,5,9,3,0,89.19999999999999,0.0
CLG0010,121.0,9.89,10.24,7,1,10,7,2,1,114.5,570100.0
CLG0087,89.0,9.11,9.44,2,0,5,6,2,0,103.3,0.0
CLG0092,84.0,7.18,7.59,2,1,1,9,3,0,84.30000000000001,0.0
CLG0044,98.0,7.68,7.3,10,1,10,2,1,0,82.8,0.0
CLG0077,98.0,6.4,6.05,2,1,1,4,4,0,70.3,0.0
CLG0036,111.0,5.82,5.4,4,0,0,9,0,0,65.1,0.0
CLG0059,88.0,7.41,7.85,9,0,5,8,4,0,87.3,0.0
CLG0032,120.0,7.32,7.3,5,0,8,1,0,0,85.0,0.0
CLG0065,129.0,7.61,7.17,2,0,7,9,4,1,84.60000000000001,351300.0
CLG0064,99.0,9.76,9.58,4,0,4,10,0,0,105.7,0.0
CLG0004,118.0,8.02,7.87,7,0,7,2,2,0,90.5,0.0
CLG0001,84.0,8.03,8.34,5,1,1,1,0,0,91.80000000000001,0.0
CLG0082,116.0,5.64,5.88,8,0,10,2,0,0,70.39999999999999,0.0
CLG0077,115.0,9.98,10.17,1,1,5,10,3,1,113.2,564300.0
CLG0089,112.0,8.86,8.38,5,1,1,6,3,1,95.00000000000001,491200.00000000006
CLG0021,99.0,9.39,9.8,4,1,7,2,0,0,107.9,0.0
CLG0079,57.5,7.07,6.79,3,1,1,1,0,0,73.65,0.0
CLG0041,90.0,7.51,7.64,7,0,4,5,1,0,85.39999999999999,0.0
CLG0041,90.0,7.61,7.17,10,0,6,2,2,0,80.7,0.0
CLG0010,85.0,5.97,5.55,1,0,6,4,0,0,64.0,0.0
CLG0099,101.0,8.45,7.96,6,0,3,8,0,0,89.69999999999999,0.0
CLG0004,93.0,9.51,9.58,8,0,7,10,2,1,105.1,429700.0
CLG0069,87.0,5.82,5.95,2,1,6,6,1,0,68.2,0.0
CLG0044,84.0,5.43,4.98,6,0,9,8,5,0,58.2,0.0
CLG0059,89.0,8.69,8.48,1,1,4,5,3,0,93.70000000000002,0.0
CLG0038,116.0,6.37,6.72,6,0,3,2,3,0,78.8,0.0
CLG0024,90.0,8.12,7.72,6,0,1,1,2,0,86.2,0.0
CLG0024,92.0,8.48,8.2,5,1,1,8,0,0,91.2,0.0
CLG0019,93.0,6.61,6.53,7,1,3,1,5,0,74.6,0.0
CLG0084,105.0,9.08,9.42,5,0,7,10,3,1,104.7,429300.0
CLG0092,106.0,7.75,7.5,8,0,10,9,0,0,85.6,0.0
CLG0043,57.5,9.34,9.84,2,0,5,4,4,0,104.15,0.0
CLG0075,115.0,8.82,8.68,6,0,8,6,0,0,98.3,0.0
CLG0087,121.0,9.34,9.23,5,0,1,6,3,1,104.4,429700.0
CLG0079,84.0,5.1,4.72,10,0,6,3,0,0,55.599999999999994,0.0
CLG0085,85.0,6.22,6.4,2,1,0,1,5,0,72.5,0.0
CLG0100,93.0,5.45,5.19,7,0,1,6,0,0,61.2,0.0
CLG0013,88.0,7.21,7.34,4,1,10,10,5,0,82.2,0.0
CLG0032,103.0,9.45,9.17,6,0,8,5,1,0,102.0,0.0
CLG0010,70.0,7.34,7.23,5,0,7,4,1,0,79.30000000000001,0.0
CLG0059,83.0,9.25,9.61,4,0,8,9,5,1,104.39999999999999,425900.0
CLG0046,123.0,6.64,6.88,2,1,6,4,0,0,81.1,0.0
CLG0032,86.0,6.7,6.35,7,0,9,1,2,0,72.1,0.0
CLG0049,118.0,9.48,9.59,5,1,10,10,2,1,107.7,542600.0
CLG0084,105.0,7.13,7.26,3,0,8,6,2,0,83.1,0.0
CLG0039,72.0,8.95,8.54,6,0,3,7,2,0,92.6,0.0
CLG0051,109.0,6.18,6.15,8,0,2,1,3,0,72.4,0.0
CLG0016,98.0,9.74,9.5,10,1,3,9,2,1,104.8,529000.0
CLG0039,93.0,7.87,7.84,10,0,4,10,3,0,87.7,0.0
CLG0060,103.0,8.8,9.08,2,1,9,2,2,0,101.1,0.0
CLG0005,107.0,5.45,5.11,10,1,3,7,5,0,61.8,0.0
CLG0081,110.0,7.46,7.08,4,0,3,8,0,0,81.8,0.0
CLG0100,117.0,9.51,9.28,3,1,6,8,5,1,104.5,529700.0
CLG0064,106.0,9.39,9.84,7,1,3,1,2,0,109.0,0.0
CLG0048,79.0,5.23,5.48,10,1,3,10,0,0,62.7,0.0
CLG0026,92.0,6.52,6.04,8,0,8,1,5,0,69.6,0.0
CLG0051,141.5,7.22,7.12,8,0,8,10,0,0,85.35000000000001,0.0
CLG0068,110.0,5.86,5.62,4,1,4,4,5,0,67.2,0.0
CLG0026,135.0,8.65,8.79,10,1,8,2,1,0,101.39999999999999,0.0
CLG0020,120.0,5.92,5.88,2,0,10,10,5,1,70.8,295200.0
CLG0077,103.0,6.73,7.19,6,0,1,4,5,0,82.2,0.0
CLG0071,104.0,8.32,8.04,3,1,4,6,4,0,90.8,0.0
CLG0024,99.0,7.41,7.5,8,0,10,3,5,0,84.9,0.0
CLG0067,73.0,8.69,8.89,3,0,6,10,4,1,96.2,392100.0
CLG0067,100.0,9.81,10.14,2,0,7,3,5,0,111.4,0.0
CLG0050,118.0,5.58,5.49,9,1,4,1,0,0,66.7,0.0
CLG0016,91.0,8.55,8.74,9,0,8,5,5,0,96.5,0.0
CLG0095,106.0,6.15,5.95,9,1,10,7,4,0,70.1,0.0
CLG0033,112.0,7.07,7.01,3,1,2,6,4,0,81.3,0.0
CLG0078,86.0,5.16,5.56,2,1,7,4,2,0,64.19999999999999,0.0
CLG0050,93.0,5.68,6.13,4,0,10,6,4,0,70.6,0.0
CLG0089,84.0,6.6,6.82,2,0,8,3,4,0,76.60000000000001,0.0
CLG0002,87.0,6.71,6.58,8,0,6,3,4,0,74.5,0.0
CLG0059,80.0,9.5,9.82,10,0,4,7,5,0,106.2,0.0
CLG0041,86.0,8.71,8.24,1,0,8,9,1,0,91.0,0.0
CLG0077,121.0,9.86,9.46,2,0,10,1,4,1,106.7,438900.00000000006
CLG0063,86.0,8.0,8.16,6,1,7,4,2,0,90.19999999999999,0.0
CLG0082,101.0,6.21,6.0,9,1,7,10,3,0,70.1,0.0
CLG0062,92.0,6.64,7.09,10,1,5,5,1,0,80.10000000000001,0.0
CLG0084,117.0,6.6,6.54,5,1,1,2,2,0,77.10000000000001,0.0
CLG0002,119.0,6.63,6.56,5,0,3,10,0,0,77.5,0.0
CLG0007,112.0,8.36,8.54,3,0,0,3,2,1,96.6,397599.99999999994
CLG0077,104.0,7.65,7.92,8,0,9,5,3,0,89.60000000000001,0.0
CLG0008,96.0,6.93,6.91,6,0,4,8,1,0,78.69999999999999,0.0
CLG0003,82.0,5.75,5.46,10,0,9,3,3,0,62.8,0.0
CLG0014,129.0,5.11,5.38,2,0,0,3,5,0,66.7,0.0
CLG0087,88.0,6.09,5.91,5,1,5,6,0,0,67.9,0.0
CLG0072,109.0,5.54,5.22,4,1,9,8,0,0,63.099999999999994,0.0
CLG0033,115.0,8.93,9.06,10,1,7,1,5,1,102.10000000000001,519900.0
CLG0027,91.0,5.56,5.15,9,0,9,7,0,0,60.6,0.0
CLG0011,115.0,8.62,9.09,4,0,0,7,5,1,102.4,421100.0
CLG0097,111.0,6.93,7.06,8,0,5,3,5,0,81.69999999999999,0.0
CLG0011,125.0,5.37,5.86,1,0,3,3,5,0,71.1,0.0
CLG0018,92.0,9.06,8.9,5,0,8,9,2,1,98.2,402000.0
CLG0092,80.0,7.9,8.37,9,1,7,10,2,1,91.69999999999999,474799.99999999994
CLG0090,92.0,6.18,5.83,3,0,3,1,4,0,67.5,0.0
CLG0094,103.0,9.47,9.01,6,0,10,1,0,0,100.39999999999999,0.0
CLG0074,100.0,5.23,4.76,10,1,10,2,3,0,57.599999999999994,0.0
CLG0042,94.0,6.01,5.97,6,1,1,6,0,0,69.1,0.0
CLG0003,71.0,8.76,8.34,6,0,5,8,1,0,90.5,0.0
CLG0032,107.0,8.55,8.56,4,1,2,10,2,1,96.30000000000001,495900.0
CLG0036,129.0,6.45,6.28,7,0,0,1,0,0,75.7,0.0
CLG0010,106.0,5.31,5.15,3,0,10,1,4,0,62.1,0.0
CLG0085,109.0,9.29,9.43,6,1,6,2,0,0,105.2,0.0
CLG0055,108.0,6.57,6.23,10,0,3,7,4,0,73.10000000000001,0.0
CLG0071,105.0,5.98,6.25,5,0,8,4,2,0,73.0,0.0
CLG0025,113.0,7.58,7.66,3,1,9,1,2,0,87.89999999999999,0.0
CLG0062,105.0,9.55,9.96,2,0,9,8,4,1,110.10000000000001,450900.00000000006
CLG0034,95.0,5.22,5.08,1,0,10,4,5,0,60.3,0.0
CLG0025,88.0,8.83,9.31,8,0,10,7,1,0,101.9,0.0
CLG0073,96.0,7.86,7.94,1,0,10,8,5,0,89.0,0.0
CLG0008,104.0,7.13,7.6,5,1,2,1,5,0,86.4,0.0
CLG0053,95.0,8.72,8.25,5,0,9,2,2,0,92.0,0.0
CLG0099,104.0,9.83,10.06,1,1,9,2,4,0,111.00000000000001,0.0
CLG0092,106.0,6.15,6.47,9,1,9,5,2,0,75.3,0.0
CLG0010,112.0,5.72,5.27,5,0,0,5,0,0,63.89999999999999,0.0
CLG0078,119.0,9.56,9.64,9,1,1,6,3,1,108.30000000000001,545100.0
CLG0093,101.0,8.34,8.64,6,1,3,2,1,0,96.5,0.0
CLG0001,80.0,7.19,7.25,7,0,10,8,3,0,80.5,0.0
CLG0058,94.0,7.87,7.43,7,0,6,1,1,0,83.7,0.0
CLG0019,100.0,8.73,8.92,2,1,7,9,0,0,99.2,0.0
CLG0078,72.0,8.87,8.43,5,0,3,5,4,0,91.5,0.0
CLG0020,120.0,9.6,9.92,2,1,2,10,5,1,111.2,556800.0
CLG0048,102.0,7.13,6.67,4,0,9,8,4,0,76.9,0.0
CLG0100,105.0,6.47,6.11,3,0,8,8,4,0,71.6,0.0
CLG0072,120.0,8.2,7.98,6,0,7,2,0,0,91.80000000000001,0.0
CLG0058,90.0,7.08,7.21,5,0,5,9,5,0,81.1,0.0
CLG0038,108.0,7.97,8.45,1,1,8,6,3,0,95.3,0.0
CLG0042,98.0,7.1,6.72,2,1,7,3,2,0,77.0,0.0
CLG0088,97.0,5.76,5.4,7,0,6,1,5,0,63.7,0.0
CLG0007,88.0,7.35,7.22,9,0,5,9,5,0,81.0,0.0
CLG0069,124.0,8.45,8.79,1,0,9,3,4,1,100.3,413599.99999999994
CLG0078,94.0,9.0,8.97,4,0,2,1,2,0,99.10000000000001,0.0
CLG0073,110.0,7.47,7.29,3,1,10,5,3,0,83.9,0.0
CLG0020,71.0,5.83,5.89,5,0,5,8,2,0,66.0,0.0
CLG0052,117.0,7.07,6.83,5,0,3,7,2,0,80.0,0.0
CLG0026,115.0,8.93,8.83,10,1,4,5,5,1,99.8,510700.0
CLG0089,101.0,7.06,6.89,10,0,6,2,2,0,78.99999999999999,0.0
CLG0084,96.0,8.48,8.78,2,0,6,2,0,0,97.39999999999999,0.0
CLG0056,106.0,7.54,7.96,5,0,8,3,3,0,90.19999999999999,0.0
CLG0070,134.0,6.21,6.47,4,0,8,6,2,0,78.10000000000001,0.0
CLG0071,73.0,8.98,8.92,1,0,5,4,4,0,96.5,0.0
CLG0100,111.0,5.42,5.42,1,0,5,9,4,1,65.3,272300.0
CLG0062,86.0,7.62,7.25,1,1,1,3,5,0,81.1,0.0
CLG0062,99.0,6.04,6.29,8,0,7,6,3,0,72.8,0.0
CLG0036,96.0,5.34,5.44,3,0,2,4,5,0,64.0,0.0
CLG0020,93.0,7.51,7.91,9,0,0,1,0,0,88.39999999999999,0.0
CLG0018,99.0,7.5,7.2,10,1,3,1,2,0,81.9,0.0
CLG0072,82.0,8.53,8.79,2,0,4,8,0,0,96.1,0.0
CLG0027,115.0,8.72,8.9,9,0,2,3,3,1,100.5,413500.0
CLG0005,73.0,8.64,8.41,9,0,6,2,1,0,91.39999999999999,0.0
CLG0095,108.0,7.05,7.22,4,1,10,1,4,0,83.0,0.0
CLG0046,95.0,8.16,8.58,4,0,4,8,2,1,95.3,390700.0
CLG0041,82.0,7.88,8.3,4,0,10,9,2,1,91.2,373000.0
CLG0085,103.0,7.11,7.33,1,0,9,1,3,0,83.6,0.0
CLG0052,76.0,7.99,7.54,5,1,4,8,3,0,83.0,0.0
CLG0003,100.0,9.74,10.11,6,0,5,1,5,0,111.1,0.0
CLG0058,78.0,5.96,6.12,4,0,10,10,5,0,69.0,0.0
CLG0090,106.0,9.53,9.34,8,1,10,2,5,0,104.0,0.0
CLG0081,86.0,5.27,4.96,3,1,5,1,0,0,58.2,0.0
CLG0094,93.0,6.54,6.16,9,0,8,2,5,0,70.9,0.0
CLG0087,104.0,6.44,5.99,7,0,2,2,4,0,70.30000000000001,0.0
CLG0025,88.0,8.13,8.38,8,1,7,5,0,0,92.60000000000001,0.0
CLG0068,99.0,5.66,5.4,7,0,10,10,3,0,63.9,0.0
CLG0041,77.0,9.41,8.93,9,0,6,3,4,0,97.0,0.0
CLG0075,109.0,9.14,9.04,2,0,8,1,3,0,101.3,0.0
CLG0062,126.0,8.26,8.24,4,0,4,10,5,1,95.0,392600.0
CLG0041,141.0,7.29,6.96,2,0,6,2,0,0,83.69999999999999,0.0
CLG0082,101.0,9.66,9.2,8,0,7,4,5,0,102.1,0.0
CLG0033,111.0,9.15,8.84,2,0,8,7,0,0,99.5,0.0
CLG0100,73.0,7.5,7.68,8,0,7,1,0,0,84.1,0.0
CLG0038,122.0,8.51,8.09,6,0,1,5,1,0,93.10000000000001,0.0
CLG0018,111.0,7.83,7.89,7,0,10,2,0,0,89.99999999999999,0.0
CLG0054,92.0,7.94,7.59,6,0,5,8,2,0,85.10000000000001,0.0
CLG0049,118.0,6.65,6.35,9,0,3,2,0,0,75.3,0.0
CLG0061,96.0,7.31,7.2,4,1,3,4,5,0,81.6,0.0
CLG0016,93.0,5.39,4.99,1,1,8,6,3,0,59.2,0.0
CLG0086,107.0,6.79,6.46,9,0,6,9,5,0,75.3,0.0
CLG0085,84.0,8.48,8.33,10,1,5,10,0,0,91.7,0.0
CLG0044,115.0,9.77,9.6,8,1,1,4,3,1,107.5,541500.0
CLG0031,84.0,9.82,10.07,1,0,0,4,3,0,109.10000000000001,0.0
CLG0095,84.0,7.78,7.35,10,0,9,7,5,0,81.9,0.0
CLG0027,86.0,8.03,8.39,6,0,3,1,4,0,92.5,0.0
CLG0041,111.0,5.93,6.25,10,0,8,5,1,0,73.6,0.0
CLG0003,90.0,8.48,8.75,4,0,3,5,3,0,96.5,0.0
CLG0095,79.0,5.35,5.16,2,0,1,1,3,0,59.5,0.0
CLG0034,90.0,6.42,6.74,3,0,7,6,2,0,76.4,0.0
CLG0090,99.0,8.34,8.02,9,1,5,9,0,0,90.1,0.0
CLG0088,82.0,6.55,6.17,5,0,0,7,1,0,69.9,0.0
CLG0010,82.0,5.25,4.79,7,0,3,2,1,0,56.099999999999994,0.0
CLG0057,131.0,9.16,9.6,2,1,9,4,5,1,109.1,549500.0
CLG0029,87.0,6.55,6.36,8,0,4,8,4,0,72.3,0.0
CLG0038,95.0,5.32,5.74,3,0,0,1,3,0,66.9,0.0
CLG0077,94.0,5.37,5.14,1,1,1,6,3,0,60.8,0.0
CLG0006,93.0,6.26,6.67,8,1,8,3,2,0,76.0,0.0
CLG0014,109.0,5.89,6.29,9,0,0,3,1,0,73.8,0.0
CLG0094,114.0,8.87,9.29,8,1,10,1,0,0,104.3,0.0
CLG0004,95.0,6.61,6.61,1,0,7,8,4,0,75.60000000000001,0.0
CLG0045,81.0,9.02,9.39,7,1,10,5,4,0,102.0,0.0
CLG0092,119.0,5.87,6.32,7,0,8,1,4,0,75.10000000000001,0.0
CLG0039,98.0,7.46,7.28,4,1,1,5,4,0,82.6,0.0
CLG0074,125.0,8.44,8.36,8,1,1,5,5,1,96.1,496900.0
CLG0054,66.0,8.26,8.48,5,1,6,9,1,0,91.4,0.0
CLG0026,102.0,8.01,7.81,4,1,9,10,3,0,88.3,0.0
CLG0098,128.0,9.62,9.87,5,0,8,3,1,0,111.49999999999999,0.0
CLG0029,94.0,6.14,5.71,2,1,9,9,5,0,66.5,0.0
CLG0062,96.0,7.47,7.49,4,0,8,8,0,0,84.5,0.0
CLG0008,104.0,9.42,9.04,10,1,2,10,4,1,100.8,513599.99999999994
CLG0039,91.0,5.39,5.18,8,0,6,2,5,0,60.9,0.0
CLG0018,95.0,5.28,5.04,7,0,5,9,1,0,59.9,0.0
CLG0073,94.0,6.17,6.51,8,1,7,5,0,0,74.5,0.0
CLG0022,90.0,8.17,7.86,7,0,7,8,2,0,87.60000000000001,0.0
CLG0018,118.0,6.3,6.61,7,0,7,8,4,1,77.9,323400.0
CLG0037,106.0,5.95,6.24,7,0,7,4,5,0,73.0,0.0
CLG0033,103.0,7.29,7.29,2,0,10,1,3,0,83.2,0.0
CLG0048,112.0,8.07,7.8,3,0,9,9,3,1,89.2,368000.0
CLG0048,96.0,6.24,5.97,1,1,5,6,3,0,69.3,0.0
CLG0002,88.0,6.5,6.46,2,0,8,2,0,0,73.39999999999999,0.0
CLG0026,90.0,8.07,7.58,10,0,4,4,1,0,84.8,0.0
CLG0017,100.0,9.73,9.76,6,1,3,10,4,1,107.6,540400.0
CLG0004,84.0,8.37,8.82,2,1,6,5,4,0,96.60000000000001,0.0
CLG0009,92.0,8.91,8.56,1,0,2,6,5,0,94.80000000000001,0.0
CLG0010,92.0,6.83,6.9,8,0,7,5,4,0,78.2,0.0
CLG0069,131.0,6.36,6.82,9,0,7,9,4,1,81.3,338300.0
CLG0038,58.0,7.27,7.63,7,0,10,10,2,0,82.1,0.0
CLG0049,97.0,9.04,9.39,3,0,4,2,5,0,103.60000000000001,0.0
CLG0040,125.0,7.28,7.6,1,0,9,3,4,0,88.5,0.0
CLG0049,101.0,9.23,9.04,4,0,7,10,2,1,100.49999999999999,412099.99999999994
CLG0086,111.0,9.94,10.33,10,0,2,3,1,0,114.39999999999999,0.0
CLG0019,101.0,5.36,5.8,3,1,2,3,3,0,68.1,0.0
CLG0037,89.0,5.23,5.23,3,1,3,6,2,0,61.2,0.0
CLG0097,66.0,5.75,5.6,2,0,8,8,3,0,62.6,0.0
CLG0049,103.0,6.92,6.83,10,0,4,5,3,0,78.6,0.0
CLG0006,88.0,5.66,5.49,3,0,5,6,0,0,63.7,0.0
CLG0064,87.0,9.35,9.06,5,1,3,1,2,0,99.30000000000001,0.0
CLG0023,92.0,5.12,5.24,4,0,8,10,4,0,61.60000000000001,0.0
CLG0078,126.0,6.58,6.64,1,0,3,3,5,0,78.99999999999999,0.0
CLG0031,136.0,5.92,5.88,1,1,2,4,0,0,72.39999999999999,0.0
CLG0053,103.0,9.66,9.26,1,0,1,7,4,0,102.89999999999999,0.0
CLG0033,93.0,8.35,8.65,10,0,2,5,5,0,95.8,0.0
CLG0017,82.0,9.56,9.23,9,1,0,1,3,0,100.50000000000001,0.0
CLG0065,107.0,9.86,9.47,9,0,10,3,0,0,105.4,0.0
CLG0076,126.0,7.49,7.61,9,0,7,2,4,0,88.7,0.0
CLG0067,96.0,6.17,6.07,10,0,0,6,4,0,70.3,0.0
CLG0045,64.0,5.97,5.53,4,0,5,5,1,0,61.7,0.0
CLG0100,110.0,6.11,5.97,4,0,10,3,0,0,70.69999999999999,0.0
CLG0088,114.0,8.54,8.81,10,0,1,2,0,0,99.50000000000001,0.0
CLG0078,76.0,5.2,5.32,7,0,10,1,3,0,60.800000000000004,0.0
CLG0037,102.0,5.26,5.12,3,1,10,2,5,0,61.400000000000006,0.0
CLG0092,106.0,8.04,7.73,10,0,2,5,3,0,87.9,0.0
CLG0027,98.0,8.21,8.34,3,1,8,5,0,0,93.2,0.0
CLG0020,88.0,8.33,8.72,4,0,8,9,1,0,96.0,0.0
CLG0079,115.0,6.86,7.01,6,1,5,6,1,0,81.6,0.0
CLG0042,93.0,9.03,9.34,1,0,6,3,5,0,102.7,0.0
CLG0025,77.0,7.67,7.69,3,0,4,10,3,0,84.60000000000001,0.0
CLG0070,69.0,5.53,5.75,5,0,6,3,2,0,64.4,0.0
CLG0051,118.0,8.99,9.39,4,1,5,3,4,1,105.7,534600.0
CLG0078,109.0,9.77,10.04,8,0,4,8,3,1,111.3,456099.99999999994
CLG0039,101.0,5.3,5.71,9,0,2,9,1,0,67.2,0.0
CLG0030,93.0,6.96,6.89,8,1,1,3,0,0,78.19999999999999,0.0
CLG0047,92.0,7.44,7.84,9,1,4,1,1,0,87.60000000000001,0.0
CLG0047,83.0,5.73,5.85,8,1,7,8,0,0,66.8,0.0
CLG0050,93.0,9.34,9.71,10,1,4,10,3,1,106.4,534900.0
CLG0028,68.0,6.42,5.96,1,0,2,2,4,0,66.4,0.0
CLG0031,88.0,8.92,9.08,7,0,9,7,5,0,99.6,0.0
CLG0073,95.0,8.35,8.7,9,1,2,7,4,0,96.5,0.0
CLG0048,109.0,7.99,7.66,1,0,4,9,3,0,87.5,0.0
CLG0066,99.0,5.96,6.12,10,1,8,8,4,0,71.10000000000001,0.0
CLG0053,111.0,6.1,6.42,1,1,7,9,4,1,75.3,412300.0
CLG0060,120.0,5.24,5.03,10,0,6,1,5,0,62.300000000000004,0.0
CLG0047,115.0,6.2,6.11,2,1,4,3,2,0,72.6,0.0
CLG0045,107.0,6.73,6.8,5,1,8,4,2,0,78.7,0.0
CLG0001,100.0,9.17,9.19,8,1,1,3,2,0,101.89999999999999,0.0
CLG0066,85.0,6.83,6.37,8,0,5,8,0,0,72.2,0.0
CLG0092,111.0,8.77,8.37,10,1,6,7,2,1,94.79999999999998,490299.99999999994
CLG0100,125.0,7.2,6.8,4,1,6,5,3,0,80.5,0.0
CLG0023,105.0,8.92,8.68,7,0,10,5,5,0,97.3,0.0
CLG0020,128.0,9.88,9.63,7,0,3,4,2,1,109.10000000000001,449200.00000000006
CLG0033,77.0,6.2,6.44,9,0,1,5,5,0,72.10000000000001,0.0
CLG0094,82.0,9.31,9.38,9,1,0,5,3,0,102.00000000000001,0.0
CLG0089,112.0,8.11,8.37,3,1,0,4,2,1,94.89999999999999,490799.99999999994
CLG0048,103.0,9.09,8.66,8,1,2,5,4,0,96.89999999999999,0.0
CLG0016,119.0,8.26,8.25,5,0,6,7,2,1,94.4,389500.0
CLG0039,99.0,7.12,6.94,5,0,10,9,3,0,79.30000000000001,0.0
CLG0007,86.0,6.14,6.49,8,0,4,7,3,0,73.5,0.0
CLG0062,96.0,5.35,5.56,6,0,6,1,5,0,65.19999999999999,0.0
CLG0044,77.0,7.68,8.05,10,1,8,9,3,1,88.2,460500.0
CLG0097,83.0,9.95,9.5,10,0,7,3,2,0,103.3,0.0
CLG0098,114.0,8.69,8.91,1,0,0,2,0,0,100.5,0.0
CLG0081,113.0,6.64,6.68,4,1,3,10,3,1,78.1,423700.0
CLG0049,105.0,9.14,9.47,9,0,4,9,5,1,105.2,431300.0
CLG0004,74.0,8.84,8.85,5,1,6,2,0,0,95.9,0.0
CLG0013,94.0,6.41,6.45,4,1,10,10,2,0,73.9,0.0
CLG0026,81.0,5.07,4.62,10,0,7,9,5,0,54.300000000000004,0.0
CLG0013,117.0,5.59,5.76,1,0,7,5,0,0,69.3,0.0
CLG0096,91.0,9.39,9.16,9,0,3,6,0,0,100.69999999999999,0.0
CLG0043,83.0,9.18,8.7,8,1,10,7,3,0,95.3,0.0
CLG0012,100.0,6.48,6.05,3,0,6,7,5,0,70.5,0.0
CLG0078,90.0,6.43,6.89,9,1,10,4,2,0,77.89999999999999,0.0
CLG0085,122.0,8.96,8.81,1,1,1,4,3,1,100.30000000000001,513400.0
CLG0033,88.0,9.69,10.06,4,1,8,5,4,0,109.4,0.0
CLG0067,79.0,8.9,9.36,5,0,5,9,1,0,101.5,0.0
CLG0007,67.0,8.03,8.47,4,0,3,10,0,0,91.4,0.0
CLG0079,99.0,6.21,6.59,4,0,5,1,2,0,75.80000000000001,0.0
CLG0007,91.0,7.63,8.02,9,0,6,8,0,0,89.29999999999998,0.0
CLG0043,78.0,6.17,5.96,5,1,9,8,2,0,67.4,0.0
CLG0048,117.0,9.04,8.69,1,0,7,7,3,1,98.6,406100.0
CLG0090,110.0,6.93,7.07,7,0,3,6,1,0,81.7,0.0
CLG0026,99.0,9.17,9.16,6,0,8,3,1,0,101.5,0.0
CLG0076,120.0,6.91,6.51,9,1,5,8,1,0,77.1,0.0
CLG0059,109.0,9.12,9.3,4,0,0,7,1,0,103.9,0.0
CLG0056,87.0,6.67,6.73,10,0,2,8,0,0,76.00000000000001,0.0
CLG0040,84.0,7.2,7.56,6,1,0,2,2,0,84.0,0.0
CLG0066,112.0,8.08,8.19,10,1,5,8,4,1,93.1,483600.0
CLG0015,105.0,5.35,5.42,7,1,5,7,2,0,64.7,0.0
CLG0044,102.0,9.74,9.68,4,0,6,6,0,0,107.0,0.0
CLG0095,87.0,7.87,7.83,9,1,0,9,5,0,87.0,0.0
CLG0059,109.0,7.54,7.99,1,0,0,8,3,0,90.80000000000001,0.0
CLG0034,88.0,9.2,8.84,1,0,4,5,4,0,97.2,0.0
CLG0012,98.0,9.33,9.28,3,0,4,5,4,0,102.6,0.0
CLG0006,121.0,7.61,7.77,9,0,0,9,5,1,89.79999999999998,371300.0
CLG0096,90.0,9.64,9.57,5,0,6,8,4,1,104.7,427800.0
CLG0100,76.0,5.32,5.1,1,0,6,4,0,0,58.6,0.0
CLG0010,84.0,5.57,5.36,5,0,5,9,1,0,62.0,0.0
CLG0080,114.0,7.98,7.71,6,0,6,6,5,0,88.5,0.0
CLG0025,103.0,6.77,6.61,4,0,5,5,1,0,76.4,0.0
CLG0094,98.0,7.32,7.69,7,1,9,10,1,0,86.7,0.0
CLG0040,92.0,6.64,6.65,3,1,1,7,2,0,75.7,0.0
CLG0093,107.0,7.02,6.76,5,0,4,9,1,0,78.3,0.0
CLG0048,87.0,9.11,8.99,6,0,6,1,4,0,98.60000000000001,0.0
CLG0087,104.0,7.97,7.58,7,0,1,9,1,0,86.2,0.0
CLG0056,89.0,9.99,10.39,10,0,4,10,5,1,112.80000000000001,460100.0
CLG0060,86.0,8.93,8.84,2,1,2,5,5,0,97.0,0.0
CLG0007,90.0,6.37,6.85,5,1,8,9,4,0,77.5,0.0
CLG0047,94.0,6.32,6.17,7,0,9,5,4,0,71.10000000000001,0.0
CLG0014,99.0,6.68,7.02,7,0,0,7,2,0,80.1,0.0
CLG0002,103.0,9.22,8.98,3,0,6,7,5,0,100.10000000000001,0.0
CLG0063,57.5,5.14,4.72,8,1,9,9,1,0,52.949999999999996,0.0
CLG0037,87.0,6.15,5.68,1,1,3,5,3,0,65.5,0.0
CLG0069,94.0,9.52,9.63,4,1,4,7,1,0,105.70000000000002,0.0
CLG0022,122.0,8.2,8.01,3,1,0,5,3,1,92.3,481400.0
CLG0070,83.0,6.13,6.07,4,1,4,4,5,0,69.0,0.0
CLG0045,102.0,6.1,6.42,9,0,10,1,2,0,74.4,0.0
CLG0007,122.0,9.31,9.06,8,0,7,5,0,0,102.80000000000001,0.0
CLG0100,80.0,9.47,9.28,4,0,5,4,2,0,100.8,0.0
CLG0005,105.0,6.28,6.63,8,0,1,1,2,0,76.8,0.0
CLG0026,87.0,7.1,7.09,1,0,1,10,3,0,79.60000000000001,0.0
CLG0092,92.0,9.17,9.5,8,0,10,1,2,0,104.2,0.0
CLG0047,87.0,8.86,8.73,10,0,8,5,4,0,96.00000000000001,0.0
CLG0087,89.0,9.07,8.97,2,0,0,9,2,1,98.60000000000001,403300.0
CLG0066,140.0,7.59,7.26,6,0,1,1,5,0,86.6,0.0
CLG0021,112.0,9.56,9.98,6,0,7,8,2,1,111.00000000000001,455200.0
CLG0066,116.0,6.63,7.03,3,0,5,9,3,1,81.89999999999999,339200.0
CLG0002,107.0,5.78,6.26,5,0,2,10,5,0,73.3,0.0
CLG0018,75.0,8.54,8.44,2,1,2,4,2,0,91.89999999999999,0.0
CLG0091,105.0,7.7,8.02,8,0,10,8,2,1,90.69999999999999,373300.0
CLG0064,116.0,9.27,9.18,8,1,8,1,5,1,103.39999999999999,525200.0
CLG0046,87.0,5.41,5.36,5,0,1,4,5,0,62.3,0.0
CLG0069,114.0,9.22,9.55,7,0,9,10,5,1,106.9,439000.0
CLG0009,110.0,6.47,6.15,8,0,4,2,1,0,72.5,0.0
CLG0014,127.0,8.27,7.99,4,0,6,10,5,1,92.60000000000001,383100.0
CLG0068,93.0,5.2,5.01,2,0,5,4,4,0,59.39999999999999,0.0
CLG0065,83.0,8.05,8.34,5,0,0,2,4,0,91.7,0.0
CLG0040,94.0,8.59,8.46,7,0,9,3,4,0,94.00000000000001,0.0
CLG0022,121.0,6.84,6.7,4,0,2,1,2,0,79.1,0.0
CLG0015,72.0,6.08,6.58,4,1,4,10,4,0,73.0,0.0
CLG0025,68.0,7.69,7.57,4,1,2,3,1,0,82.5,0.0
CLG0064,101.0,9.17,8.92,9,0,2,7,0,0,99.3,0.0
CLG0051,93.0,6.62,6.74,9,0,4,8,0,0,76.7,0.0
CLG0032,100.0,6.26,6.56,10,1,7,6,1,0,75.6,0.0
CLG0095,114.0,6.39,5.96,8,1,9,1,0,0,71.0,0.0
CLG0042,91.0,9.75,9.87,8,1,7,7,0,0,107.79999999999998,0.0
CLG0087,71.0,6.8,6.34,7,0,7,3,3,0,70.5,0.0
CLG0017,130.0,5.02,5.05,1,0,5,9,2,1,63.5,267000.0
CLG0034,85.0,8.91,8.67,8,0,8,2,3,0,95.2,0.0
CLG0069,84.0,8.5,8.31,4,0,4,9,3,1,91.50000000000001,374400.0
CLG0047,116.0,5.64,5.61,1,0,9,10,1,0,67.7,0.0
CLG0042,94.0,9.92,10.35,1,1,6,2,0,0,112.9,0.0
CLG0094,99.0,8.04,8.25,3,1,0,2,1,0,92.4,0.0
CLG0050,107.0,7.5,7.94,3,0,3,4,4,0,90.10000000000001,0.0
CLG0053,116.0,6.91,7.07,10,0,0,2,3,0,82.3,0.0
CLG0094,94.0,9.49,9.0,1,0,9,7,0,0,99.4,0.0
CLG0014,122.0,6.22,5.99,8,1,1,3,2,0,72.10000000000001,0.0
CLG0089,67.0,6.43,6.84,4,1,5,4,3,0,75.10000000000001,0.0
CLG0067,111.0,5.61,5.75,4,1,0,1,0,0,68.6,0.0
CLG0020,87.0,8.8,9.28,6,0,8,10,4,1,101.5,414700.0
CLG0061,120.0,7.98,7.64,9,0,5,4,1,0,88.39999999999999,0.0
CLG0023,102.0,8.05,7.85,9,1,7,4,0,0,88.7,0.0
CLG0023,89.0,6.09,5.95,8,0,9,4,0,0,68.4,0.0
CLG0021,109.0,8.26,8.09,1,0,9,9,3,1,91.80000000000001,378100.0
CLG0044,113.0,8.83,8.58,10,1,7,3,0,0,97.1,0.0
CLG0005,109.0,6.79,6.73,10,0,1,7,4,0,78.20000000000002,0.0
CLG0052,84.0,9.01,9.15,2,1,1,4,2,0,99.9,0.0
CLG0073,92.0,6.74,6.55,3,0,2,1,4,0,74.7,0.0
CLG0039,99.0,8.79,8.37,5,1,10,10,0,0,93.6,0.0
CLG0022,99.0,5.17,5.38,5,0,7,3,2,0,63.699999999999996,0.0
CLG0083,111.0,7.76,7.72,10,0,10,9,4,1,88.3,364300.0
CLG0069,69.0,9.85,9.91,8,0,7,10,2,1,106.0,430900.0
CLG0068,105.0,9.91,9.87,2,0,4,6,5,0,109.19999999999999,0.0
CLG0021,95.0,6.41,6.8,2,0,1,8,3,0,77.5,0.0
CLG0082,87.0,7.21,7.27,8,0,10,9,0,0,81.39999999999999,0.0
CLG0005,88.0,5.31,5.73,1,1,3,8,2,0,66.10000000000001,0.0
CLG0061,96.0,9.37,9.38,9,0,3,5,1,0,103.4,0.0
CLG0077,57.5,7.84,7.63,2,0,6,6,3,0,82.05,0.0
CLG0090,89.0,6.93,6.79,5,1,3,10,0,0,76.80000000000001,0.0
CLG0080,86.0,5.56,5.58,3,0,9,2,3,0,64.39999999999999,0.0
CLG0011,107.0,9.73,9.76,5,1,5,9,1,0,108.3,0.0
CLG0067,87.0,7.65,7.84,8,0,10,6,0,0,87.10000000000001,0.0
CLG0068,96.0,6.41,6.13,8,1,1,8,3,0,70.89999999999999,0.0
CLG0009,123.0,6.75,6.91,6,0,1,7,3,0,81.39999999999999,0.0
CLG0094,114.0,6.35,6.63,9,1,10,10,2,1,77.7,422200.0
CLG0051,113.0,8.01,8.19,7,1,4,2,2,1,93.19999999999999,484100.0
CLG0060,92.0,9.65,9.63,2,0,0,2,3,0,105.50000000000001,0.0
CLG0045,108.0,9.28,9.77,1,0,1,5,2,0,108.49999999999999,0.0
CLG0060,96.0,7.3,7.2,8,1,2,3,0,0,81.6,0.0
CLG0058,97.0,9.13,8.74,1,0,8,1,2,0,97.10000000000001,0.0
CLG0076,106.0,7.12,7.44,8,1,8,10,0,0,85.0,0.0
CLG0054,91.0,6.26,5.97,9,0,6,3,0,0,68.8,0.0
CLG0049,122.0,9.92,10.13,1,1,4,7,0,0,113.50000000000001,0.0
CLG0013,97.0,6.52,6.2,7,1,1,10,0,0,71.7,0.0
CLG0021,109.0,6.62,6.14,5,0,1,9,3,0,72.3,0.0
CLG0021,121.0,9.95,9.61,8,1,7,4,4,1,108.19999999999999,544900.0
CLG0027,115.0,5.67,5.55,4,1,2,8,4,1,67.0,379500.0
CLG0069,78.0,8.8,8.41,2,0,6,6,0,0,91.89999999999999,0.0
CLG0081,106.0,9.68,9.38,7,0,5,4,4,0,104.4,0.0
CLG0055,112.0,7.56,7.82,7,1,5,3,0,0,89.4,0.0
CLG0085,113.0,5.01,5.28,8,1,2,5,4,0,64.10000000000001,0.0
CLG0065,83.0,6.88,7.2,9,0,5,3,5,0,80.3,0.0
CLG0016,90.0,5.56,5.9,6,0,3,8,1,0,68.0,0.0
CLG0022,114.0,7.08,7.0,3,0,0,6,2,0,81.4,0.0
CLG0087,88.0,8.95,9.32,5,0,7,6,4,0,102.0,0.0
CLG0020,95.0,7.19,7.22,3,0,8,7,0,0,81.7,0.0
CLG0049,123.0,7.16,7.13,10,1,2,7,2,0,83.6,0.0
CLG0072,99.0,7.78,8.0,9,0,10,8,2,0,89.9,0.0
CLG0046,89.0,7.91,7.62,5,1,0,5,3,0,85.10000000000001,0.0
CLG0049,86.0,9.28,9.57,7,0,0,5,3,0,104.3,0.0
CLG0094,104.0,6.54,6.47,10,1,0,6,4,0,75.10000000000001,0.0
CLG0066,80.0,9.11,8.74,7,1,8,4,3,0,95.4,0.0
CLG0062,96.0,7.83,7.45,7,1,9,2,0,0,84.1,0.0
CLG0063,104.0,6.5,6.16,10,0,4,2,3,0,72.0,0.0
CLG0032,119.0,6.48,6.87,4,0,2,2,1,0,80.60000000000001,0.0
CLG0083,110.0,6.81,7.3,4,0,9,2,4,0,84.0,0.0
CLG0013,89.0,8.11,7.97,3,0,8,5,2,0,88.60000000000001,0.0
CLG0042,117.0,6.15,5.94,4,1,9,2,5,0,71.10000000000001,0.0
CLG0088,95.0,9.6,9.32,9,0,8,7,2,0,102.7,0.0
CLG0010,81.0,7.87,8.19,5,1,5,4,1,0,89.99999999999999,0.0
CLG0047,97.0,9.6,9.31,6,1,4,10,0,0,102.80000000000001,0.0
CLG0069,121.0,5.23,5.65,4,0,0,5,2,0,68.6,0.0
CLG0091,102.0,6.71,6.88,1,0,5,2,1,0,79.0,0.0
CLG0060,100.0,5.11,5.51,7,0,4,1,3,0,65.1,0.0
CLG0061,124.0,6.36,6.41,7,0,8,9,4,1,76.5,318400.0
CLG0058,78.0,9.31,9.5,6,1,6,6,1,0,102.8,0.0
CLG0025,80.0,5.18,5.3,4,0,2,5,1,0,61.0,0.0
CLG0071,75.0,7.18,7.51,10,0,4,5,3,0,82.6,0.0
CLG0062,105.0,5.59,5.93,8,0,5,2,0,0,69.8,0.0
CLG0061,102.0,7.08,7.17,8,1,10,8,5,0,81.9,0.0
CLG0045,123.0,9.19,9.32,1,0,1,4,5,1,105.5,434300.0
CLG0027,103.0,8.12,8.54,9,1,6,4,3,0,95.69999999999999,0.0
CLG0052,93.0,8.68,9.11,8,0,8,8,3,1,100.39999999999999,410900.0
CLG0059,100.0,6.75,6.91,2,1,9,4,2,0,79.1,0.0
CLG0085,101.0,9.72,9.23,9,0,8,1,5,0,102.4,0.0
CLG0043,74.0,8.55,8.15,4,0,4,4,1,0,88.9,0.0
CLG0028,140.0,7.11,7.47,10,0,7,10,1,0,88.7,0.0
CLG0021,107.0,7.13,6.71,6,0,8,1,3,0,77.8,0.0
CLG0034,103.0,9.59,9.3,2,1,5,6,3,0,103.3,0.0
CLG0085,109.0,7.88,7.61,10,1,3,2,1,0,87.00000000000001,0.0
CLG0047,110.0,8.53,8.63,4,1,3,9,1,0,97.30000000000001,0.0
CLG0027,97.0,7.09,7.17,2,1,2,10,1,0,81.4,0.0
CLG0015,90.0,6.12,5.91,9,0,8,4,0,0,68.1,0.0
CLG0005,108.0,8.62,8.33,9,0,9,8,3,1,94.1,387200.0
CLG0064,105.0,8.04,8.3,5,1,10,2,3,0,93.5,0.0
CLG0017,87.0,7.51,7.95,3,0,10,5,2,0,88.2,0.0
CLG0008,121.0,8.12,7.67,3,0,5,8,2,1,88.8,367300.0
CLG0057,104.0,6.04,5.67,1,0,7,1,4,0,67.10000000000001,0.0
CLG0057,110.0,8.97,9.11,8,0,1,6,1,0,102.1,0.0
CLG0048,120.0,9.74,10.04,3,0,3,2,1,0,112.39999999999999,0.0
CLG0088,100.0,9.46,9.75,4,0,1,5,4,0,107.5,0.0
CLG0018,104.0,6.61,6.83,2,0,10,1,3,0,78.7,0.0
CLG0042,112.0,7.03,7.42,8,0,10,4,1,0,85.4,0.0
CLG0069,89.0,9.04,8.76,3,0,2,3,2,0,96.5,0.0
CLG0054,100.0,7.98,7.59,2,0,1,10,0,0,85.9,0.0
CLG0016,101.0,7.74,7.86,1,1,8,5,5,0,88.7,0.0
CLG0085,85.0,9.63,9.95,10,0,8,8,3,1,108.0,440500.0
CLG0076,134.0,7.68,7.76,2,1,5,9,0,0,91.0,0.0
CLG0017,78.0,7.57,8.03,2,0,6,5,0,0,88.1,0.0
CLG0044,80.0,5.21,5.51,4,0,4,9,4,0,63.099999999999994,0.0
CLG0033,119.0,5.35,5.55,1,0,9,10,0,0,67.4,0.0
CLG0011,110.0,5.04,4.6,1,0,0,4,1,0,57.0,0.0
CLG0040,84.0,9.57,9.18,6,0,3,5,4,0,100.2,0.0
CLG0037,109.0,7.04,7.32,5,1,3,9,2,0,84.10000000000001,0.0
CLG0075,122.0,7.34,7.04,1,1,7,9,0,0,82.60000000000001,0.0
CLG0028,99.0,9.23,8.76,6,0,4,2,1,0,97.5,0.0
CLG0030,138.0,8.05,8.46,8,0,2,5,1,0,98.4,0.0
CLG0046,74.0,8.05,8.44,5,0,0,8,2,1,91.8,374600.0
CLG0078,110.0,6.48,6.2,3,0,0,1,4,0,73.0,0.0
CLG0043,117.0,9.17,9.45,3,0,4,4,4,1,106.2,436500.0
CLG0085,113.0,5.83,5.38,2,1,7,8,4,1,65.1,371700.0
CLG0096,96.0,5.27,5.06,9,1,8,10,2,0,60.199999999999996,0.0
CLG0091,95.0,5.96,6.08,9,0,9,2,2,0,70.3,0.0
CLG0098,106.0,6.34,6.6,7,1,9,1,2,0,76.6,0.0
CLG0008,112.0,6.41,5.92,1,1,1,6,4,0,70.4,0.0
CLG0043,109.0,8.35,8.18,1,1,4,6,0,0,92.7,0.0
CLG0033,115.0,6.09,5.8,4,1,3,1,2,0,69.5,0.0
CLG0055,84.0,8.38,8.88,2,0,2,3,2,0,97.20000000000002,0.0
CLG0058,96.0,5.46,5.63,3,1,10,10,4,0,65.89999999999999,0.0
CLG0021,85.0,5.74,5.65,2,1,7,8,2,0,65.0,0.0
CLG0047,94.0,7.54,7.12,1,1,1,9,0,0,80.60000000000001,0.0
CLG0051,115.0,9.61,9.71,3,0,1,8,4,1,108.60000000000001,445900.00000000006
CLG0029,101.0,9.3,9.44,7,0,4,1,2,0,104.49999999999999,0.0
CLG0016,139.0,9.84,10.16,10,0,9,4,2,1,115.5,475900.0
CLG0068,102.0,8.25,8.04,9,1,9,9,3,1,90.6,472599.99999999994
CLG0089,100.0,8.38,8.86,10,1,9,1,3,0,98.6,0.0
CLG0069,101.0,8.13,8.07,9,0,0,4,1,0,90.8,0.0
CLG0019,90.0,8.11,7.91,8,1,6,10,1,0,88.1,0.0
CLG0039,99.0,5.74,5.59,6,0,8,7,2,0,65.8,0.0
CLG0070,116.0,7.72,7.74,1,0,1,7,3,0,89.0,0.0
CLG0030,101.0,6.93,7.37,8,1,9,7,1,0,83.8,0.0
CLG0028,88.0,7.21,7.45,8,1,0,10,4,0,83.3,0.0
CLG0063,86.0,7.62,7.7,9,1,8,4,3,0,85.6,0.0
CLG0013,93.0,5.64,5.3,10,1,1,8,0,0,62.3,0.0
CLG0067,101.0,6.8,6.45,6,1,8,3,0,0,74.6,0.0
CLG0064,117.0,5.32,5.32,3,1,7,9,0,0,64.9,0.0
CLG0058,79.0,9.9,10.13,6,0,6,6,0,0,109.20000000000002,0.0
CLG0099,95.0,5.59,5.84,8,1,10,7,3,0,67.9,0.0
CLG0068,102.0,6.29,6.02,7,1,0,9,4,0,70.39999999999999,0.0
CLG0010,72.0,9.46,9.06,8,0,3,4,0,0,97.80000000000001,0.0
CLG0051,87.0,7.41,7.29,3,0,10,5,4,0,81.60000000000001,0.0
CLG0070,89.0,5.68,6.1,8,0,10,1,1,0,69.9,0.0
CLG0001,88.0,6.92,6.97,5,0,6,10,1,0,78.5,0.0
CLG0001,102.0,5.58,5.4,7,0,5,8,2,0,64.2,0.0
CLG0007,97.0,6.0,5.82,4,0,0,2,3,0,67.9,0.0
CLG0080,91.0,5.26,4.89,3,0,6,5,0,0,58.0,0.0
CLG0088,106.0,7.19,7.16,6,1,1,5,4,0,82.19999999999999,0.0
CLG0004,125.0,9.03,9.32,9,0,7,10,4,1,105.7,435300.0
CLG0016,124.0,7.93,8.4,4,1,1,4,5,1,96.4,498000.0
CLG0071,71.0,8.03,8.03,9,0,3,4,3,0,87.39999999999999,0.0
CLG0025,108.0,6.0,5.67,3,1,5,2,1,0,67.5,0.0
CLG0015,97.0,6.72,6.9,6,0,7,3,3,0,78.7,0.0
CLG0009,102.0,9.23,9.49,5,0,10,10,4,1,105.10000000000001,430600.0
CLG0011,94.0,5.44,5.01,9,1,2,2,3,0,59.49999999999999,0.0
CLG0071,101.0,9.29,9.64,6,0,5,1,5,0,106.5,0.0
CLG0053,102.0,7.42,7.75,2,0,5,4,1,0,87.7,0.0
CLG0039,91.0,9.19,9.16,4,1,0,9,1,0,100.69999999999999,0.0
CLG0087,86.0,6.59,6.65,5,1,5,6,5,0,75.1,0.0
CLG0003,93.0,6.69,6.9,9,1,0,8,0,0,78.3,0.0
CLG0071,103.0,8.76,8.94,1,1,8,2,0,0,99.69999999999999,0.0
CLG0003,108.0,8.92,8.44,9,1,3,2,5,0,95.19999999999999,0.0
CLG0012,112.0,6.15,5.77,10,0,4,2,0,0,68.89999999999999,0.0
CLG0003,92.0,9.86,9.52,1,0,0,8,1,0,104.39999999999999,0.0
CLG0071,104.0,5.42,5.68,1,0,0,1,4,0,67.2,0.0
CLG0023,114.0,5.34,5.28,4,0,8,5,0,0,64.2,0.0
CLG0038,117.0,7.98,8.03,6,0,5,4,3,1,92.0,379700.0
CLG0079,99.0,8.61,8.88,2,0,9,1,4,0,98.70000000000002,0.0
CLG0087,96.0,9.8,9.64,1,0,9,10,5,1,106.0,433600.0
CLG0042,102.0,7.02,7.27,4,1,5,7,2,0,82.89999999999999,0.0
CLG0005,82.0,5.13,5.07,8,0,4,1,0,0,58.900000000000006,0.0
CLG0041,97.0,8.01,7.89,6,0,5,6,2,0,88.6,0.0
CLG0053,111.0,6.45,6.28,5,1,7,1,0,0,73.9,0.0
CLG0062,109.0,7.16,7.62,1,0,6,9,4,0,87.10000000000001,0.0
CLG0093,95.0,7.44,7.71,3,0,6,3,2,0,86.6,0.0
CLG0083,103.0,5.32,4.84,7,1,8,2,1,0,58.7,0.0
CLG0024,87.0,7.43,7.89,10,1,8,7,0,0,87.6,0.0
CLG0087,110.0,7.13,7.41,3,0,8,1,5,0,85.1,0.0
CLG0028,98.0,8.56,8.21,5,0,0,7,5,0,91.9,0.0
CLG0081,95.0,8.23,7.81,6,1,10,9,3,0,87.6,0.0
CLG0009,94.0,5.93,5.74,9,0,10,4,2,0,66.80000000000001,0.0
CLG0061,99.0,6.03,6.15,3,0,5,10,5,0,71.4,0.0
CLG0053,93.0,6.26,6.38,6,0,4,2,3,0,73.1,0.0
CLG0017,109.0,5.89,5.67,2,0,7,4,2,0,67.60000000000001,0.0
CLG0065,94.0,8.29,8.24,9,1,10,9,4,1,91.80000000000001,476600.0
CLG0009,123.0,9.97,9.68,9,1,9,8,3,1,109.1,548700.0
CLG0070,121.0,8.26,7.81,7,1,7,5,0,0,90.19999999999999,0.0
CLG0015,86.0,8.03,8.05,9,0,7,8,1,0,89.1,0.0
CLG0006,101.0,7.05,6.9,4,1,4,7,4,0,79.1,0.0
CLG0018,90.0,6.56,6.6,10,0,9,4,2,0,75.0,0.0
CLG0088,95.0,9.56,10.01,1,0,10,3,0,0,109.6,0.0
CLG0094,130.0,9.85,9.49,1,1,9,1,2,1,107.9,544600.0
CLG0083,95.0,7.48,6.98,2,0,0,3,3,0,79.30000000000001,0.0
CLG0058,105.0,6.45,6.03,10,0,3,8,3,0,70.80000000000001,0.0
CLG0092,108.0,8.85,8.81,3,1,6,9,1,0,98.9,0.0
CLG0023,84.0,5.66,5.87,2,0,1,9,3,0,67.10000000000001,0.0
CLG0088,87.0,8.83,8.91,4,1,6,5,4,0,97.8,0.0
CLG0027,81.0,9.09,9.08,8,0,4,4,2,0,98.89999999999999,0.0
CLG0077,86.0,5.62,5.47,3,0,5,6,2,0,63.3,0.0
CLG0075,57.5,9.88,9.69,4,0,5,7,4,0,102.64999999999999,0.0
CLG0015,108.0,9.93,9.81,2,1,4,6,3,0,108.9,0.0
CLG0030,130.0,9.68,9.79,1,1,9,5,3,1,110.89999999999999,556600.0
CLG0006,102.0,7.48,7.15,8,0,6,2,4,0,81.7,0.0
CLG0025,78.0,6.23,6.5,7,0,3,3,1,0,72.8,0.0
CLG0031,90.0,7.91,7.99,10,0,0,9,0,0,88.9,0.0
CLG0011,93.0,7.1,6.87,2,0,8,7,0,0,78.0,0.0
CLG0068,84.0,6.03,6.03,8,0,6,10,3,0,68.7,0.0
CLG0079,112.0,7.12,7.58,10,0,8,2,5,0,87.0,0.0
CLG0024,112.0,8.32,7.84,3,0,10,1,0,0,89.60000000000001,0.0
CLG0014,82.0,5.35,5.05,7,1,8,1,0,0,58.7,0.0
CLG0024,110.0,6.67,6.62,1,0,6,1,5,0,77.2,0.0
CLG0087,122.0,5.09,5.23,3,0,1,6,0,0,64.5,0.0
CLG0069,128.0,8.75,8.46,9,0,10,5,3,1,97.4,402400.00000000006
CLG0026,141.5,8.2,8.63,4,0,1,7,2,1,100.45000000000002,415950.00000000006
CLG0094,86.0,5.31,5.45,1,1,3,5,3,0,63.1,0.0
CLG0042,141.5,9.82,10.2,6,0,8,9,3,1,116.15,478750.0
CLG0048,94.0,5.11,4.94,1,0,6,1,5,0,58.800000000000004,0.0
CLG0051,91.0,7.95,8.28,10,1,8,9,1,0,91.89999999999999,0.0
CLG0067,104.0,8.88,8.76,1,0,3,4,1,0,98.0,0.0
CLG0018,91.0,8.94,8.69,2,0,8,10,3,1,95.99999999999999,393100.0
CLG0086,105.0,5.17,5.58,3,1,6,7,4,0,66.3,0.0
CLG0028,80.0,9.53,9.12,2,0,7,2,4,0,99.19999999999999,0.0
CLG0030,96.0,9.59,10.03,8,0,0,3,1,0,109.89999999999999,0.0
CLG0002,119.0,7.81,7.77,6,1,8,4,5,0,89.6,0.0
CLG0073,99.0,7.41,7.9,1,0,7,5,1,0,88.9,0.0
CLG0065,102.0,5.22,5.26,6,1,0,2,2,0,62.8,0.0
CLG0036,107.0,7.81,8.07,1,0,7,7,1,0,91.4,0.0
CLG0021,117.0,7.05,6.56,9,1,4,6,5,0,77.3,0.0
CLG0062,75.0,8.86,8.86,3,1,2,9,0,0,96.1,0.0
CLG0054,108.0,7.02,7.26,1,0,7,7,3,0,83.39999999999999,0.0
CLG0028,95.0,8.42,8.7,1,0,10,10,3,1,96.5,395500.0
CLG0100,102.0,5.51,5.17,2,0,10,10,5,0,61.900000000000006,0.0
CLG0032,115.0,5.66,5.58,6,1,2,2,3,0,67.3,0.0
CLG0058,82.0,5.7,5.62,1,0,7,3,5,0,64.4,0.0
CLG0070,84.0,5.23,4.83,7,1,4,3,2,0,56.699999999999996,0.0
CLG0023,70.0,7.71,7.65,4,0,7,8,2,0,83.5,0.0
CLG0070,91.0,8.97,9.28,7,1,2,8,0,0,101.89999999999999,0.0
CLG0064,119.0,8.05,7.85,4,1,9,3,3,0,90.4,0.0
CLG0086,98.0,7.87,7.8,4,0,5,8,0,0,87.8,0.0
CLG0031,79.0,8.4,8.86,4,1,5,5,1,0,96.5,0.0
CLG0019,92.0,6.7,6.23,10,0,3,4,3,0,71.5,0.0
CLG0072,77.0,6.81,6.9,10,1,4,4,0,0,76.7,0.0
CLG0008,83.0,6.57,6.81,8,1,6,4,2,0,76.39999999999999,0.0
CLG0084,105.0,8.56,8.82,2,1,0,1,5,0,98.7,0.0
CLG0064,82.0,5.81,6.03,8,0,7,7,2,0,68.5,0.0
CLG0088,116.0,5.07,5.3,10,0,10,10,2,1,64.6,270000.0
CLG0077,98.0,7.98,7.54,1,0,2,10,5,0,85.2,0.0
CLG0041,101.0,9.71,9.74,7,0,6,4,0,0,107.5,0.0
CLG0051,95.0,8.05,8.33,7,0,8,2,0,0,92.8,0.0
CLG0007,111.0,8.91,8.5,6,1,1,1,0,0,96.1,0.0
CLG0052,111.0,8.36,7.87,4,1,9,3,4,0,89.8,0.0
CLG0072,105.0,7.49,7.8,5,0,9,1,3,0,88.5,0.0
CLG0091,108.0,8.59,8.8,1,0,6,5,4,0,98.8,0.0
CLG0003,96.0,9.12,9.03,2,1,0,6,4,0,99.89999999999999,0.0
CLG0017,108.0,6.12,6.56,10,0,4,6,5,0,76.39999999999999,0.0
CLG0005,94.0,6.68,6.95,7,0,10,6,1,0,78.9,0.0
CLG0060,100.0,6.12,6.59,2,1,6,7,1,0,75.9,0.0
CLG0073,95.0,7.26,7.69,8,1,4,1,2,0,86.4,0.0
CLG0070,93.0,9.43,9.41,7,0,4,4,5,0,103.39999999999999,0.0
CLG0008,89.0,6.73,6.98,10,1,5,10,4,0,78.70000000000002,0.0
CLG0044,107.0,6.87,7.04,8,0,9,10,1,0,81.10000000000001,0.0
CLG0026,119.0,9.3,9.61,4,0,9,9,4,1,108.0,443900.0
CLG0048,117.0,7.58,7.87,1,1,10,10,3,1,90.4,473300.0
CLG0084,81.0,7.68,7.33,7,1,10,2,4,0,81.39999999999999,0.0
CLG0026,119.0,9.3,9.03,1,0,5,8,2,1,102.2,420700.0
CLG0058,95.0,7.45,7.22,7,1,9,7,0,0,81.7,0.0
CLG0067,109.0,8.41,8.73,9,0,1,7,2,0,98.20000000000002,0.0
CLG0058,86.0,5.43,5.74,5,0,9,3,4,0,66.0,0.0
CLG0025,102.0,5.89,5.89,2,1,10,2,5,0,69.1,0.0
CLG0015,104.0,7.02,7.1,1,1,9,2,4,0,81.4,0.0
CLG0011,77.0,7.47,7.8,8,0,8,3,0,0,85.7,0.0
CLG0096,109.0,9.83,9.64,4,0,2,3,2,0,107.30000000000001,0.0
CLG0096,120.0,9.85,9.4,8,0,0,10,2,1,106.0,436000.0
CLG0006,97.0,9.26,9.24,2,1,10,2,4,0,102.10000000000001,0.0
CLG0002,120.0,6.58,6.99,3,0,0,7,3,0,81.9,0.0
CLG0023,97.0,9.82,10.11,3,0,8,2,5,0,110.8,0.0
CLG0093,112.0,8.45,8.32,4,0,5,6,5,1,94.4,388800.0
CLG0007,66.0,6.96,6.52,9,1,6,5,1,0,71.79999999999998,0.0
CLG0062,136.0,8.51,8.65,9,0,1,7,4,1,100.1,414000.0
CLG0030,122.0,5.08,5.41,5,1,10,7,4,0,66.3,0.0
CLG0080,95.0,5.73,5.89,7,0,0,8,5,0,68.4,0.0
CLG0001,70.0,9.15,9.08,9,0,1,4,1,0,97.8,0.0
CLG0077,104.0,8.23,7.85,1,0,2,10,0,0,88.9,0.0
CLG0036,78.0,6.82,7.23,2,0,2,5,4,0,80.10000000000001,0.0
CLG0001,106.0,7.5,7.28,6,0,7,10,3,0,83.39999999999999,0.0
CLG0022,106.0,9.53,9.25,3,0,3,4,0,0,103.1,0.0
CLG0093,85.0,8.16,8.48,7,1,0,7,0,0,93.30000000000001,0.0
CLG0062,116.0,6.99,7.47,5,1,1,3,0,0,86.3,0.0
CLG0080,112.0,5.6,5.76,10,0,8,10,4,1,68.8,286400.0
CLG0044,114.0,6.47,6.59,8,0,1,2,5,0,77.30000000000001,0.0
CLG0009,100.0,9.89,9.71,1,1,8,4,0,0,107.10000000000001,0.0
CLG0089,78.0,7.19,6.71,9,0,4,5,2,0,74.89999999999999,0.0
CLG0038,114.0,7.36,7.05,10,1,3,1,4,0,81.9,0.0
CLG0022,95.0,7.49,7.57,6,0,3,3,4,0,85.2,0.0
CLG0041,79.0,9.42,9.07,5,0,2,8,1,0,98.60000000000001,0.0
CLG0002,120.0,8.02,8.4,8,0,1,5,5,1,96.0,396000.0
CLG0001,131.0,8.47,8.16,4,1,7,1,0,0,94.69999999999999,0.0
CLG0010,99.0,6.95,6.97,9,0,5,4,4,0,79.60000000000001,0.0
CLG0099,132.0,5.15,5.16,5,1,8,8,5,1,64.8,372400.0
CLG0088,101.0,9.65,9.75,1,1,1,8,3,1,107.6,540500.0
CLG0050,94.0,9.75,9.58,8,1,0,2,3,0,105.2,0.0
CLG0024,90.0,9.75,10.12,9,0,7,9,5,1,110.19999999999999,449799.99999999994
CLG0047,124.0,9.72,9.66,5,0,7,10,4,1,109.0,448400.0
CLG0046,88.0,9.08,9.28,5,1,4,1,4,0,101.6,0.0
CLG0074,111.0,8.42,8.56,6,0,1,10,3,1,96.7,397900.0
CLG0020,91.0,9.22,8.84,9,1,9,8,3,1,97.5,499100.0
CLG0076,93.0,8.0,8.12,5,1,4,8,2,1,90.49999999999999,471299.99999999994
CLG0060,115.0,5.67,5.72,2,0,7,6,3,0,68.69999999999999,0.0
CLG0023,94.0,6.96,7.36,3,0,3,1,2,0,83.00000000000001,0.0
CLG0023,93.0,9.86,10.24,10,1,1,9,4,1,111.7,556100.0
CLG0073,116.0,6.76,6.41,3,1,2,10,0,0,75.69999999999999,0.0
CLG0062,123.0,9.34,8.92,9,0,2,3,5,1,101.5,418300.0
CLG0004,109.0,5.47,5.26,8,0,8,1,5,0,63.49999999999999,0.0
CLG0093,90.0,6.67,7.16,6,1,2,7,5,0,80.6,0.0
CLG0027,92.0,6.75,6.27,5,1,0,10,0,0,71.89999999999999,0.0
CLG0093,101.0,5.26,5.43,10,1,6,5,1,0,64.39999999999999,0.0
CLG0057,104.0,5.6,5.71,2,0,0,2,5,0,67.5,0.0
CLG0068,85.0,5.97,6.12,9,1,5,1,2,0,69.7,0.0
CLG0066,110.0,9.19,8.91,10,1,9,6,3,0,100.1,0.0
CLG0071,101.0,5.32,5.05,8,1,3,1,2,0,60.6,0.0
CLG0057,74.0,6.49,6.42,5,1,6,6,1,0,71.60000000000001,0.0
CLG0043,86.0,5.05,4.65,6,0,6,1,1,0,55.1,0.0
CLG0048,92.0,8.48,8.05,9,1,6,7,2,0,89.7,0.0
CLG0042,98.0,8.1,7.69,1,1,5,7,3,0,86.7,0.0
CLG0098,128.0,8.22,8.29,4,1,6,10,4,1,95.69999999999999,495599.99999999994
CLG0012,103.0,6.87,6.77,5,0,7,4,4,0,77.99999999999999,0.0
CLG0091,87.0,6.04,5.83,9,0,2,7,4,0,67.0,0.0
CLG0054,103.0,8.6,8.42,5,0,4,8,5,1,94.5,388300.0
CLG0086,94.0,9.06,8.77,5,1,9,8,1,0,97.1,0.0
CLG0079,104.0,5.69,5.6,3,0,10,3,5,0,66.4,0.0
CLG0074,108.0,7.43,7.13,8,1,8,8,2,0,82.1,0.0
CLG0035,118.0,6.24,6.44,7,1,7,3,1,0,76.2,0.0
CLG0040,99.0,5.84,5.46,8,0,5,5,3,0,64.5,0.0
CLG0053,124.0,8.67,9.12,4,0,8,1,5,1,103.6,426799.99999999994
CLG0084,113.0,7.69,7.28,8,0,9,7,0,0,84.1,0.0
CLG0032,89.0,6.08,6.52,10,0,4,10,1,0,74.1,0.0
CLG0084,133.0,6.55,6.88,4,0,1,8,3,1,82.1,341700.0
CLG0005,104.0,9.83,10.01,1,0,8,4,3,0,110.5,0.0
CLG0029,87.0,9.24,9.65,4,1,4,7,3,0,105.2,0.0
CLG0091,124.0,9.4,9.04,5,0,7,7,0,0,102.8,0.0
CLG0090,131.0,7.3,6.98,10,0,7,6,4,0,82.9,0.0
CLG0011,99.0,8.12,7.87,8,1,3,5,2,0,88.60000000000001,0.0
CLG0029,92.0,6.88,6.62,10,1,3,10,1,0,75.4,0.0
CLG0020,97.0,5.39,5.2,6,0,0,4,0,0,61.7,0.0
CLG0043,110.0,7.01,7.09,10,1,4,5,3,0,81.9,0.0
CLG0070,119.0,7.97,7.5,5,1,8,7,0,0,86.9,0.0
CLG0008,108.0,6.44,6.32,3,0,4,8,1,0,74.0,0.0
CLG0045,101.0,9.24,8.99,4,0,4,4,2,0,100.0,0.0
CLG0066,122.0,5.76,5.87,6,1,5,5,1,0,70.9,0.0
CLG0062,95.0,6.84,7.33,6,1,5,6,5,0,82.8,0.0
CLG0055,115.0,5.62,5.64,6,0,7,9,0,0,67.9,0.0
CLG0091,95.0,7.02,6.95,2,1,0,10,5,0,79.0,0.0
CLG0038,106.0,5.2,5.07,8,0,4,6,3,0,61.300000000000004,0.0
CLG0084,98.0,6.36,6.64,8,1,8,7,5,0,76.19999999999999,0.0
CLG0094,99.0,7.0,6.57,6,1,2,8,3,0,75.60000000000001,0.0
CLG0093,94.0,7.39,7.85,4,0,10,3,4,0,87.9,0.0
CLG0066,120.0,7.72,7.64,2,0,6,5,4,0,88.39999999999999,0.0
CLG0015,89.0,6.37,6.18,6,0,6,4,2,0,70.7,0.0
CLG0033,88.0,7.62,8.09,6,0,9,1,2,0,89.7,0.0
CLG0011,131.0,7.55,7.99,10,1,2,4,5,0,93.0,0.0
CLG0040,114.0,6.58,6.72,3,0,6,2,5,0,78.60000000000001,0.0
CLG0088,64.0,9.15,8.67,2,1,2,4,4,0,93.10000000000001,0.0
CLG0041,91.0,7.73,7.98,4,1,5,2,4,0,88.9,0.0
CLG0079,72.0,6.66,6.5,8,1,7,4,1,0,72.2,0.0
CLG0005,85.0,9.74,9.63,5,0,7,4,1,0,104.80000000000001,0.0
CLG0073,57.5,9.23,8.89,3,0,5,3,5,0,94.65,0.0
CLG0004,97.0,9.91,9.93,5,1,1,5,3,0,109.0,0.0
CLG0091,82.0,8.46,8.7,9,1,0,9,5,1,95.2,489000.0
CLG0068,100.0,6.89,6.66,8,0,2,1,3,0,76.6,0.0
CLG0037,75.0,6.4,6.84,10,0,2,7,4,0,75.9,0.0
CLG0013,101.0,8.32,8.01,7,0,6,10,1,0,90.19999999999999,0.0
CLG0021,93.0,9.9,9.47,4,0,3,1,4,0,104.0,0.0
CLG0011,122.0,8.13,8.27,2,1,1,10,4,1,94.89999999999999,491800.0
CLG0076,121.0,9.41,9.76,9,1,1,1,2,1,109.69999999999999,550900.0
CLG0014,111.0,6.65,7.1,3,1,6,2,4,0,82.1,0.0
CLG0036,95.0,7.03,7.3,6,1,7,10,3,0,82.5,0.0
CLG0013,129.0,9.53,9.23,7,1,10,6,2,1,105.20000000000002,533700.0
CLG0059,76.0,8.78,9.26,3,0,4,9,1,0,100.19999999999999,0.0
CLG0069,78.0,9.91,10.33,3,0,1,3,3,0,111.1,0.0
CLG0021,98.0,8.87,8.53,3,0,2,5,0,0,95.1,0.0
CLG0073,133.0,7.24,7.3,3,0,0,8,1,0,86.3,0.0
CLG0097,96.0,7.66,7.72,3,1,9,10,5,0,86.8,0.0
CLG0064,97.0,9.5,9.44,7,1,3,6,0,0,104.1,0.0
CLG0055,78.0,7.76,8.24,5,0,6,3,3,0,90.2,0.0
CLG0081,114.0,6.28,5.84,4,1,9,2,1,0,69.8,0.0
CLG0091,114.0,7.18,7.31,6,1,8,3,0,0,84.5,0.0
CLG0065,111.0,7.58,7.29,8,1,2,6,0,0,84.0,0.0
CLG0051,90.0,5.48,5.51,2,1,3,5,1,0,64.1,0.0
CLG0069,89.0,8.72,9.0,3,1,5,8,4,1,98.9,504500.0
CLG0076,80.0,5.55,5.3,2,0,0,10,3,0,61.0,0.0
CLG0025,101.0,7.02,6.91,7,0,4,2,3,0,79.19999999999999,0.0
CLG0025,83.0,9.02,9.47,2,1,9,2,2,0,103.0,0.0
CLG0012,82.0,7.34,7.6,5,0,4,4,1,0,84.2,0.0
CLG0011,93.0,9.21,9.28,10,1,9,9,3,1,102.1,517700.0
CLG0094,92.0,6.71,6.43,9,1,8,5,0,0,73.5,0.0
CLG0048,91.0,9.79,9.72,8,1,8,7,1,0,106.3,0.0
CLG0091,106.0,6.05,6.32,8,1,0,7,5,0,73.8,0.0
CLG0081,101.0,5.19,5.51,3,1,2,6,0,0,65.19999999999999,0.0
CLG0094,95.0,9.36,9.1,1,0,3,6,1,0,100.5,0.0
CLG0003,102.0,8.76,8.92,2,1,0,9,0,0,99.4,0.0
CLG0075,85.0,6.16,5.76,7,1,8,4,0,0,66.1,0.0
CLG0049,101.0,9.92,9.44,4,0,1,2,1,0,104.49999999999999,0.0
CLG0033,102.0,7.51,7.56,10,0,4,7,2,0,85.8,0.0
CLG0047,77.0,9.76,9.48,5,0,2,6,0,0,102.50000000000001,0.0
CLG0073,114.0,7.53,7.11,1,1,3,4,1,0,82.50000000000001,0.0
CLG0018,86.0,7.36,7.59,2,1,3,1,4,0,84.5,0.0
CLG0001,101.0,7.25,7.25,9,1,10,4,5,0,82.6,0.0
CLG0070,117.0,6.67,6.97,6,0,1,6,4,0,81.4,0.0
CLG0098,113.0,7.67,7.83,7,1,10,3,5,0,89.6,0.0
CLG0005,100.0,7.26,7.49,5,1,1,1,2,0,84.9,0.0
CLG0003,94.0,5.18,4.99,9,0,7,2,1,0,59.300000000000004,0.0
CLG0090,114.0,6.3,6.06,10,0,1,6,5,0,72.0,0.0
CLG0070,110.0,6.07,6.17,5,0,9,1,2,0,72.7,0.0
CLG0011,90.0,9.34,9.04,6,0,6,6,5,0,99.39999999999999,0.0
CLG0075,88.0,7.99,8.31,10,0,0,1,0,0,91.9,0.0
CLG0040,68.0,8.82,8.84,9,1,0,1,5,0,95.2,0.0
CLG0064,102.0,9.78,9.51,5,0,9,6,5,0,105.3,0.0
CLG0080,98.0,8.22,8.35,4,0,2,1,4,0,93.3,0.0
CLG0084,117.0,9.91,10.36,5,1,2,9,2,1,115.3,572900.0
CLG0084,105.0,6.56,6.14,5,1,10,2,0,0,71.9,0.0
CLG0090,120.0,5.93,5.54,5,1,8,9,4,1,67.4,381600.0
CLG0058,89.0,7.02,7.36,1,1,1,5,2,0,82.50000000000001,0.0
CLG0099,117.0,7.35,6.96,5,0,3,5,0,0,81.3,0.0
CLG0025,92.0,9.48,9.02,5,0,2,10,5,1,99.39999999999999,406800.0
CLG0030,111.0,7.8,7.65,1,0,6,8,3,1,87.6,361500.0
CLG0040,78.0,6.46,6.43,4,1,5,1,4,0,72.1,0.0
CLG0025,103.0,8.71,8.78,8,0,8,9,0,0,98.1,0.0
CLG0010,70.0,7.53,7.54,4,1,7,1,3,0,82.4,0.0
CLG0057,95.0,5.81,6.22,7,0,1,5,2,0,71.69999999999999,0.0
CLG0035,106.0,7.88,8.15,6,0,2,8,3,1,92.1,379000.0
CLG0027,92.0,9.56,10.04,5,1,0,1,5,0,109.6,0.0
CLG0068,84.0,9.21,9.19,9,0,7,5,4,0,100.3,0.0
CLG0062,112.0,7.93,7.51,8,1,1,3,1,0,86.3,0.0
CLG0080,98.0,6.89,7.35,5,0,3,8,2,0,83.3,0.0
CLG0029,92.0,5.43,4.93,10,1,1,3,3,0,58.5,0.0
CLG0099,100.0,7.35,7.63,7,1,1,8,0,0,86.3,0.0
CLG0021,139.0,8.76,8.29,9,0,2,2,1,0,96.8,0.0
CLG0041,117.0,6.8,7.06,7,1,9,10,1,0,82.3,0.0
CLG0031,117.0,6.18,6.62,3,0,4,3,2,0,77.9,0.0
CLG0019,106.0,9.66,9.55,10,0,7,1,3,0,106.1,0.0
CLG0038,102.0,9.11,8.85,5,0,9,1,4,0,98.7,0.0
CLG0032,64.0,8.19,7.92,9,0,1,4,3,0,85.60000000000001,0.0
CLG0004,89.0,5.68,5.67,9,1,4,5,3,0,65.60000000000001,0.0
CLG0078,92.0,5.72,5.39,8,1,10,3,2,0,63.099999999999994,0.0
CLG0065,71.0,5.52,5.69,6,0,3,2,2,0,64.0,0.0
CLG0083,82.0,8.08,7.95,7,1,2,1,0,0,87.7,0.0
CLG0048,70.0,5.58,5.4,7,1,9,3,4,0,61.0,0.0
CLG0032,99.0,9.21,9.17,1,0,5,1,2,0,101.60000000000001,0.0
CLG0008,112.0,9.96,10.0,8,0,8,10,0,1,111.2,456000.0
CLG0005,116.0,6.83,6.47,6,0,7,10,5,1,76.3,316800.0
CLG0072,106.0,7.27,7.48,7,1,1,6,1,0,85.4,0.0
CLG0049,85.0,8.56,8.94,10,0,0,3,0,0,97.89999999999999,0.0
CLG0070,71.0,9.69,9.47,10,0,7,4,4,0,101.8,0.0
CLG0099,73.0,9.47,9.15,2,0,4,8,0,0,98.8,0.0
CLG0053,80.0,5.29,5.55,7,0,1,10,5,0,63.5,0.0
CLG0060,86.0,5.85,5.53,8,1,9,5,0,0,63.900000000000006,0.0
CLG0061,97.0,8.77,8.31,5,0,0,5,2,0,92.80000000000001,0.0
CLG0062,84.0,8.44,8.56,1,0,10,8,4,1,94.00000000000001,384400.0
CLG0075,105.0,5.67,5.41,6,1,7,10,0,0,64.6,0.0
CLG0013,96.0,7.51,7.18,3,0,7,10,3,0,81.39999999999999,0.0
CLG0089,100.0,8.9,9.38,5,0,5,10,0,0,103.80000000000001,0.0
CLG0051,117.0,6.09,5.88,9,0,4,4,1,0,70.5,0.0
CLG0029,82.0,9.36,9.76,7,0,4,8,1,0,105.8,0.0
CLG0020,106.0,5.26,4.94,8,0,5,10,0,0,60.00000000000001,0.0
CLG0035,99.0,8.91,9.23,6,0,4,5,5,0,102.20000000000002,0.0
CLG0090,94.0,8.08,8.08,9,0,1,6,0,0,90.2,0.0
CLG0084,113.0,6.58,6.16,3,0,6,1,3,0,72.9,0.0
CLG0041,113.0,8.6,8.83,1,0,3,9,0,1,99.6,409700.0
CLG0044,85.0,8.91,9.3,10,0,6,4,2,0,101.5,0.0
CLG0044,97.0,9.67,9.33,4,0,0,1,4,0,103.0,0.0
CLG0006,104.0,6.84,7.07,8,0,5,7,5,0,81.10000000000001,0.0
CLG0063,95.0,8.43,8.38,6,0,1,10,3,1,93.30000000000001,382700.00000000006
CLG0017,108.0,8.01,8.26,7,0,2,4,0,0,93.39999999999999,0.0
CLG0091,104.0,7.63,7.84,9,1,2,5,5,0,88.80000000000001,0.0
CLG0041,127.0,9.45,8.98,2,1,9,7,2,1,102.50000000000001,522700.0
CLG0083,77.0,5.02,4.7,7,0,0,7,5,0,54.7,0.0
CLG0096,98.0,6.41,6.38,4,0,4,9,0,0,73.6,0.0
CLG0023,86.0,7.69,8.12,7,0,7,9,3,1,89.79999999999998,367799.99999999994
CLG0038,109.0,5.89,5.73,8,0,7,7,3,0,68.2,0.0
CLG0041,75.0,9.54,9.67,2,0,9,10,1,0,104.2,0.0
CLG0031,105.0,8.24,7.75,7,0,10,9,1,0,88.0,0.0
CLG0016,90.0,7.39,7.6,8,0,6,5,0,0,85.0,0.0
CLG0003,88.0,9.07,9.17,1,1,6,2,4,0,100.5,0.0
CLG0080,78.0,7.25,7.47,10,1,7,9,2,0,82.5,0.0
CLG0016,93.0,7.79,8.19,5,1,7,6,1,0,91.19999999999999,0.0
CLG0068,116.0,5.01,4.66,9,0,4,6,1,0,58.2,0.0
CLG0069,99.0,6.83,6.59,2,1,6,9,4,0,75.80000000000001,0.0
CLG0054,109.0,5.69,6.19,6,0,1,1,5,0,72.80000000000001,0.0
CLG0092,124.0,8.45,8.11,2,0,3,2,3,1,93.5,386400.0
CLG0087,103.0,7.4,7.62,3,1,5,3,0,0,86.5,0.0
CLG0042,91.0,6.51,6.74,6,1,10,1,0,0,76.5,0.0
CLG0064,107.0,7.34,7.52,5,1,9,4,2,0,85.89999999999999,0.0
CLG0019,91.0,6.05,5.78,4,1,2,2,4,0,66.9,0.0
CLG0089,92.0,9.63,9.35,7,1,1,3,5,0,102.7,0.0
CLG0083,77.0,5.27,5.44,3,0,0,8,4,0,62.10000000000001,0.0
CLG0062,113.0,9.33,9.02,10,0,3,4,4,1,101.49999999999999,417300.0
CLG0003,94.0,7.56,7.72,7,0,1,9,3,0,86.60000000000001,0.0
CLG0008,102.0,8.09,8.08,9,1,2,6,4,0,91.0,0.0
CLG0090,84.0,6.51,6.4,2,0,9,1,3,0,72.4,0.0
CLG0031,106.0,9.83,9.63,5,1,10,6,0,0,106.9,0.0
CLG0019,88.0,6.41,6.86,1,1,10,7,3,0,77.4,0.0
CLG0081,97.0,7.94,7.95,7,0,10,4,0,0,89.2,0.0
CLG0065,113.0,9.97,10.03,2,0,5,8,2,1,111.6,457700.0
CLG0053,111.0,9.41,9.86,5,1,9,10,4,1,109.69999999999999,549900.0
CLG0013,99.0,7.68,7.83,1,0,2,3,2,0,88.2,0.0
CLG0059,73.0,9.95,10.41,1,1,2,7,4,0,111.39999999999999,0.0
CLG0057,141.5,8.51,8.12,4,1,3,7,5,1,95.35,495549.99999999994
CLG0043,126.0,6.04,6.39,7,0,2,4,2,0,76.5,0.0
CLG0012,110.0,7.03,6.87,7,1,5,1,1,0,79.7,0.0
CLG0096,88.0,6.67,6.98,8,0,8,10,1,0,78.60000000000001,0.0
CLG0088,98.0,6.72,7.08,9,0,7,10,3,0,80.6,0.0
CLG0098,91.0,8.8,8.57,4,1,1,6,5,0,94.8,0.0
CLG0024,118.0,7.92,7.83,2,0,2,10,2,1,90.1,372200.0
CLG0042,103.0,5.19,5.42,10,0,7,7,4,0,64.5,0.0
CLG0009,88.0,9.39,8.99,10,0,2,3,0,0,98.7,0.0
CLG0048,92.0,6.48,6.74,3,1,4,5,3,0,76.60000000000001,0.0
CLG0068,116.0,9.99,9.6,9,1,10,8,5,1,107.6,542000.0
CLG0048,124.0,9.77,10.18,8,1,8,7,3,1,114.2,569200.0
CLG0025,122.0,9.7,9.48,6,0,1,2,5,1,107.00000000000001,440200.0
CLG0100,111.0,9.06,9.14,3,1,8,4,1,0,102.5,0.0
CLG0024,96.0,6.1,5.72,10,1,9,7,5,0,66.8,0.0
CLG0023,57.5,7.66,7.43,8,0,4,9,2,0,80.05,0.0
CLG0062,104.0,6.12,6.02,2,0,8,7,2,0,70.6,0.0
CLG0079,99.0,6.3,6.29,4,0,3,8,5,0,72.8,0.0
CLG0089,102.0,8.05,7.55,4,1,7,10,3,0,85.7,0.0
CLG0061,100.0,5.2,5.59,9,0,7,9,1,0,65.9,0.0
CLG0010,80.0,9.85,9.36,8,1,2,1,0,0,101.6,0.0
CLG0010,108.0,9.59,9.86,7,1,4,3,1,0,109.39999999999999,0.0
CLG0070,109.0,6.9,6.87,4,1,9,6,2,0,79.60000000000001,0.0
CLG0069,110.0,7.58,7.6,7,0,0,8,0,0,87.0,0.0
CLG0060,114.0,7.33,7.04,1,1,5,7,3,0,81.80000000000001,0.0
CLG0093,109.0,9.41,9.52,8,0,8,6,0,0,106.1,0.0
CLG0084,93.0,8.44,8.48,8,0,0,4,3,0,94.10000000000001,0.0
CLG0065,98.0,6.39,6.05,9,0,1,8,1,0,70.3,0.0
CLG0086,101.0,7.23,6.97,9,0,6,10,0,0,79.8,0.0
CLG0057,101.0,7.14,6.71,1,1,5,4,4,0,77.19999999999999,0.0
CLG0087,114.0,9.8,9.37,10,0,9,6,2,1,105.1,431799.99999999994
CLG0090,109.0,5.88,5.39,7,1,10,3,3,0,64.8,0.0
CLG0014,131.0,5.45,5.17,1,0,2,7,0,0,64.8,0.0
CLG0036,133.0,9.4,9.58,6,1,1,6,0,0,109.1,0.0
CLG0062,101.0,9.48,9.3,5,0,6,7,5,0,103.1,0.0
CLG0076,57.5,9.36,9.2,2,1,9,5,4,0,97.75,0.0
CLG0015,118.0,7.55,7.18,3,1,9,5,5,0,83.6,0.0
CLG0049,91.0,8.3,8.38,8,1,4,2,5,0,92.9,0.0
CLG0080,87.0,7.82,7.66,2,1,5,6,5,0,85.3,0.0
CLG0015,94.0,5.35,5.53,4,0,8,1,1,0,64.7,0.0
CLG0072,93.0,7.98,8.22,3,0,6,7,4,0,91.5,0.0
CLG0044,109.0,5.07,5.15,7,0,3,3,0,0,62.4,0.0
CLG0078,76.0,6.62,6.4,8,1,10,2,2,0,71.6,0.0
CLG0002,83.0,9.66,9.67,4,1,8,7,0,0,105.0,0.0
CLG0076,105.0,6.52,6.27,6,0,2,9,0,0,73.19999999999999,0.0
CLG0063,109.0,9.7,10.1,3,0,3,1,0,0,111.9,0.0
CLG0024,109.0,6.25,6.52,7,0,9,6,5,0,76.1,0.0
CLG0002,88.0,6.57,6.56,8,0,2,8,4,0,74.39999999999999,0.0
CLG0082,85.0,8.14,8.61,7,1,9,2,4,0,94.6,0.0
CLG0004,92.0,8.81,8.86,4,1,10,5,3,0,97.8,0.0
CLG0092,103.0,7.51,7.34,10,1,2,4,3,0,83.7,0.0
CLG0089,122.0,9.41,9.01,9,0,0,10,5,1,102.3,421400.0
CLG0040,69.0,5.2,5.24,10,0,4,3,5,0,59.300000000000004,0.0
CLG0007,96.0,9.61,9.97,8,1,3,10,3,1,109.3,546800.0
CLG0076,80.0,5.98,6.35,6,0,10,8,0,0,71.5,0.0
CLG0061,75.0,9.42,9.52,2,0,8,2,3,0,102.69999999999999,0.0
CLG0044,114.0,7.0,6.89,10,0,3,1,3,0,80.3,0.0
CLG0083,108.0,9.16,9.31,7,1,2,1,1,0,103.9,0.0
CLG0068,106.0,8.36,8.62,9,1,5,10,5,1,96.79999999999998,497799.99999999994
CLG0002,113.0,5.88,5.79,9,0,9,5,5,0,69.2,0.0
CLG0088,92.0,9.59,9.57,9,0,10,9,4,1,104.9,428800.0
CLG0045,93.0,6.23,6.41,9,0,4,4,3,0,73.39999999999999,0.0
CLG0011,132.0,6.22,6.6,6,1,3,7,4,0,79.2,0.0
CLG0088,96.0,9.07,9.36,1,0,0,2,2,0,103.19999999999999,0.0
CLG0039,111.0,5.53,5.05,6,0,10,3,5,0,61.6,0.0
CLG0073,100.0,6.11,5.73,5,1,2,10,1,0,67.30000000000001,0.0
CLG0007,72.0,7.52,7.87,7,0,3,9,2,0,85.9,0.0
CLG0029,69.0,9.15,9.48,8,0,9,5,5,0,101.70000000000002,0.0
CLG0099,91.0,5.74,5.63,1,0,10,6,4,0,65.39999999999999,0.0
CLG0064,115.0,7.74,7.82,10,1,7,3,4,0,89.7,0.0
CLG0024,111.0,8.56,8.97,4,0,8,6,2,1,100.8,414300.0
CLG0067,113.0,9.3,9.71,4,1,7,10,3,1,108.4,544900.0
CLG0001,85.0,9.68,9.96,1,0,8,8,1,0,108.10000000000001,0.0
CLG0097,124.0,8.92,8.63,4,0,9,10,4,1,98.70000000000002,407200.00000000006
CLG0046,85.0,8.26,8.49,7,1,0,1,0,0,93.4,0.0
CLG0098,103.0,7.17,6.77,6,0,10,10,1,0,77.99999999999999,0.0
CLG0043,99.0,5.56,5.95,4,1,0,8,2,0,69.4,0.0
CLG0010,97.0,8.55,8.2,2,0,2,8,4,1,91.7,376500.0
CLG0079,120.0,9.96,10.12,7,0,3,7,4,1,113.19999999999999,464799.99999999994
CLG0075,89.0,8.68,8.79,8,0,1,4,5,0,96.8,0.0
CLG0033,79.0,5.08,5.36,9,1,9,1,2,0,61.5,0.0
CLG0061,100.0,7.48,7.53,9,1,6,10,0,0,85.3,0.0
CLG0096,94.0,8.07,7.63,4,1,8,2,5,0,85.7,0.0
CLG0038,141.5,8.45,8.66,3,0,10,10,0,1,100.75,417150.0
CLG0020,110.0,8.6,8.48,5,0,5,3,4,0,95.80000000000001,0.0
CLG0096,93.0,7.79,7.61,6,0,3,5,3,0,85.4,0.0
CLG0072,84.0,6.12,6.61,8,0,5,3,0,0,74.50000000000001,0.0
CLG0053,71.0,9.71,9.8,3,1,0,8,0,0,105.1,0.0
CLG0055,84.0,8.48,8.69,6,0,5,6,3,0,95.3,0.0
CLG0017,101.0,6.18,6.21,5,1,3,3,5,0,72.2,0.0
CLG0046,121.0,6.61,6.88,7,0,2,2,0,0,80.89999999999999,0.0
CLG0100,116.0,9.61,9.86,9,1,5,3,3,1,110.19999999999999,552400.0
CLG0002,103.0,9.44,9.6,7,0,8,2,2,0,106.3,0.0
CLG0098,95.0,7.03,7.53,6,0,7,3,5,0,84.8,0.0
CLG0011,104.0,5.19,5.15,9,0,7,9,1,0,61.9,0.0
CLG0078,92.0,5.24,5.45,10,1,8,1,1,0,63.7,0.0
CLG0082,125.0,6.42,6.72,4,0,5,3,2,0,79.7,0.0
CLG0010,97.0,8.15,8.03,1,0,7,7,0,0,90.0,0.0
CLG0023,98.0,7.92,7.88,8,0,6,2,1,0,88.6,0.0
CLG0088,66.0,8.17,8.64,6,0,0,3,2,0,93.0,0.0
CLG0044,97.0,8.59,8.12,6,1,5,6,1,0,90.89999999999999,0.0
CLG0075,112.0,5.1,4.94,5,1,10,2,0,0,60.60000000000001,0.0
CLG0056,83.0,5.53,5.52,10,0,3,1,5,0,63.5,0.0
CLG0028,88.0,6.8,6.3,3,0,2,10,3,0,71.8,0.0
CLG0027,111.0,5.77,6.17,6,0,2,2,2,0,72.8,0.0
CLG0048,77.0,5.38,5.17,1,1,9,4,5,0,59.400000000000006,0.0
CLG0072,115.0,8.2,7.96,7,0,7,5,1,0,91.1,0.0
CLG0037,92.0,9.08,9.4,6,1,0,1,0,0,103.2,0.0
CLG0064,94.0,8.76,8.54,5,1,6,4,5,0,94.8,0.0
CLG0047,83.0,9.09,9.25,3,1,10,5,1,0,100.8,0.0
CLG0049,105.0,8.33,8.65,8,0,9,4,0,0,97.0,0.0
CLG0066,136.0,8.68,8.97,4,0,3,2,0,0,103.3,0.0
CLG0045,111.0,6.36,6.64,9,1,0,1,0,0,77.49999999999999,0.0
CLG0058,87.0,9.97,9.56,9,0,1,4,0,0,104.30000000000001,0.0
CLG0065,117.0,5.92,5.5,5,0,6,2,2,0,66.7,0.0
CLG0068,95.0,6.07,5.88,7,0,9,10,5,0,68.3,0.0
CLG0003,120.0,6.44,5.98,6,1,0,9,3,1,71.80000000000001,399200.0
CLG0090,112.0,9.88,9.88,6,1,5,4,2,1,110.00000000000001,551200.0
CLG0071,57.5,9.94,9.83,4,0,3,3,1,0,104.05,0.0
CLG0086,84.0,8.97,9.03,10,0,2,7,2,0,98.7,0.0
CLG0010,114.0,8.15,7.95,8,1,6,3,2,0,90.9,0.0
CLG0010,102.0,7.6,7.59,10,1,8,10,1,0,86.10000000000001,0.0
CLG0039,84.0,9.85,9.68,3,1,4,8,3,1,105.2,529200.0
CLG0065,90.0,8.48,8.18,5,0,5,5,2,0,90.8,0.0
CLG0058,71.0,9.72,9.87,1,1,6,4,0,0,105.79999999999998,0.0
CLG0037,98.0,6.58,6.75,1,0,9,1,2,0,77.3,0.0
CLG0075,133.0,6.67,7.0,9,0,5,5,1,0,83.3,0.0
CLG0034,112.0,9.27,9.64,4,0,5,9,3,1,107.60000000000001,441600.0
CLG0010,132.0,5.75,5.95,9,1,2,8,2,1,72.7,404000.0
CLG0078,113.0,9.73,9.92,7,1,10,4,2,1,110.5,553300.0
CLG0038,115.0,7.54,7.1,10,1,2,9,1,0,82.5,0.0
CLG0061,129.0,9.63,9.24,8,0,4,7,4,1,105.30000000000001,434100.0
CLG0066,105.0,6.68,6.99,9,1,6,2,4,0,80.4,0.0
CLG0074,97.0,8.58,8.31,1,1,5,7,5,0,92.80000000000001,0.0
CLG0096,115.0,7.41,7.27,7,1,1,4,2,0,84.19999999999999,0.0
CLG0029,121.0,8.13,7.78,8,0,2,5,5,0,89.89999999999999,0.0
CLG0050,92.0,7.52,7.22,2,1,4,1,0,0,81.4,0.0
CLG0065,89.0,9.84,10.12,10,1,6,4,2,0,110.1,0.0
CLG0004,102.0,8.46,8.22,9,0,5,2,5,0,92.4,0.0
CLG0097,112.0,6.26,6.21,1,0,9,9,4,1,73.3,304400.0
CLG0024,111.0,9.55,9.2,3,1,2,8,2,1,103.1,523500.0
CLG0041,78.0,6.47,6.65,9,0,6,3,0,0,74.3,0.0
CLG0022,128.0,6.86,7.09,1,1,4,7,3,0,83.7,0.0
CLG0010,90.0,5.51,5.37,4,1,9,7,2,0,62.7,0.0
CLG0044,96.0,9.5,9.78,10,0,3,6,1,0,107.39999999999999,0.0
CLG0060,86.0,6.43,6.17,6,0,5,3,0,0,70.3,0.0
CLG0026,140.0,6.29,6.48,6,0,1,9,2,1,78.80000000000001,329200.0
CLG0014,103.0,9.6,9.83,4,0,6,9,4,1,108.6,444700.0
CLG0012,87.0,9.03,9.5,10,1,1,6,5,0,103.7,0.0
CLG0020,112.0,5.71,5.44,10,0,6,3,2,0,65.60000000000001,0.0
CLG0098,111.0,8.85,8.44,10,0,7,4,5,1,95.49999999999999,393100.0
CLG0035,97.0,9.57,9.33,10,0,1,5,4,0,103.0,0.0
CLG0086,112.0,5.39,5.01,1,1,7,9,1,0,61.3,0.0
CLG0063,87.0,9.13,8.8,5,1,6,3,3,0,96.7,0.0
CLG0017,92.0,7.74,7.57,5,0,2,9,4,0,84.9,0.0
CLG0028,69.0,8.35,8.26,3,0,6,5,2,0,89.5,0.0
CLG0087,80.0,7.46,7.86,3,1,0,6,1,0,86.60000000000001,0.0
CLG0080,127.0,8.49,8.19,4,0,1,2,0,0,94.6,0.0
CLG0087,124.0,5.17,5.64,3,0,4,2,2,0,68.8,0.0
CLG0037,100.0,8.81,9.12,3,0,10,2,5,0,101.19999999999999,0.0
CLG0100,124.0,5.17,5.55,3,0,8,7,5,0,67.9,0.0
CLG0023,97.0,7.28,7.71,7,0,0,6,5,0,86.8,0.0
CLG0095,96.0,5.75,6.0,9,0,4,7,0,0,69.6,0.0
CLG0015,100.0,9.12,9.41,1,0,5,3,5,0,104.1,0.0
CLG0013,98.0,6.57,6.51,8,0,2,4,5,0,74.89999999999999,0.0
CLG0014,96.0,7.27,7.28,10,0,4,6,4,0,82.39999999999999,0.0
CLG0086,117.0,7.14,7.57,1,0,1,3,5,0,87.4,0.0
CLG0009,102.0,8.86,8.74,9,0,10,1,1,0,97.60000000000001,0.0
CLG0008,110.0,7.41,6.95,8,1,7,6,3,0,80.5,0.0
CLG0078,115.0,8.94,9.2,6,0,2,10,2,1,103.5,425500.0
CLG0071,105.0,5.37,5.44,6,0,4,10,1,0,64.9,0.0
CLG0067,85.0,5.96,6.27,10,1,0,2,1,0,71.19999999999999,0.0
CLG0100,79.0,7.76,7.34,7,0,4,7,3,0,81.30000000000001,0.0
CLG0023,102.0,9.74,9.86,8,1,0,5,5,0,108.8,0.0
CLG0081,97.0,5.37,5.12,7,0,8,1,4,0,60.900000000000006,0.0
CLG0041,101.0,5.22,5.62,1,0,1,9,5,0,66.3,0.0
CLG0089,99.0,5.78,5.39,10,1,5,2,5,0,63.8,0.0
CLG0087,138.0,8.21,8.55,4,1,8,2,3,1,99.3,511000.0
CLG0075,80.0,6.99,6.58,4,1,2,10,3,0,73.8,0.0
CLG0032,70.0,9.13,8.66,9,0,5,10,3,1,93.6,381400.0
CLG0065,104.0,5.36,5.1,9,1,0,4,5,0,61.4,0.0
CLG0027,94.0,5.98,5.81,3,1,6,2,0,0,67.5,0.0
CLG0092,104.0,6.5,6.63,9,1,1,10,5,0,76.7,0.0
CLG0090,108.0,8.13,7.76,5,0,4,6,2,0,88.39999999999999,0.0
CLG0064,119.0,8.43,8.37,6,0,4,5,3,1,95.6,394299.99999999994
CLG0073,77.0,5.62,5.32,7,1,0,10,2,0,60.900000000000006,0.0
CLG0094,91.0,9.72,10.08,3,0,10,10,5,1,109.89999999999999,448700.0
CLG0067,106.0,6.71,6.25,4,1,6,3,5,0,73.1,0.0
CLG0095,111.0,8.57,8.43,5,1,3,2,3,1,95.39999999999999,492700.0
CLG0053,132.0,7.62,7.75,1,1,3,6,4,0,90.7,0.0
CLG0010,114.0,6.11,6.52,8,0,6,2,4,0,76.6,0.0
CLG0051,99.0,9.23,9.6,7,0,9,4,3,0,105.9,0.0
CLG0032,86.0,9.09,9.49,2,0,0,5,1,0,103.5,0.0
CLG0065,91.0,6.98,6.54,7,0,5,8,2,0,74.5,0.0
CLG0046,91.0,7.94,8.28,9,0,0,1,4,0,91.89999999999999,0.0
CLG0072,109.0,6.29,6.57,5,1,5,7,0,0,76.60000000000001,0.0
CLG0010,103.0,8.45,8.85,6,0,9,6,1,0,98.8,0.0
CLG0088,80.0,6.55,6.36,5,1,1,3,4,0,71.6,0.0
CLG0083,93.0,9.22,9.63,1,1,9,10,1,0,105.60000000000001,0.0
CLG0062,113.0,6.09,5.99,6,1,10,10,5,1,71.2,396100.0
CLG0071,105.0,5.07,5.2,7,1,0,10,2,0,62.5,0.0
CLG0073,108.0,6.34,6.26,5,0,7,1,5,0,73.39999999999999,0.0
CLG0054,105.0,5.96,5.89,3,0,6,2,5,0,69.4,0.0
CLG0096,124.0,7.54,7.59,6,1,1,1,1,0,88.30000000000001,0.0
CLG0083,103.0,6.02,5.88,7,1,1,3,0,0,69.1,0.0
CLG0039,94.0,8.82,9.11,10,0,4,1,1,0,100.5,0.0
CLG0029,86.0,6.21,6.34,10,0,3,10,5,0,72.0,0.0
CLG0016,103.0,8.53,8.72,9,0,3,5,4,0,97.5,0.0
CLG0044,63.0,7.89,7.62,7,0,8,10,0,0,82.5,0.0
CLG0067,97.0,9.93,10.4,3,0,10,6,5,0,113.7,0.0
CLG0069,96.0,10.0,10.16,1,0,0,1,2,0,111.19999999999999,0.0
CLG0070,79.0,9.35,9.05,7,0,9,1,4,0,98.4,0.0
CLG0017,86.0,8.8,9.05,8,1,8,4,2,0,99.1,0.0
CLG0081,112.0,6.93,6.6,1,0,2,4,5,0,77.2,0.0
CLG0100,103.0,8.77,8.33,5,0,7,8,3,1,93.6,384700.0
CLG0042,101.0,9.78,9.81,8,0,4,10,4,1,108.2,442900.0
CLG0096,104.0,5.12,5.17,10,0,9,7,1,0,62.1,0.0
CLG0040,101.0,7.69,7.38,7,0,2,7,2,0,83.89999999999999,0.0
CLG0014,118.0,6.09,5.94,2,0,8,9,1,0,71.2,0.0
CLG0032,101.0,7.79,8.24,4,0,8,8,5,1,92.5,380100.0
CLG0043,78.0,7.33,7.12,6,1,7,3,0,0,79.0,0.0
CLG0077,124.0,7.88,7.54,7,0,2,4,2,0,87.80000000000001,0.0
CLG0047,105.0,7.75,8.24,7,1,2,8,2,1,92.9,482100.0
CLG0023,91.0,9.8,9.6,3,0,9,5,0,0,105.1,0.0
CLG0060,81.0,7.76,7.94,8,1,10,5,0,0,87.5,0.0
CLG0012,105.0,9.23,8.96,7,0,9,8,0,0,100.10000000000001,0.0
CLG0086,98.0,6.6,6.65,4,1,2,8,5,0,76.3,0.0
CLG0094,123.0,7.19,7.08,10,1,10,6,0,0,83.1,0.0
CLG0058,94.0,7.35,7.81,4,1,5,9,3,0,87.5,0.0
CLG0022,87.0,6.39,6.32,4,0,1,4,2,0,71.9,0.0
CLG0064,113.0,6.9,6.98,5,0,8,10,5,1,81.10000000000001,335700.0
CLG0074,113.0,7.99,8.43,2,1,1,1,5,1,95.6,493700.0
CLG0012,102.0,7.9,8.39,9,1,9,10,3,1,94.10000000000001,486600.0
CLG0100,110.0,8.18,7.78,6,1,7,2,3,0,88.8,0.0
CLG0092,99.0,6.76,7.09,8,1,9,1,1,0,80.80000000000001,0.0
CLG0087,103.0,6.58,6.46,1,0,3,4,2,0,74.89999999999999,0.0
CLG0024,117.0,8.06,8.15,6,1,3,9,2,1,93.2,484500.0
CLG0092,109.0,5.66,5.54,6,0,4,6,5,0,66.3,0.0
CLG0072,97.0,6.27,6.17,8,1,0,6,2,0,71.4,0.0
CLG0020,120.0,5.21,4.87,1,0,3,6,2,0,60.7,0.0
CLG0003,64.0,5.36,5.43,5,1,5,1,0,0,60.699999999999996,0.0
CLG0071,130.0,6.22,6.27,3,0,9,1,4,0,75.69999999999999,0.0
CLG0023,74.0,5.1,4.79,6,0,1,3,1,0,55.3,0.0
CLG0059,90.0,6.23,6.27,9,1,10,5,1,0,71.69999999999999,0.0
CLG0099,99.0,8.27,8.74,10,1,2,2,0,0,97.30000000000001,0.0
CLG0033,97.0,5.31,5.52,3,1,10,1,3,0,64.89999999999999,0.0
CLG0046,115.0,7.18,7.16,9,0,3,9,4,1,83.1,343900.0
CLG0035,84.0,9.57,9.99,9,1,2,1,1,0,108.30000000000001,0.0
CLG0022,103.0,8.96,9.04,1,0,8,4,3,0,100.69999999999999,0.0
CLG0034,91.0,6.53,6.17,2,0,5,9,2,0,70.8,0.0
CLG0036,104.0,9.62,9.67,4,0,10,10,5,1,107.10000000000001,438800.0
CLG0026,99.0,6.65,6.33,7,0,4,2,4,0,73.2,0.0
CLG0041,101.0,5.36,5.63,2,1,4,10,4,0,66.39999999999999,0.0
CLG0010,91.0,9.97,10.44,7,0,1,3,5,0,113.49999999999999,0.0
CLG0007,92.0,9.35,9.21,5,0,8,4,2,0,101.30000000000001,0.0
CLG0042,104.0,7.33,7.26,10,0,1,2,1,0,83.0,0.0
CLG0011,114.0,8.33,8.25,7,0,4,2,4,1,93.9,387000.0
CLG0081,91.0,8.36,8.15,9,0,6,6,0,0,90.6,0.0
CLG0072,86.0,5.97,6.26,9,0,2,10,0,0,71.19999999999999,0.0
CLG0071,109.0,6.0,6.12,3,0,7,5,0,0,72.10000000000001,0.0
CLG0072,99.0,7.35,6.91,3,0,4,5,5,0,79.0,0.0
CLG0097,112.0,9.56,9.9,7,0,9,9,4,1,110.2,452000.0
CLG0006,86.0,5.05,4.74,5,0,2,7,1,0,56.00000000000001,0.0
CLG0046,73.0,8.91,9.39,5,0,2,9,5,1,101.2,412100.0
CLG0005,92.0,5.29,5.17,5,0,2,1,3,0,60.900000000000006,0.0
CLG0080,88.0,7.39,7.51,9,1,10,2,1,0,83.89999999999999,0.0
CLG0045,98.0,8.19,7.77,4,0,2,5,3,0,87.49999999999999,0.0
CLG0014,90.0,8.43,8.27,6,1,3,10,4,1,91.69999999999999,475800.0
CLG0034,111.0,5.29,5.59,6,0,9,7,2,0,67.0,0.0
CLG0056,95.0,7.09,7.07,7,1,0,8,3,0,80.2,0.0
CLG0058,102.0,7.92,8.32,2,0,2,7,3,0,93.4,0.0
CLG0050,102.0,5.33,5.41,6,1,9,9,1,0,64.3,0.0
CLG0098,102.0,5.68,6.11,9,0,9,3,4,0,71.3,0.0
CLG0089,99.0,8.32,8.8,3,1,4,5,1,0,97.9,0.0
CLG0086,107.0,7.61,7.56,2,0,7,6,4,0,86.3,0.0
CLG0067,88.0,5.81,5.88,8,0,7,10,3,0,67.6,0.0
CLG0082,120.0,7.68,8.01,1,0,8,7,2,1,92.1,380400.0
CLG0056,96.0,9.56,9.28,8,1,8,7,5,0,102.39999999999999,0.0
CLG0020,80.0,5.08,5.44,5,0,5,4,4,0,62.400000000000006,0.0
CLG0013,102.0,8.21,8.3,9,0,9,1,3,0,93.2,0.0
CLG0098,87.0,5.37,5.6,9,1,6,8,5,0,64.7,0.0
CLG0085,109.0,5.03,4.61,4,0,10,10,5,0,57.0,0.0
CLG0093,133.0,5.75,6.02,1,1,3,1,2,0,73.5,0.0
CLG0073,88.0,7.11,6.92,5,0,2,1,1,0,78.0,0.0
CLG0086,104.0,9.01,9.32,7,1,10,9,1,0,103.60000000000001,0.0
CLG0095,73.0,6.41,6.42,9,1,2,10,4,0,71.5,0.0
CLG0045,106.0,8.13,7.9,10,1,1,10,4,0,89.6,0.0
CLG0031,86.0,7.06,7.51,9,0,7,3,4,0,83.69999999999999,0.0
CLG0070,90.0,6.17,6.44,9,0,6,9,1,0,73.4,0.0
CLG0041,83.0,7.57,8.06,6,0,7,10,4,1,88.9,363900.0
CLG0046,110.0,8.99,8.85,2,0,5,10,3,1,99.5,409000.0
CLG0002,115.0,9.16,9.31,5,1,9,1,5,1,104.60000000000001,529900.0
CLG0007,100.0,9.23,9.34,3,1,9,7,0,0,103.4,0.0
CLG0012,87.0,6.69,6.88,6,0,4,5,0,0,77.5,0.0
CLG0064,123.0,8.97,8.51,5,0,0,4,4,1,97.39999999999999,401900.0
CLG0043,88.0,6.06,5.85,10,0,7,5,3,0,67.3,0.0
CLG0051,67.0,8.69,9.1,1,0,1,1,3,0,97.7,0.0
CLG0083,106.0,9.74,9.66,10,0,0,10,3,1,107.19999999999999,439400.0
CLG0020,83.0,5.07,5.53,10,1,8,7,5,0,63.60000000000001,0.0
CLG0013,114.0,7.2,6.91,2,1,10,2,2,0,80.5,0.0
CLG0047,94.0,8.24,8.74,5,0,10,9,5,1,96.80000000000001,396600.0
CLG0085,109.0,8.51,8.71,6,1,7,5,3,0,98.00000000000001,0.0
CLG0026,121.0,5.88,6.16,1,1,10,5,1,0,73.7,0.0
CLG0097,81.0,9.86,9.76,7,1,8,3,1,0,105.69999999999999,0.0
CLG0058,91.0,8.08,8.49,3,1,4,10,3,1,94.0,485100.0
CLG0022,98.0,5.82,5.87,1,0,2,2,0,0,68.5,0.0
CLG0059,123.0,5.1,5.28,7,0,10,8,2,1,65.10000000000001,272700.0
CLG0075,90.0,8.92,8.51,7,0,7,9,5,1,94.1,385400.0
CLG0015,91.0,5.4,5.53,10,0,3,3,1,0,64.4,0.0
CLG0045,107.0,5.71,6.09,3,0,0,8,1,0,71.6,0.0
CLG0047,91.0,7.87,7.55,6,0,8,6,1,0,84.6,0.0
CLG0082,102.0,8.02,8.26,4,0,10,9,5,1,92.8,381400.0
CLG0031,76.0,8.43,7.96,4,1,3,10,2,0,87.19999999999999,0.0
CLG0098,133.0,6.97,7.4,9,1,1,4,3,0,87.3,0.0
CLG0029,79.0,8.87,9.35,7,1,9,3,2,0,101.4,0.0
CLG0041,95.0,9.87,9.72,6,0,2,7,3,0,106.7,0.0
CLG0081,99.0,6.36,5.97,9,1,5,1,4,0,69.6,0.0
CLG0018,128.0,8.52,8.68,3,0,8,3,1,0,99.6,0.0
CLG0096,80.0,9.64,9.17,4,0,5,7,5,0,99.7,0.0
CLG0010,129.0,8.43,8.41,9,1,3,7,0,0,97.0,0.0
CLG0009,111.0,8.41,8.18,4,0,0,9,2,1,92.89999999999999,382700.0
CLG0052,106.0,6.12,6.09,7,1,1,10,5,0,71.5,0.0
CLG0027,85.0,7.68,7.2,9,0,6,9,2,0,80.5,0.0
CLG0026,108.0,7.81,7.36,4,0,2,7,5,0,84.4,0.0
CLG0085,89.0,8.5,8.02,9,1,1,3,1,0,89.1,0.0
CLG0029,118.0,9.98,10.1,7,1,5,3,1,0,112.8,0.0
CLG0020,85.0,5.17,5.23,4,1,3,5,5,0,60.800000000000004,0.0
CLG0073,98.0,5.33,5.06,3,0,0,9,0,0,60.39999999999999,0.0
CLG0068,91.0,5.39,5.54,6,1,8,1,0,0,64.5,0.0
CLG0015,85.0,8.71,9.09,3,0,8,1,1,0,99.4,0.0
CLG0052,111.0,5.68,5.46,7,0,10,9,5,1,65.7,273900.0
CLG0087,108.0,8.11,8.44,1,1,4,7,3,0,95.19999999999999,0.0
CLG0080,118.0,6.62,6.78,7,0,7,4,1,0,79.6,0.0
CLG0001,73.0,7.29,6.82,3,1,5,1,0,0,75.5,0.0
CLG0019,115.0,6.08,5.96,9,0,6,6,1,0,71.1,0.0
CLG0026,137.0,9.33,9.34,6,1,5,9,0,1,107.10000000000001,542100.0
CLG0059,93.0,7.93,8.16,7,0,6,6,4,0,90.89999999999999,0.0
CLG0004,128.0,9.72,9.51,9,0,2,5,3,1,107.89999999999999,444400.0
CLG0062,96.0,7.87,8.35,6,0,10,1,5,0,93.1,0.0
CLG0092,79.0,5.62,5.8,10,0,2,9,0,0,65.9,0.0
CLG0057,95.0,5.85,5.72,2,1,9,9,5,0,66.69999999999999,0.0
CLG0060,115.0,9.95,9.55,6,0,2,1,2,1,107.0,439500.0
CLG0035,87.0,8.63,8.31,6,0,9,4,2,0,91.80000000000001,0.0
CLG0035,90.0,5.25,5.24,2,1,5,1,5,0,61.400000000000006,0.0
CLG0040,108.0,8.52,8.51,7,0,0,10,3,1,95.89999999999999,394400.0
CLG0021,100.0,7.06,7.33,9,0,8,4,3,0,83.3,0.0
CLG0027,108.0,6.54,6.77,10,0,8,7,2,0,78.49999999999999,0.0
CLG0047,103.0,5.77,5.47,4,0,3,8,5,0,65.0,0.0
CLG0013,107.0,9.2,9.29,5,1,1,3,5,0,103.6,0.0
CLG0054,93.0,5.32,4.84,6,1,6,3,5,0,57.7,0.0
CLG0006,103.0,6.45,6.35,1,0,6,10,5,0,73.8,0.0
CLG0031,86.0,6.53,6.79,8,1,5,5,5,0,76.5,0.0
CLG0087,119.0,5.8,5.7,9,0,7,6,4,0,68.9,0.0
CLG0033,90.0,7.54,7.88,1,0,2,3,4,0,87.8,0.0
CLG0009,116.0,5.06,5.54,4,0,1,6,0,0,67.0,0.0
CLG0069,96.0,6.5,6.61,6,0,9,10,3,0,75.7,0.0
CLG0044,103.0,9.67,9.32,10,1,0,7,2,0,103.5,0.0
CLG0058,92.0,6.55,6.43,1,0,2,6,5,0,73.5,0.0
CLG0038,84.0,6.8,6.31,3,1,7,6,5,0,71.5,0.0
CLG0044,73.0,7.37,7.47,7,0,7,2,3,0,82.0,0.0
CLG0068,84.0,7.81,8.13,8,0,6,4,2,0,89.70000000000002,0.0
CLG0032,95.0,9.04,9.17,8,0,1,1,2,0,101.2,0.0
CLG0003,103.0,5.95,6.24,5,0,2,10,0,0,72.7,0.0
CLG0098,115.0,9.36,9.66,1,1,6,5,3,1,108.1,543900.0
CLG0059,93.0,8.79,9.14,1,0,10,10,4,1,100.7,412100.0
CLG0012,86.0,8.61,8.38,8,1,7,3,3,0,92.4,0.0
CLG0100,78.0,5.43,5.8,5,0,8,3,2,0,65.8,0.0
CLG0046,107.0,5.11,5.26,9,0,5,4,4,0,63.3,0.0
CLG0032,120.0,7.97,7.76,1,1,9,9,2,1,89.6,470400.0
CLG0031,118.0,9.32,9.81,2,1,2,6,3,1,109.9,551400.0
CLG0013,110.0,7.92,8.37,4,1,8,10,2,1,94.69999999999999,489799.99999999994
CLG0049,109.0,6.07,6.14,10,0,4,8,5,0,72.3,0.0
CLG0086,125.0,5.45,5.79,7,0,3,5,1,0,70.4,0.0
CLG0091,104.0,8.5,8.26,4,0,8,6,4,0,93.0,0.0
CLG0069,109.0,8.61,8.53,8,0,9,3,5,0,96.2,0.0
CLG0064,95.0,5.86,5.54,7,1,1,7,0,0,64.9,0.0
CLG0026,79.0,5.14,5.16,5,0,9,9,1,0,59.5,0.0
CLG0049,89.0,7.04,7.04,7,0,3,9,5,0,79.30000000000001,0.0
CLG0083,99.0,7.91,7.62,8,1,5,7,2,0,86.10000000000001,0.0
CLG0023,100.0,8.53,8.7,3,0,10,3,3,0,97.0,0.0
CLG0092,128.0,9.05,8.67,3,0,5,5,2,1,99.5,410800.0
CLG0066,101.0,8.05,7.61,2,0,10,10,0,0,86.2,0.0
CLG0003,117.0,5.55,5.43,4,0,9,9,3,1,66.0,275700.0
CLG0077,93.0,8.41,8.32,4,0,4,9,4,1,92.5,379300.0
CLG0100,95.0,9.92,9.74,4,0,9,3,4,0,106.9,0.0
CLG0021,80.0,9.53,9.29,2,1,6,5,2,0,100.89999999999999,0.0
CLG0046,88.0,9.36,9.2,7,1,4,1,1,0,100.8,0.0
CLG0039,107.0,6.51,6.17,10,0,5,7,3,0,72.4,0.0
CLG0078,100.0,8.75,8.65,3,1,0,2,5,0,96.5,0.0
CLG0038,114.0,9.26,9.66,10,0,7,10,1,1,108.0,443400.0
CLG0028,102.0,8.39,8.11,1,0,4,10,2,1,91.3,375400.0
CLG0069,94.0,6.25,6.43,2,0,4,6,5,0,73.7,0.0
CLG0045,132.0,9.77,9.41,5,0,9,10,5,1,107.3,442400.0
CLG0062,98.0,7.25,7.1,9,0,5,6,3,0,80.8,0.0
CLG0017,117.0,5.65,5.47,4,1,5,7,4,0,66.39999999999999,0.0
CLG0040,93.0,5.55,5.99,6,0,7,3,4,0,69.2,0.0
CLG0035,110.0,8.24,8.17,3,1,3,8,2,1,92.7,481800.0
CLG0082,113.0,7.19,7.38,9,0,3,5,3,0,85.1,0.0
CLG0057,103.0,5.47,5.57,2,0,2,10,5,0,66.0,0.0
CLG0085,64.0,8.7,8.34,8,0,8,4,2,0,89.80000000000001,0.0
CLG0025,100.0,9.0,9.44,3,1,7,9,4,1,104.39999999999999,527600.0
CLG0095,118.0,8.63,8.48,8,0,4,9,5,1,96.60000000000001,398200.0
CLG0015,107.0,6.01,5.55,3,0,10,2,5,0,66.2,0.0
CLG0019,106.0,8.45,8.25,4,1,7,1,0,0,93.1,0.0
CLG0051,74.0,5.05,4.89,8,0,5,3,1,0,56.3,0.0
CLG0013,89.0,6.53,6.12,10,0,4,10,2,0,70.10000000000001,0.0
CLG0096,106.0,6.99,7.11,4,0,8,8,5,0,81.7,0.0
CLG0095,106.0,9.18,9.03,9,0,8,4,0,0,100.89999999999999,0.0
CLG0078,118.0,6.95,7.08,9,0,10,5,4,0,82.6,0.0
CLG0025,97.0,5.06,4.57,6,0,7,5,2,0,55.400000000000006,0.0
CLG0083,106.0,6.76,7.24,1,0,9,2,4,0,83.0,0.0
CLG0023,100.0,7.49,7.16,9,0,2,1,4,0,81.6,0.0
CLG0083,85.0,9.75,9.91,9,1,8,8,2,1,107.6,538900.0
CLG0081,66.0,9.71,9.93,7,1,5,10,0,0,105.89999999999999,0.0
CLG0059,106.0,5.9,5.57,9,0,8,5,2,0,66.3,0.0
CLG0016,102.0,5.93,5.54,8,0,0,2,5,0,65.6,0.0
CLG0096,90.0,5.82,5.47,9,0,0,7,4,0,63.699999999999996,0.0
CLG0095,75.0,8.94,8.69,9,1,5,2,3,0,94.39999999999999,0.0
CLG0051,109.0,5.03,4.7,7,1,3,6,4,0,57.9,0.0
CLG0010,96.0,5.64,5.81,6,0,4,9,5,0,67.69999999999999,0.0
CLG0072,108.0,7.69,7.61,2,1,4,4,2,0,86.9,0.0
CLG0055,127.0,6.24,6.28,7,1,2,5,0,0,75.5,0.0
CLG0062,67.0,5.46,5.01,1,0,8,1,4,0,56.8,0.0
CLG0045,89.0,6.8,7.16,6,0,0,1,0,0,80.5,0.0
CLG0066,96.0,6.37,6.04,6,0,5,9,5,0,70.0,0.0
CLG0025,121.0,7.56,7.42,7,0,1,5,0,0,86.3,0.0
CLG0058,75.0,9.9,9.47,2,0,1,3,1,0,102.2,0.0
CLG0091,129.0,5.62,5.26,4,1,8,2,5,0,65.5,0.0
CLG0064,102.0,6.86,7.03,2,0,9,10,0,0,80.5,0.0
CLG0044,98.0,9.66,9.85,4,1,1,7,4,0,108.3,0.0
CLG0024,97.0,9.38,9.56,3,0,8,4,4,0,105.30000000000001,0.0
CLG0051,93.0,6.97,7.02,2,0,7,3,2,0,79.49999999999999,0.0
CLG0063,115.0,8.49,8.94,2,1,6,2,2,1,100.89999999999999,515100.0
CLG0024,83.0,5.44,5.45,3,0,7,10,0,0,62.8,0.0
CLG0048,105.0,8.56,8.51,10,1,8,10,5,1,95.6,492900.0
CLG0020,94.0,9.86,9.61,4,1,9,4,5,0,105.5,0.0
CLG0032,88.0,7.69,7.29,7,0,8,9,3,0,81.7,0.0
CLG0034,138.0,7.49,7.54,4,0,2,10,5,1,89.2,370600.0
CLG0093,106.0,5.94,5.75,7,1,9,7,5,0,68.1,0.0
CLG0052,109.0,8.17,8.19,4,0,0,1,4,0,92.8,0.0
CLG0038,117.0,7.95,7.66,3,1,7,3,0,0,88.3,0.0
CLG0014,78.0,8.26,8.6,8,0,9,5,5,0,93.8,0.0
CLG0024,126.0,5.13,5.63,3,0,3,7,2,0,68.89999999999999,0.0
CLG0099,62.0,7.74,7.56,8,1,4,5,4,0,81.8,0.0
CLG0083,88.0,7.97,8.31,2,1,10,9,1,0,91.9,0.0
CLG0072,93.0,6.04,6.41,3,1,5,7,5,0,73.39999999999999,0.0
CLG0008,108.0,6.04,6.54,4,0,5,1,2,0,76.2,0.0
CLG0006,103.0,6.38,6.22,3,0,6,6,5,0,72.5,0.0
CLG0075,97.0,8.56,8.82,6,0,9,2,1,0,97.9,0.0
CLG0043,99.0,8.03,7.76,9,0,2,6,4,0,87.5,0.0
CLG0055,85.0,9.23,9.35,10,0,1,3,3,0,102.0,0.0
CLG0077,77.0,6.48,6.68,8,0,8,2,0,0,74.5,0.0
CLG0027,110.0,9.56,9.8,4,0,1,3,0,0,109.0,0.0
CLG0024,110.0,8.72,8.43,2,0,8,10,3,1,95.3,392200.0
CLG0092,123.0,6.98,7.33,10,1,9,4,0,0,85.6,0.0
CLG0067,88.0,5.48,5.4,1,1,3,1,5,0,62.8,0.0
CLG0006,110.0,6.28,6.0,4,0,10,4,5,0,71.0,0.0
CLG0066,95.0,9.78,9.82,5,0,0,6,0,0,107.7,0.0
CLG0097,117.0,6.55,6.91,2,1,2,5,1,0,80.8,0.0
CLG0016,115.0,6.65,7.12,3,0,9,5,0,0,82.7,0.0
CLG0057,103.0,5.95,6.2,4,1,1,9,1,0,72.3,0.0
CLG0062,94.0,9.03,8.54,3,1,3,9,0,0,94.8,0.0
CLG0091,114.0,6.38,6.01,8,1,1,9,5,1,71.5,397400.0
CLG0085,109.0,6.65,6.23,2,0,9,7,0,0,73.2,0.0
CLG0065,89.0,7.07,6.67,9,1,5,10,2,0,75.60000000000001,0.0
CLG0018,80.0,7.17,7.05,6,1,10,9,3,0,78.5,0.0
CLG0080,95.0,7.06,6.9,1,1,9,8,2,0,78.5,0.0
CLG0038,122.0,7.52,7.13,8,1,0,8,0,0,83.5,0.0
CLG0018,117.0,9.07,9.45,10,1,4,5,1,0,106.2,0.0
CLG0014,83.0,9.1,9.22,6,1,8,9,0,0,100.5,0.0
CLG0026,82.0,8.99,9.29,4,0,0,8,4,1,101.1,412599.99999999994
CLG0070,119.0,5.51,5.38,6,0,3,7,4,0,65.7,0.0
CLG0011,82.0,9.0,8.91,2,0,1,8,4,1,97.3,397400.0
CLG0002,107.0,5.6,5.42,1,0,10,9,4,0,64.9,0.0
CLG0025,90.0,5.62,5.56,6,1,1,7,0,0,64.6,0.0
CLG0067,124.0,9.74,9.85,8,1,4,9,4,1,110.9,556000.0
CLG0061,88.0,9.1,9.09,5,0,1,8,3,1,99.7,407600.0
CLG0040,117.0,7.76,8.1,8,1,4,2,0,0,92.7,0.0
CLG0030,102.0,9.37,9.77,3,0,0,3,2,0,107.89999999999999,0.0
CLG0009,103.0,9.95,9.92,6,0,4,6,0,0,109.5,0.0
CLG0030,70.0,8.05,7.79,1,0,2,6,1,0,84.9,0.0
CLG0021,66.0,8.06,8.51,3,0,1,7,3,0,91.69999999999999,0.0
CLG0086,96.0,8.77,9.01,4,0,10,2,0,0,99.69999999999999,0.0
CLG0045,103.0,6.16,6.3,5,1,3,1,2,0,73.3,0.0
CLG0012,83.0,5.84,6.09,3,1,0,5,1,0,69.2,0.0
CLG0042,83.0,8.8,8.38,8,1,2,2,5,0,92.10000000000001,0.0
CLG0053,108.0,6.72,6.29,5,0,10,9,1,0,73.7,0.0
CLG0030,108.0,5.68,5.33,7,0,0,3,2,0,64.1,0.0
CLG0046,97.0,6.57,6.22,5,1,7,2,5,0,71.89999999999999,0.0
CLG0070,111.0,6.79,6.71,8,0,4,7,2,0,78.19999999999999,0.0
CLG0091,82.0,9.83,9.49,1,1,0,6,2,0,103.10000000000001,0.0
CLG0098,94.0,8.49,8.84,3,0,1,8,2,1,97.80000000000001,400600.0
CLG0079,124.0,7.65,7.73,3,0,8,9,4,1,89.70000000000002,371200.0
CLG0060,101.0,9.84,9.71,10,0,6,3,3,0,107.2,0.0
CLG0055,101.0,9.52,9.09,10,0,2,8,2,1,101.0,414100.0
CLG0054,134.0,7.56,7.65,3,0,0,4,4,0,89.9,0.0
CLG0030,79.0,9.53,9.15,6,0,1,2,0,0,99.4,0.0
CLG0079,111.0,7.02,7.26,9,0,6,4,1,0,83.69999999999999,0.0
CLG0059,124.0,6.15,6.45,6,1,7,4,0,0,76.9,0.0
CLG0036,95.0,6.16,6.2,5,1,4,8,0,0,71.5,0.0
CLG0058,112.0,8.31,7.96,1,0,3,10,5,1,90.8,374400.0
CLG0057,85.0,7.51,7.8,2,0,9,8,4,0,86.5,0.0
CLG0093,89.0,8.29,8.1,1,1,3,7,4,0,89.9,0.0
CLG0007,105.0,8.43,8.15,6,1,4,4,2,0,92.0,0.0
CLG0079,111.0,5.11,5.08,3,1,6,2,2,0,61.9,0.0
CLG0052,116.0,5.27,5.69,5,1,6,1,4,0,68.5,0.0
CLG0051,123.0,7.66,7.46,6,1,3,2,3,0,86.89999999999999,0.0
CLG0093,98.0,5.96,6.37,5,0,0,2,5,0,73.5,0.0
CLG0014,117.0,8.16,7.71,3,1,4,3,5,0,88.8,0.0
CLG0074,94.0,7.76,7.34,2,0,6,10,2,0,82.80000000000001,0.0
CLG0024,113.0,7.93,8.13,2,0,3,5,5,1,92.60000000000001,381700.00000000006
CLG0038,103.0,6.51,6.2,2,0,6,1,0,0,72.3,0.0
CLG0002,106.0,8.2,8.02,10,1,7,5,2,0,90.79999999999998,0.0
CLG0071,106.0,9.15,8.79,4,0,1,7,2,0,98.49999999999999,0.0
CLG0035,75.0,9.99,9.82,4,1,1,1,3,0,105.7,0.0
CLG0092,83.0,9.19,8.97,3,0,4,4,4,0,98.0,0.0
CLG0040,101.0,7.79,8.03,8,1,2,2,3,0,90.39999999999999,0.0
CLG0050,74.0,5.97,6.17,4,0,3,8,2,0,69.10000000000001,0.0
CLG0026,112.0,8.41,8.86,8,0,0,2,3,1,99.8,410400.0
CLG0096,113.0,9.69,9.91,3,0,10,1,5,1,110.39999999999999,452900.0
CLG0015,104.0,6.06,6.25,2,1,3,2,2,0,72.9,0.0
CLG0086,83.0,6.28,6.47,8,0,10,10,3,0,73.0,0.0
CLG0087,120.0,5.75,6.13,6,0,3,4,1,0,73.3,0.0
CLG0010,130.0,8.68,8.48,2,0,3,5,1,0,97.80000000000001,0.0
CLG0089,102.0,7.03,6.83,7,1,2,2,2,0,78.5,0.0
CLG0027,107.0,5.31,5.55,10,0,1,4,3,0,66.2,0.0
CLG0026,103.0,9.37,9.1,7,1,3,7,2,0,101.3,0.0
CLG0018,107.0,7.79,8.2,4,0,7,5,3,0,92.7,0.0
CLG0065,98.0,6.66,6.69,8,1,2,8,4,0,76.7,0.0
CLG0066,99.0,6.72,6.52,3,0,5,10,3,0,75.1,0.0
CLG0032,113.0,6.45,6.73,9,0,1,9,3,1,78.60000000000001,325700.0
CLG0095,135.0,7.28,7.09,5,0,0,1,2,0,84.4,0.0
CLG0076,78.0,6.69,7.15,3,1,6,1,3,0,79.3,0.0
CLG0077,98.0,7.74,8.22,9,0,5,3,2,0,92.0,0.0
CLG0059,82.0,8.87,9.04,2,1,9,8,2,1,98.6,502599.99999999994
CLG0063,123.0,8.37,7.98,2,0,3,1,0,0,92.10000000000001,0.0
CLG0093,91.0,6.47,6.23,3,0,6,10,2,0,71.4,0.0
CLG0059,78.0,7.64,7.66,9,1,5,2,3,0,84.39999999999999,0.0
CLG0003,109.0,9.2,9.55,10,0,1,1,1,0,106.4,0.0
CLG0068,126.0,5.34,5.02,3,1,3,1,4,0,62.8,0.0
CLG0016,109.0,5.39,4.99,5,0,8,9,3,0,60.800000000000004,0.0
CLG0063,103.0,7.78,7.35,9,0,7,10,5,0,83.8,0.0
CLG0010,106.0,8.2,8.21,10,0,5,1,3,0,92.7,0.0
CLG0014,121.0,6.06,6.44,6,1,0,4,3,0,76.5,0.0
CLG0051,86.0,8.73,8.27,6,1,6,7,0,0,91.29999999999998,0.0
CLG0083,98.0,8.23,7.94,1,0,0,5,1,0,89.2,0.0
CLG0043,93.0,9.62,9.81,2,0,7,10,3,1,107.4,438900.0
CLG0094,82.0,5.84,6.17,9,1,2,5,5,0,69.9,0.0
CLG0068,95.0,8.76,9.07,8,1,8,7,2,0,100.2,0.0
CLG0062,116.0,5.42,5.71,2,0,4,6,1,0,68.7,0.0
CLG0100,108.0,7.83,7.46,5,0,5,6,1,0,85.39999999999999,0.0
CLG0062,109.0,7.76,7.66,5,1,3,8,3,0,87.5,0.0
CLG0032,102.0,6.94,7.42,6,0,5,10,2,0,84.4,0.0
CLG0091,107.0,9.22,9.71,4,0,8,9,1,0,107.80000000000001,0.0
CLG0023,87.0,5.02,5.12,9,1,6,2,4,0,59.900000000000006,0.0
CLG0083,95.0,7.6,7.81,5,0,1,10,2,0,87.6,0.0
CLG0034,102.0,6.09,6.54,4,0,10,4,1,0,75.60000000000001,0.0
CLG0075,104.0,8.72,8.67,9,0,5,10,1,0,97.10000000000001,0.0
CLG0019,104.0,5.22,4.86,2,0,10,9,2,0,59.0,0.0
CLG0023,97.0,9.16,9.33,2,1,10,10,0,0,103.0,0.0
CLG0044,94.0,9.19,9.65,3,0,8,1,2,0,105.9,0.0
CLG0051,141.5,9.16,9.36,10,0,7,10,4,1,107.75,445150.0
CLG0040,113.0,5.76,6.06,4,0,10,8,0,0,71.89999999999999,0.0
CLG0056,106.0,8.15,8.07,10,0,0,1,3,0,91.3,0.0
CLG0072,96.0,5.07,4.67,9,0,4,4,0,0,56.300000000000004,0.0
CLG0009,93.0,9.24,8.91,5,1,5,9,4,1,98.39999999999999,502900.0
CLG0014,98.0,8.61,9.09,2,1,8,4,4,0,100.7,0.0
CLG0058,104.0,7.66,7.65,3,0,3,5,4,0,86.9,0.0
CLG0063,71.0,8.65,8.16,8,0,0,9,1,0,88.69999999999999,0.0
CLG0099,76.0,5.47,5.93,6,0,5,8,0,0,66.89999999999999,0.0
CLG0034,90.0,7.64,7.64,5,1,8,1,4,0,85.39999999999999,0.0
CLG0065,103.0,6.46,6.8,4,1,5,3,5,0,78.3,0.0
CLG0032,96.0,9.86,9.91,4,0,6,4,0,0,108.69999999999999,0.0
CLG0008,122.0,9.29,8.89,8,1,9,3,5,1,101.10000000000001,516600.0
CLG0023,77.0,8.67,8.79,6,0,3,9,0,0,95.6,0.0
CLG0032,88.0,9.67,10.17,5,1,1,6,3,0,110.5,0.0
CLG0038,122.0,6.73,6.26,5,0,2,3,5,0,74.8,0.0
CLG0099,101.0,9.5,9.84,6,0,10,8,3,1,108.5,444100.0
CLG0022,113.0,6.63,6.37,3,0,0,9,3,1,75.0,311300.0
CLG0027,130.0,8.66,8.55,7,0,1,10,5,1,98.5,407000.0
CLG0085,89.0,8.68,8.55,1,0,6,4,1,0,94.4,0.0
CLG0061,98.0,5.09,5.49,5,0,8,5,1,0,64.7,0.0
CLG0052,95.0,6.81,6.81,6,0,8,3,3,0,77.6,0.0
CLG0029,70.0,5.1,5.05,2,0,8,5,4,0,57.5,0.0
CLG0013,95.0,9.99,10.31,2,1,10,2,2,0,112.60000000000001,0.0
CLG0037,113.0,5.61,5.16,9,0,0,2,5,0,62.900000000000006,0.0
CLG0042,108.0,7.71,7.3,2,1,6,5,1,0,83.8,0.0
CLG0045,109.0,8.95,8.47,3,1,6,7,2,0,95.60000000000001,0.0
CLG0042,94.0,6.01,6.2,1,0,8,1,1,0,71.4,0.0
CLG0034,90.0,7.43,7.46,9,1,8,3,0,0,83.6,0.0
CLG0034,119.0,8.04,8.42,1,1,0,1,4,1,96.10000000000001,496300.0
CLG0074,92.0,5.8,5.8,4,0,9,8,1,0,67.2,0.0
CLG0079,104.0,8.89,8.61,7,0,4,2,0,0,96.5,0.0
CLG0027,102.0,6.5,6.81,2,0,1,6,4,0,78.3,0.0
CLG0080,121.0,6.06,5.85,8,1,5,6,5,0,70.6,0.0
CLG0042,114.0,7.79,8.23,8,0,1,9,1,1,93.70000000000002,386200.0
CLG0026,80.0,7.05,6.8,3,0,5,6,4,0,76.0,0.0
CLG0052,82.0,9.6,9.27,4,1,6,10,1,0,100.89999999999999,0.0
CLG0027,108.0,9.4,9.39,7,0,5,6,3,0,104.7,0.0
CLG0051,99.0,7.42,6.97,5,1,10,1,1,0,79.60000000000001,0.0
CLG0068,93.0,6.8,6.34,5,1,0,7,1,0,72.7,0.0
CLG0061,115.0,6.63,6.63,2,1,3,6,0,0,77.8,0.0
CLG0034,102.0,6.34,6.06,6,1,2,8,3,0,70.8,0.0
CLG0075,100.0,7.72,7.23,4,0,4,1,2,0,82.30000000000001,0.0
CLG0003,111.0,9.02,8.82,5,0,6,8,4,1,99.3,408300.0
CLG0025,94.0,6.55,6.53,5,0,2,8,2,0,74.7,0.0
CLG0025,123.0,5.95,5.84,2,0,0,1,2,0,70.7,0.0
CLG0065,88.0,7.38,7.02,8,1,10,7,3,0,78.99999999999999,0.0
CLG0076,109.0,5.35,5.43,1,1,10,7,3,0,65.2,0.0
CLG0082,121.0,8.51,8.72,2,1,8,7,3,1,99.3,509300.0
CLG0037,79.0,7.59,7.77,7,0,5,3,0,0,85.6,0.0
CLG0013,94.0,7.48,7.37,7,0,5,3,0,0,83.10000000000001,0.0
CLG0082,117.0,6.5,6.14,2,1,3,8,4,1,73.1,404100.0
CLG0015,117.0,9.52,9.52,1,0,10,8,3,1,106.89999999999999,439300.0
CLG0006,97.0,5.45,5.84,10,1,0,8,2,0,68.1,0.0
CLG0039,88.0,9.35,9.32,1,0,8,3,4,0,102.0,0.0
CLG0013,114.0,6.88,6.58,1,0,9,4,0,0,77.2,0.0
CLG0076,117.0,9.4,8.99,6,1,6,2,1,0,101.60000000000001,0.0
CLG0074,82.0,8.64,9.08,10,1,9,3,1,0,99.0,0.0
CLG0026,81.0,5.52,5.76,7,1,6,5,4,0,65.69999999999999,0.0
CLG0027,103.0,9.16,8.97,2,1,10,3,0,0,100.0,0.0
CLG0022,109.0,8.41,8.21,6,0,6,4,4,0,93.00000000000001,0.0
CLG0097,95.0,5.16,5.56,4,0,6,7,0,0,65.1,0.0
CLG0080,110.0,5.67,5.35,9,0,7,3,3,0,64.5,0.0
CLG0065,89.0,8.18,8.22,8,0,10,1,1,0,91.10000000000001,0.0
CLG0043,68.0,8.31,8.52,8,1,7,1,2,0,91.99999999999999,0.0
CLG0043,93.0,8.73,8.63,2,0,2,4,3,0,95.60000000000001,0.0
CLG0065,100.0,8.6,8.14,5,1,7,1,2,0,91.4,0.0
CLG0011,95.0,8.3,8.03,2,0,3,6,4,0,89.8,0.0
CLG0086,82.0,8.83,9.23,3,0,6,4,1,0,100.50000000000001,0.0
CLG0093,72.0,7.88,7.9,8,1,4,5,2,0,86.2,0.0
CLG0034,92.0,6.3,6.62,5,1,3,6,5,0,75.4,0.0
CLG0067,113.0,9.56,9.62,4,1,3,2,4,1,107.49999999999999,541300.0
CLG0095,118.0,5.09,5.53,5,1,5,1,0,0,67.10000000000001,0.0
CLG0077,117.0,6.83,7.24,8,0,1,10,3,1,84.10000000000001,348100.0
CLG0058,87.0,8.64,8.62,10,1,4,2,0,0,94.89999999999999,0.0
CLG0011,82.0,7.14,6.96,7,1,7,6,3,0,77.8,0.0
CLG0050,107.0,5.12,5.22,6,1,1,10,1,0,62.89999999999999,0.0
CLG0072,109.0,5.33,5.5,2,0,4,9,2,0,65.9,0.0
CLG0010,106.0,8.24,8.24,10,0,6,8,0,0,93.0,0.0
CLG0079,69.0,9.82,10.14,5,0,4,10,0,0,108.30000000000001,0.0
CLG0008,86.0,7.76,7.44,10,1,9,1,2,0,83.0,0.0
CLG0064,99.0,7.53,7.36,9,0,8,5,2,0,83.50000000000001,0.0
CLG0030,107.0,6.59,6.78,9,1,8,7,4,0,78.5,0.0
CLG0036,111.0,6.28,6.03,9,1,7,8,3,1,71.4,396700.0
CLG0030,102.0,5.1,5.04,3,0,8,7,5,0,60.599999999999994,0.0
CLG0056,104.0,6.36,6.82,9,0,1,1,5,0,78.60000000000001,0.0
CLG0095,101.0,7.25,7.38,9,1,2,4,4,0,83.89999999999999,0.0
CLG0069,110.0,5.99,6.44,5,1,3,4,0,0,75.4,0.0
CLG0019,104.0,5.44,5.66,6,0,4,9,2,0,67.0,0.0
CLG0049,100.0,8.59,8.81,7,0,9,6,1,0,98.10000000000001,0.0
CLG0098,95.0,9.47,9.56,10,1,1,6,0,0,105.10000000000001,0.0
CLG0077,101.0,9.68,9.32,10,0,10,5,0,0,103.3,0.0
CLG0062,107.0,8.09,8.11,10,1,9,5,5,0,91.8,0.0
CLG0061,104.0,5.26,5.01,6,1,3,9,3,0,60.49999999999999,0.0
CLG0025,105.0,8.7,9.2,5,0,3,2,4,0,102.5,0.0
CLG0078,120.0,5.55,5.32,1,1,4,10,5,1,65.2,372800.0
CLG0011,103.0,8.35,8.08,4,1,5,5,3,0,91.1,0.0
CLG0030,90.0,8.9,9.02,8,0,0,1,0,0,99.19999999999999,0.0
CLG0071,113.0,8.63,8.64,8,1,5,5,2,1,97.7,502100.0
CLG0066,79.0,9.76,9.28,6,0,8,4,1,0,100.7,0.0
CLG0035,83.0,8.69,8.32,3,1,2,4,3,0,91.5,0.0
CLG0043,105.0,8.47,8.78,8,1,1,4,5,0,98.3,0.0
CLG0067,107.0,6.31,6.29,7,1,7,3,0,0,73.6,0.0
CLG0097,81.0,9.62,9.27,9,0,1,6,5,0,100.79999999999998,0.0
CLG0051,94.0,5.9,5.87,3,0,7,3,5,0,68.10000000000001,0.0
CLG0046,90.0,9.52,9.27,6,1,9,6,4,0,101.69999999999999,0.0
CLG0062,92.0,6.56,6.28,1,0,3,6,3,0,72.0,0.0
CLG0062,114.0,5.65,6.11,8,0,8,10,0,0,72.5,0.0
CLG0032,110.0,9.13,8.99,2,0,3,2,4,0,100.9,0.0
CLG0017,99.0,5.01,4.56,5,1,0,9,4,0,55.49999999999999,0.0
CLG0051,91.0,9.16,9.63,6,1,7,10,1,0,105.4,0.0
CLG0028,79.0,6.31,6.6,4,0,0,8,2,0,73.9,0.0
CLG0085,121.0,9.42,9.17,9,0,4,7,1,0,103.8,0.0
CLG0051,108.0,8.46,8.37,3,1,6,9,4,1,94.49999999999999,488799.99999999994
CLG0019,89.0,8.33,8.69,2,0,2,8,3,1,95.8,392100.0
CLG0097,110.0,6.83,6.69,3,1,5,9,5,0,77.9,0.0
CLG0057,98.0,5.3,5.37,5,1,10,8,2,0,63.5,0.0
CLG0075,95.0,9.15,9.18,1,1,0,3,4,0,101.3,0.0
CLG0097,106.0,5.85,5.75,10,0,5,10,2,0,68.1,0.0
CLG0087,88.0,6.86,7.0,4,0,4,1,3,0,78.8,0.0
CLG0007,94.0,8.0,7.97,1,1,1,6,0,0,89.10000000000001,0.0
CLG0008,101.0,7.41,6.93,9,0,3,3,0,0,79.39999999999999,0.0
CLG0030,92.0,5.99,6.3,3,0,10,3,4,0,72.2,0.0
CLG0007,110.0,5.7,5.31,2,0,10,6,4,0,64.1,0.0
CLG0058,128.0,5.62,5.58,5,1,10,10,1,0,68.6,0.0
CLG0086,88.0,9.32,9.4,1,0,6,9,4,1,102.8,420000.0
CLG0027,75.0,5.16,5.37,10,0,5,5,0,0,61.2,0.0
CLG0040,69.0,9.89,9.8,7,0,10,1,0,0,104.9,0.0
CLG0100,97.0,5.99,6.23,9,0,9,10,1,0,72.0,0.0
CLG0036,90.0,5.55,5.18,1,0,5,7,5,0,60.8,0.0
CLG0019,103.0,7.88,8.03,8,0,8,9,3,1,90.6,372700.0
CLG0091,101.0,5.4,5.73,8,0,1,10,2,0,67.4,0.0
CLG0056,75.0,8.01,8.4,7,1,0,2,0,0,91.5,0.0
CLG0070,72.0,9.25,9.33,10,1,1,9,2,1,100.5,509200.0
CLG0080,104.0,5.24,5.05,4,0,2,5,4,0,60.9,0.0
CLG0024,102.0,9.0,8.66,7,0,8,1,4,0,96.8,0.0
CLG0024,93.0,6.97,6.82,2,1,9,4,5,0,77.5,0.0
CLG0030,75.0,5.8,5.84,6,1,8,8,3,0,65.9,0.0
CLG0039,107.0,5.88,5.58,5,1,4,3,5,0,66.5,0.0
CLG0045,119.0,9.59,10.04,5,1,6,5,2,1,112.3,561100.0
CLG0099,104.0,5.55,5.95,8,1,2,2,0,0,69.9,0.0
CLG0049,87.0,9.33,8.86,1,1,9,5,1,0,97.3,0.0
CLG0035,100.0,7.72,7.78,8,0,1,9,0,0,87.8,0.0
CLG0020,79.0,5.2,5.49,4,1,5,3,2,0,62.800000000000004,0.0
CLG0036,115.0,7.32,7.07,10,0,5,7,2,0,82.2,0.0
CLG0075,101.0,9.09,9.11,6,0,4,6,0,0,101.19999999999999,0.0
CLG0019,73.0,8.63,8.54,6,0,0,2,0,0,92.69999999999999,0.0
CLG0040,95.0,7.44,7.14,1,0,9,7,3,0,80.89999999999999,0.0
CLG0089,106.0,9.3,9.41,8,1,1,10,4,1,104.69999999999999,529400.0
CLG0022,95.0,5.6,6.09,4,1,6,4,5,0,70.4,0.0
CLG0065,95.0,9.55,9.42,9,0,9,6,3,0,103.7,0.0
CLG0084,81.0,9.23,9.28,7,1,1,7,0,0,100.89999999999999,0.0
CLG0099,108.0,8.54,8.37,4,0,4,9,0,0,94.49999999999999,0.0
CLG0023,90.0,9.09,9.47,1,0,10,7,1,0,103.7,0.0
CLG0024,67.0,7.72,8.08,9,0,9,3,4,0,87.5,0.0
CLG0039,94.0,8.38,8.06,10,0,3,9,5,1,90.00000000000001,369400.0
CLG0087,114.0,7.8,8.2,6,1,9,6,5,1,93.4,485000.0
CLG0038,94.0,6.78,6.43,6,1,0,4,1,0,73.7,0.0
CLG0047,126.0,7.84,7.44,1,1,4,10,4,1,87.0,460600.0
CLG0007,106.0,6.29,6.44,5,0,0,5,4,0,75.0,0.0
CLG0044,105.0,7.2,7.09,4,0,2,10,2,0,81.4,0.0
CLG0073,98.0,6.4,6.43,1,0,8,1,4,0,74.1,0.0
CLG0093,98.0,5.61,5.76,7,0,6,4,5,0,67.39999999999999,0.0
CLG0041,96.0,6.61,6.16,4,0,1,3,0,0,71.2,0.0
CLG0042,95.0,9.26,9.05,3,1,4,6,4,0,100.0,0.0
CLG0074,107.0,6.91,6.87,2,0,3,9,3,0,79.4,0.0
CLG0079,85.0,8.74,8.51,8,1,6,3,2,0,93.6,0.0
CLG0048,83.0,5.88,5.43,5,0,3,5,1,0,62.599999999999994,0.0
CLG0072,83.0,7.12,6.71,10,0,8,2,5,0,75.39999999999999,0.0
CLG0022,130.0,5.57,5.87,9,1,2,9,4,1,71.7,399800.0
CLG0063,107.0,5.69,6.1,5,0,5,8,1,0,71.7,0.0
CLG0084,104.0,8.09,7.74,10,0,4,10,0,0,87.80000000000001,0.0
CLG0057,84.0,8.04,7.79,1,1,9,4,1,0,86.30000000000001,0.0
CLG0082,109.0,6.07,6.22,10,0,7,8,4,0,73.1,0.0
CLG0056,98.0,7.37,7.82,5,0,10,10,1,0,88.0,0.0
CLG0034,103.0,9.32,9.12,5,0,0,4,0,0,101.49999999999999,0.0
CLG0023,85.0,5.87,6.23,8,0,9,2,4,0,70.80000000000001,0.0
CLG0028,102.0,5.1,5.11,6,0,1,9,1,0,61.3,0.0
CLG0041,93.0,8.26,8.72,5,0,6,2,1,0,96.5,0.0
CLG0010,88.0,5.27,4.91,8,1,0,1,0,0,57.900000000000006,0.0
CLG0052,111.0,9.9,10.37,1,1,4,1,3,1,114.79999999999998,570300.0
CLG0056,76.0,8.05,7.99,5,0,7,3,3,0,87.5,0.0
CLG0023,108.0,7.35,7.8,3,0,9,10,2,0,88.8,0.0
CLG0010,110.0,7.15,7.11,5,0,4,7,0,0,82.10000000000001,0.0
CLG0065,86.0,7.87,7.9,3,0,4,6,3,0,87.6,0.0
CLG0029,87.0,5.45,5.75,4,0,8,3,1,0,66.2,0.0
CLG0046,96.0,9.65,9.87,9,1,10,5,0,0,108.29999999999998,0.0
CLG0041,104.0,8.13,8.25,2,1,10,10,1,0,92.9,0.0
CLG0069,97.0,5.92,5.84,10,0,4,6,1,0,68.1,0.0
CLG0044,106.0,7.81,8.1,1,0,0,10,2,1,91.6,377000.0
CLG0029,126.0,5.67,6.12,4,1,2,2,5,0,73.8,0.0
CLG0050,92.0,5.09,4.6,8,0,4,3,2,0,55.2,0.0
CLG0020,74.0,8.15,8.24,5,0,7,4,4,0,89.80000000000001,0.0
CLG0063,112.0,8.24,8.61,9,1,9,8,5,1,97.3,500400.0
CLG0008,125.0,7.92,8.07,10,0,1,1,0,0,93.2,0.0
CLG0089,105.0,5.92,6.22,3,0,3,9,3,0,72.69999999999999,0.0
CLG0065,83.0,8.02,8.42,9,0,3,1,2,0,92.5,0.0
CLG0100,98.0,5.28,5.53,1,0,2,3,0,0,65.10000000000001,0.0
CLG0044,83.0,8.05,8.27,2,1,5,3,2,0,90.99999999999999,0.0
CLG0016,109.0,7.77,8.23,9,0,9,9,3,1,93.20000000000002,383700.0
CLG0069,79.0,8.28,8.64,9,1,1,3,2,0,94.30000000000001,0.0
CLG0050,95.0,9.48,9.8,10,1,2,3,4,0,107.5,0.0
CLG0013,84.0,9.25,8.84,5,0,1,2,0,0,96.80000000000001,0.0
CLG0065,101.0,9.9,9.64,10,1,9,4,5,0,106.5,0.0
CLG0072,94.0,9.88,9.94,4,0,7,8,5,1,108.8,444600.0
CLG0001,102.0,8.86,9.07,9,0,1,6,0,0,100.9,0.0
CLG0020,100.0,9.78,9.58,10,0,4,1,1,0,105.8,0.0
CLG0025,85.0,9.34,8.93,2,0,3,5,5,0,97.8,0.0
CLG0029,109.0,8.64,8.45,3,1,0,10,5,1,95.4,492500.0
CLG0067,99.0,5.38,5.65,8,1,6,8,4,0,66.4,0.0
CLG0093,85.0,5.25,5.63,1,1,5,1,2,0,64.8,0.0
CLG0018,133.0,9.19,9.6,2,0,9,6,1,0,109.3,0.0
CLG0082,107.0,7.45,7.33,5,0,0,7,2,0,84.0,0.0
CLG0088,97.0,9.07,8.94,7,1,8,5,4,0,99.1,0.0
CLG0057,121.0,6.56,6.47,10,0,3,4,1,0,76.8,0.0
CLG0053,127.0,6.99,6.87,9,1,0,7,3,0,81.4,0.0
CLG0070,97.0,8.5,8.67,3,0,7,9,0,0,96.4,0.0
CLG0092,105.0,9.58,9.44,4,1,0,4,4,0,104.89999999999999,0.0
CLG0062,85.0,5.44,4.96,10,1,1,3,4,0,58.1,0.0
CLG0052,97.0,9.31,9.25,1,1,4,10,2,1,102.2,518500.0
CLG0078,97.0,8.97,8.69,1,1,0,4,3,0,96.6,0.0
CLG0026,102.0,6.58,6.11,1,0,0,5,3,0,71.3,0.0
CLG0071,104.0,6.78,6.75,4,1,5,9,5,0,77.9,0.0
CLG0011,108.0,5.23,4.94,9,1,10,1,4,0,60.2,0.0
CLG0021,103.0,5.08,5.03,8,0,0,9,4,0,60.60000000000001,0.0
CLG0069,81.0,7.39,7.17,4,0,4,9,0,0,79.8,0.0
CLG0031,85.0,5.48,5.58,8,1,9,8,3,0,64.3,0.0
CLG0045,91.0,5.97,6.46,7,0,10,10,4,0,73.69999999999999,0.0
CLG0064,95.0,9.23,9.28,6,0,4,8,0,0,102.3,0.0
CLG0027,115.0,7.86,8.01,10,0,1,8,2,1,91.6,377900.0
CLG0097,82.0,8.17,8.59,2,1,10,4,3,0,94.10000000000001,0.0
CLG0034,94.0,5.94,5.81,3,0,2,7,1,0,67.5,0.0
CLG0050,114.0,9.14,8.81,4,1,2,2,1,0,99.50000000000001,0.0
CLG0100,95.0,9.34,9.12,7,0,2,3,4,0,100.69999999999999,0.0
CLG0069,106.0,7.62,7.52,8,0,2,8,4,0,85.79999999999998,0.0
CLG0026,97.0,9.56,9.71,8,0,10,4,5,0,106.80000000000001,0.0
CLG0048,103.0,9.22,8.72,4,1,3,10,0,0,97.5,0.0
CLG0052,96.0,8.66,9.01,9,0,9,6,4,0,99.69999999999999,0.0
CLG0099,110.0,8.67,8.25,8,0,0,8,4,1,93.5,385000.0
CLG0084,76.0,5.53,5.93,5,1,3,8,0,0,66.89999999999999,0.0
CLG0078,94.0,6.35,6.8,3,0,3,5,1,0,77.4,0.0
CLG0005,104.0,5.33,5.82,2,1,7,7,0,0,68.60000000000001,0.0
CLG0012,108.0,5.04,5.35,9,1,10,1,5,0,64.3,0.0
CLG0013,122.0,5.79,5.43,1,1,3,5,5,0,66.5,0.0
CLG0091,94.0,9.4,9.61,7,0,4,3,3,0,105.5,0.0
CLG0091,122.0,6.2,5.9,7,1,3,4,3,0,71.2,0.0
CLG0016,90.0,9.85,10.25,1,0,4,1,4,0,111.5,0.0
CLG0051,119.0,7.99,7.81,7,0,2,1,4,0,90.0,0.0
CLG0054,112.0,6.19,6.02,1,0,2,3,5,0,71.39999999999999,0.0
CLG0068,86.0,7.49,7.91,2,0,7,4,1,0,87.69999999999999,0.0
CLG0013,104.0,6.1,5.61,9,1,0,3,1,0,66.5,0.0
CLG0018,99.0,9.92,9.61,8,1,2,2,2,0,106.0,0.0
CLG0076,109.0,9.24,9.16,9,1,1,7,3,0,102.5,0.0
CLG0019,96.0,5.13,5.33,9,0,9,10,3,0,62.9,0.0
CLG0081,95.0,9.74,9.89,4,0,10,9,5,1,108.4,443100.0
CLG0042,120.0,8.61,8.78,5,1,5,3,2,1,99.8,511200.0
CLG0071,98.0,5.41,5.79,10,0,7,9,2,0,67.7,0.0
CLG0021,112.0,8.35,7.97,7,0,5,8,3,1,90.9,374800.0
CLG0053,96.0,8.23,8.25,6,0,3,5,4,0,92.1,0.0
CLG0001,124.0,6.09,6.32,9,1,2,6,3,0,75.60000000000001,0.0
CLG0014,89.0,8.79,8.93,2,1,3,1,2,0,98.2,0.0
CLG0003,90.0,5.44,5.39,8,0,7,6,1,0,62.9,0.0
CLG0096,122.0,7.45,6.97,2,0,8,9,0,0,81.9,0.0
CLG0009,93.0,5.05,4.61,2,0,7,7,1,0,55.400000000000006,0.0
CLG0011,124.0,9.84,9.46,3,0,8,9,5,1,107.00000000000001,440400.00000000006
CLG0023,113.0,8.76,8.6,4,1,7,5,1,0,97.3,0.0
CLG0030,97.0,5.79,5.41,6,1,4,5,2,0,63.8,0.0
CLG0047,72.0,6.71,6.64,6,0,4,5,3,0,73.6,0.0
CLG0005,99.0,5.8,5.48,2,0,0,6,5,0,64.7,0.0
CLG0030,101.0,8.83,9.11,6,0,7,4,2,0,101.19999999999999,0.0
CLG0090,117.0,5.29,5.66,8,0,10,10,2,1,68.3,284900.0
CLG0068,123.0,9.2,9.09,5,0,1,9,5,1,103.2,425100.0
CLG0091,89.0,9.71,9.72,1,0,5,7,5,0,106.10000000000001,0.0
CLG0029,112.0,8.38,8.83,8,1,5,3,5,1,99.5,509200.0
CLG0045,111.0,6.06,6.1,6,1,9,10,4,1,72.1,399500.0
CLG0007,116.0,6.8,7.3,2,0,3,7,5,0,84.6,0.0
CLG0016,107.0,7.39,7.03,7,0,8,3,4,0,81.0,0.0
CLG0072,70.0,8.02,8.38,8,0,2,3,0,0,90.80000000000001,0.0
CLG0089,97.0,8.34,8.34,2,0,7,4,4,0,93.10000000000001,0.0
CLG0088,82.0,7.77,7.29,1,1,1,2,0,0,81.10000000000001,0.0
CLG0041,96.0,6.76,7.23,6,1,4,8,1,0,81.9,0.0
CLG0061,114.0,9.45,9.92,6,1,5,1,1,0,110.60000000000001,0.0
CLG0051,104.0,5.41,5.29,8,0,1,10,2,0,63.3,0.0
CLG0055,117.0,7.33,7.78,7,1,6,1,1,0,89.5,0.0
CLG0064,105.0,8.88,8.52,8,1,10,1,4,0,95.69999999999999,0.0
CLG0051,80.0,5.3,5.48,10,1,10,4,4,0,62.800000000000004,0.0
CLG0021,62.0,8.53,8.22,10,0,4,1,4,0,88.4,0.0
CLG0058,102.0,9.1,8.85,5,0,9,3,3,0,98.7,0.0
CLG0080,96.0,8.3,8.58,2,1,3,7,4,0,95.39999999999999,0.0
CLG0047,85.0,5.06,4.94,5,1,3,3,5,0,57.900000000000006,0.0
CLG0011,74.0,5.9,5.41,2,0,1,2,2,0,61.5,0.0
CLG0061,88.0,6.71,6.62,9,0,8,10,2,0,75.0,0.0
CLG0072,97.0,6.17,5.9,5,0,0,6,1,0,68.7,0.0
CLG0099,109.0,9.81,9.99,1,1,0,8,0,0,110.80000000000001,0.0
CLG0006,102.0,8.26,7.95,9,0,3,4,5,0,89.7,0.0
CLG0075,124.0,6.48,6.82,10,0,2,4,5,0,80.60000000000001,0.0
CLG0028,84.0,9.65,9.42,5,0,8,2,5,0,102.60000000000001,0.0
CLG0042,113.0,8.7,8.59,1,0,6,5,3,1,97.2,400100.0
CLG0052,100.0,6.42,6.22,9,1,10,10,0,0,72.19999999999999,0.0
CLG0011,110.0,6.89,7.03,9,1,1,8,3,0,81.3,0.0
CLG0070,93.0,6.0,5.6,10,1,3,1,5,0,65.3,0.0
CLG0040,116.0,9.86,9.84,10,1,4,2,2,1,110.0,551600.0
CLG0030,104.0,7.59,7.42,9,0,9,1,2,0,84.60000000000001,0.0
CLG0056,89.0,9.48,9.86,6,0,3,4,3,0,107.5,0.0
CLG0078,99.0,6.73,6.3,10,0,3,7,1,0,72.9,0.0
CLG0077,96.0,9.3,9.63,10,0,3,3,4,0,105.9,0.0
CLG0099,107.0,5.27,4.94,2,0,7,8,4,0,60.10000000000001,0.0
CLG0006,82.0,9.91,9.5,7,0,6,6,0,0,103.2,0.0
CLG0049,99.0,9.56,9.26,2,0,3,2,2,0,102.5,0.0
CLG0033,105.0,6.82,6.42,4,0,10,9,4,0,74.7,0.0
CLG0011,100.0,8.87,8.89,4,1,0,9,2,1,98.9,505600.0
CLG0065,120.0,8.76,9.25,10,0,5,7,5,1,104.5,430000.0
CLG0027,111.0,9.51,9.04,7,1,4,10,2,1,101.49999999999999,517099.99999999994
CLG0030,99.0,6.54,6.5,6,0,10,8,2,0,74.9,0.0
CLG0046,103.0,7.33,7.22,10,0,4,10,4,0,82.5,0.0
CLG0026,104.0,9.32,9.16,7,0,10,1,4,0,102.0,0.0
CLG0028,106.0,8.89,8.72,6,1,5,6,5,0,97.8,0.0
CLG0032,72.0,6.97,7.37,1,1,7,9,4,0,80.9,0.0
CLG0074,95.0,9.23,8.75,4,1,5,6,3,0,97.0,0.0
CLG0012,77.0,5.23,5.5,3,1,5,3,4,0,62.7,0.0
CLG0100,119.0,8.91,8.66,7,1,6,2,2,1,98.5,505900.0
CLG0086,99.0,6.03,5.91,7,0,10,8,5,0,69.0,0.0
CLG0016,97.0,6.43,6.35,4,0,7,4,2,0,73.2,0.0
CLG0082,113.0,7.47,7.27,7,1,3,1,5,0,83.99999999999999,0.0
CLG0071,106.0,7.25,6.84,4,1,6,8,0,0,79.0,0.0
CLG0052,83.0,7.6,7.21,9,0,7,1,1,0,80.39999999999999,0.0
CLG0100,98.0,7.72,7.52,3,0,5,2,3,0,84.99999999999999,0.0
CLG0002,94.0,6.66,6.98,10,0,8,1,5,0,79.20000000000002,0.0
CLG0073,73.0,5.88,5.51,2,0,5,8,0,0,62.39999999999999,0.0
CLG0094,89.0,8.84,9.08,5,1,3,3,5,0,99.7,0.0
CLG0028,97.0,7.0,6.79,9,0,5,9,3,0,77.60000000000001,0.0
CLG0062,98.0,7.53,7.91,3,0,1,7,3,0,88.89999999999999,0.0
CLG0029,77.0,8.22,8.15,1,1,10,6,2,0,89.2,0.0
CLG0083,117.0,9.55,9.22,9,0,7,6,2,1,103.9,427300.0
CLG0092,98.0,8.54,9.03,5,1,10,10,2,1,100.1,510200.0
CLG0056,100.0,5.23,4.91,2,0,5,1,2,0,59.1,0.0
CLG0025,106.0,9.19,9.26,6,0,3,8,0,0,103.19999999999999,0.0
CLG0093,88.0,9.95,10.02,3,0,6,10,1,0,108.99999999999999,0.0
CLG0087,106.0,7.36,7.23,9,1,7,3,1,0,82.9,0.0
CLG0074,94.0,9.85,10.3,3,1,2,3,5,0,112.4,0.0
CLG0041,86.0,7.74,8.08,2,0,9,3,0,0,89.39999999999999,0.0
CLG0005,108.0,7.3,7.63,3,1,2,9,1,0,87.1,0.0
CLG0062,122.0,6.66,7.13,6,0,9,5,5,0,83.5,0.0
CLG0097,110.0,8.29,8.25,3,0,2,2,4,0,93.5,0.0
CLG0062,113.0,6.15,5.75,9,0,2,4,4,0,68.8,0.0
CLG0005,92.0,5.52,5.79,9,1,1,7,4,0,67.1,0.0
CLG0068,76.0,5.14,5.02,9,0,4,10,2,0,57.8,0.0
CLG0037,122.0,6.46,6.15,2,0,5,1,4,0,73.7,0.0
CLG0068,130.0,6.98,6.96,7,1,0,2,5,0,82.6,0.0
CLG0089,123.0,7.76,8.19,2,0,5,8,3,1,94.19999999999999,389100.0
CLG0032,94.0,6.46,6.13,1,0,6,8,3,0,70.7,0.0
CLG0014,82.0,9.92,10.27,5,1,1,3,5,0,110.89999999999999,0.0
CLG0091,84.0,6.46,6.38,8,0,0,5,0,0,72.2,0.0
CLG0090,74.0,7.2,6.84,3,1,6,8,3,0,75.80000000000001,0.0
CLG0063,98.0,5.52,5.87,7,0,5,10,5,0,68.5,0.0
CLG0072,124.0,6.3,6.77,6,0,2,9,5,1,80.1,332800.0
CLG0030,97.0,5.24,5.03,1,0,1,2,0,0,60.0,0.0
CLG0077,104.0,7.8,7.6,7,1,1,10,1,0,86.4,0.0
CLG0096,120.0,8.76,8.65,3,0,1,8,3,1,98.5,406000.0
CLG0043,93.0,5.98,6.29,4,1,7,3,5,0,72.2,0.0
CLG0053,130.0,6.84,6.35,10,0,0,9,5,1,76.5,319000.0
CLG0053,129.0,5.08,4.8,2,1,2,5,3,0,60.9,0.0
CLG0029,98.0,9.2,9.41,1,0,7,5,0,0,103.89999999999999,0.0
CLG0087,91.0,8.9,8.81,5,0,5,4,3,0,97.2,0.0
CLG0028,110.0,5.32,5.15,6,1,6,8,0,0,62.5,0.0
CLG0078,94.0,6.82,7.19,2,0,1,1,3,0,81.30000000000001,0.0
CLG0074,82.0,9.78,10.2,10,0,8,6,5,0,110.2,0.0
CLG0071,119.0,6.96,7.41,6,0,6,7,2,0,86.0,0.0
CLG0049,118.0,7.63,7.4,6,0,2,8,1,0,85.8,0.0
CLG0090,102.0,6.78,7.19,8,1,8,4,3,0,82.10000000000001,0.0
CLG0036,81.0,7.98,8.22,8,1,2,9,5,1,90.3,469300.0
CLG0027,81.0,9.89,9.54,6,0,9,3,1,0,103.49999999999999,0.0
CLG0057,101.0,9.99,10.1,7,0,7,8,3,1,111.1,454500.0
CLG0028,92.0,8.87,8.4,4,0,6,10,3,1,93.2,382000.0
CLG0030,94.0,7.02,7.23,5,1,2,10,2,0,81.70000000000002,0.0
CLG0044,115.0,7.47,7.7,6,0,4,5,4,0,88.5,0.0
CLG0043,110.0,6.78,7.07,6,0,6,5,4,0,81.7,0.0
CLG0055,120.0,9.93,9.6,3,1,2,7,1,0,108.0,0.0
CLG0088,85.0,8.54,8.67,9,0,1,5,1,0,95.2,0.0
CLG0065,94.0,7.24,6.92,4,1,8,7,2,0,78.60000000000001,0.0
CLG0027,111.0,5.06,5.51,8,0,1,9,0,0,66.19999999999999,0.0
CLG0001,106.0,7.6,7.78,4,0,2,5,1,0,88.39999999999999,0.0
CLG0010,122.0,9.92,9.52,6,0,0,2,4,1,107.39999999999999,441800.0
CLG0043,106.0,7.62,7.31,1,1,0,10,2,0,83.69999999999999,0.0
CLG0069,127.0,5.91,6.07,2,1,0,6,0,0,73.4,0.0
CLG0009,108.0,5.11,5.09,6,0,9,9,5,0,61.7,0.0
CLG0067,115.0,6.77,7.01,3,1,2,9,2,1,81.6,437900.0
CLG0029,95.0,9.59,9.37,7,0,5,5,4,0,103.19999999999999,0.0
CLG0002,100.0,9.98,10.14,1,0,9,2,5,0,111.4,0.0
CLG0082,113.0,9.73,9.41,3,0,2,6,2,1,105.39999999999999,432900.0
CLG0014,124.0,8.65,8.69,3,1,3,4,3,1,99.3,509600.0
CLG0062,110.0,7.79,8.25,1,0,1,4,4,0,93.5,0.0
CLG0055,98.0,7.95,8.08,4,0,6,3,0,0,90.6,0.0
CLG0029,120.0,7.69,7.24,8,0,3,1,2,0,84.4,0.0
CLG0005,67.0,8.54,9.03,7,1,10,9,4,1,97.0,494700.0
CLG0069,78.0,7.09,6.75,7,0,0,6,4,0,75.3,0.0
CLG0066,110.0,8.35,8.57,5,1,3,10,0,0,96.7,0.0
CLG0039,100.0,5.61,5.64,4,0,3,3,4,0,66.4,0.0
CLG0023,109.0,6.33,6.12,10,0,10,1,0,0,72.10000000000001,0.0
CLG0095,100.0,9.18,8.86,6,0,2,6,4,0,98.6,0.0
CLG0016,108.0,9.52,9.2,2,1,7,4,2,0,102.8,0.0
CLG0022,87.0,7.7,8.06,1,1,6,1,0,0,89.30000000000001,0.0
CLG0091,108.0,5.16,5.53,7,0,9,10,0,0,66.10000000000001,0.0
CLG0029,114.0,9.63,9.6,4,0,9,4,4,1,107.4,441000.0
CLG0069,118.0,8.51,8.11,7,0,2,2,5,1,92.89999999999999,383400.0
CLG0012,130.0,7.07,7.45,6,0,3,3,3,0,87.5,0.0
CLG0013,103.0,7.99,7.98,9,0,7,10,5,0,90.10000000000001,0.0
CLG0008,104.0,7.15,7.09,10,0,9,10,5,0,81.30000000000001,0.0
CLG0024,77.0,7.33,7.24,6,1,2,7,0,0,80.10000000000001,0.0
CLG0092,92.0,9.43,9.3,3,1,4,7,3,0,102.2,0.0
CLG0037,97.0,5.81,5.84,7,0,4,5,5,0,68.1,0.0
CLG0091,115.0,5.52,5.62,9,1,4,10,1,0,67.7,0.0
CLG0036,90.0,5.01,4.98,10,0,4,2,2,0,58.800000000000004,0.0
CLG0073,111.0,6.57,6.97,6,0,8,9,3,1,80.8,334300.0
CLG0015,99.0,5.74,5.56,7,1,9,9,5,0,65.5,0.0
CLG0059,97.0,6.1,6.18,8,1,4,9,5,0,71.5,0.0
CLG0005,103.0,5.06,4.86,4,0,10,6,2,0,58.900000000000006,0.0
CLG0092,94.0,6.14,6.39,5,0,10,1,0,0,73.3,0.0
CLG0015,93.0,6.66,6.26,4,0,8,6,5,0,71.89999999999999,0.0
CLG0100,74.0,5.16,4.85,1,0,8,8,2,0,55.9,0.0
CLG0018,96.0,8.04,8.34,6,1,10,4,3,0,93.0,0.0
CLG0086,92.0,7.84,7.52,7,1,9,6,5,0,84.39999999999999,0.0
CLG0005,92.0,5.49,5.62,2,0,3,8,5,0,65.4,0.0
CLG0086,106.0,7.98,8.45,6,0,8,6,0,0,95.1,0.0
CLG0017,109.0,9.99,10.01,2,0,10,4,5,0,111.0,0.0
CLG0022,103.0,9.72,9.41,10,1,1,7,3,0,104.39999999999999,0.0
CLG0085,114.0,5.01,4.83,5,0,2,5,0,0,59.699999999999996,0.0
CLG0087,108.0,8.98,9.3,1,0,0,1,3,0,103.8,0.0
CLG0064,95.0,6.77,6.62,3,0,10,3,0,0,75.7,0.0
CLG0028,93.0,5.32,5.54,4,0,6,3,5,0,64.7,0.0
CLG0092,104.0,6.48,6.76,4,1,9,1,3,0,78.0,0.0
CLG0081,108.0,6.61,6.61,2,1,10,4,1,0,76.9,0.0
CLG0083,120.0,7.62,7.9,8,1,8,2,3,0,91.0,0.0
CLG0013,117.0,8.31,8.13,6,1,2,10,3,1,93.00000000000001,483700.00000000006
CLG0045,91.0,8.75,8.77,9,1,7,1,1,0,96.79999999999998,0.0
CLG0034,98.0,6.23,6.42,6,0,0,6,2,0,74.0,0.0
CLG0054,110.0,6.61,6.28,3,1,5,7,0,0,73.80000000000001,0.0
CLG0033,116.0,6.54,6.31,2,0,5,4,5,0,74.69999999999999,0.0
CLG0016,114.0,6.81,6.96,9,0,4,5,3,0,81.0,0.0
CLG0043,99.0,10.0,10.16,3,0,3,9,2,1,111.5,455900.0
CLG0061,81.0,8.89,8.88,6,1,2,8,4,1,96.9,495700.00000000006
CLG0094,85.0,9.87,10.17,10,0,3,2,2,0,110.2,0.0
CLG0003,104.0,8.47,8.45,2,0,6,10,4,1,94.9,390000.0
CLG0091,105.0,7.03,7.41,7,1,6,3,0,0,84.6,0.0
CLG0059,83.0,6.95,7.19,1,0,2,9,4,0,80.2,0.0
CLG0020,100.0,7.44,7.25,9,1,10,5,1,0,82.5,0.0
CLG0032,109.0,7.08,6.98,1,1,9,1,1,0,80.70000000000002,0.0
CLG0021,82.0,9.14,9.31,9,0,2,9,2,1,101.30000000000001,413400.0
CLG0046,116.0,7.33,7.72,1,0,2,8,1,0,88.8,0.0
CLG0069,94.0,6.48,6.16,1,0,4,10,1,0,71.0,0.0
CLG0002,118.0,8.87,8.88,8,0,0,7,2,1,100.60000000000001,414200.00000000006
CLG0086,91.0,9.27,8.89,1,0,9,7,3,0,98.0,0.0
CLG0071,84.0,7.1,6.88,8,0,10,8,0,0,77.2,0.0
CLG0074,93.0,8.34,8.53,3,1,6,4,4,0,94.6,0.0
CLG0052,98.0,5.29,4.87,4,1,7,7,2,0,58.5,0.0
CLG0001,94.0,7.65,7.81,2,1,6,8,1,0,87.5,0.0
CLG0080,96.0,5.22,5.62,6,1,7,10,4,0,65.8,0.0
CLG0028,105.0,5.15,5.62,7,0,8,3,3,0,66.7,0.0
CLG0061,97.0,8.06,7.78,10,0,3,2,5,0,87.5,0.0
CLG0084,99.0,6.52,6.77,3,1,2,2,0,0,77.6,0.0
CLG0026,74.0,8.71,9.14,9,0,6,7,0,0,98.80000000000001,0.0
CLG0079,105.0,9.48,9.07,3,1,8,9,1,0,101.2,0.0
CLG0094,98.0,5.7,5.61,7,0,8,8,3,0,65.9,0.0
CLG0012,124.0,8.62,9.04,4,1,7,10,0,1,102.8,523599.99999999994
CLG0002,85.0,7.57,7.27,5,1,2,10,4,0,81.19999999999999,0.0
CLG0074,72.0,5.56,5.99,9,1,5,7,4,0,67.10000000000001,0.0
CLG0091,109.0,8.26,8.29,3,0,1,9,5,1,93.8,386099.99999999994
CLG0021,105.0,8.05,7.65,3,1,5,4,1,0,87.0,0.0
CLG0055,84.0,7.58,7.53,9,1,4,10,3,0,83.7,0.0
CLG0016,77.0,9.63,9.46,9,0,3,7,4,0,102.30000000000001,0.0
CLG0037,123.0,7.61,7.39,4,0,2,5,0,0,86.19999999999999,0.0
CLG0045,121.0,9.95,9.99,1,0,7,1,4,1,112.0,460100.0
CLG0086,62.0,7.55,7.53,1,0,9,10,5,0,81.5,0.0
CLG0039,93.0,5.58,5.56,9,1,5,4,0,0,64.89999999999999,0.0
CLG0041,124.0,7.35,6.94,6,1,8,1,3,0,81.80000000000001,0.0
CLG0022,92.0,5.91,6.21,5,0,2,1,1,0,71.3,0.0
CLG0049,92.0,7.99,7.97,10,0,4,7,5,0,88.9,0.0
CLG0081,95.0,8.47,8.79,3,1,3,3,5,0,97.39999999999999,0.0
CLG0017,83.0,7.34,7.66,3,0,5,9,1,0,84.89999999999999,0.0
CLG0026,74.0,5.49,5.31,2,0,1,7,1,0,60.49999999999999,0.0
CLG0038,115.0,7.34,6.84,7,1,5,6,2,0,79.9,0.0
CLG0038,72.0,5.41,5.82,9,1,2,2,1,0,65.4,0.0
CLG0041,103.0,8.41,8.67,6,0,7,5,1,0,97.0,0.0
CLG0067,113.0,8.95,8.56,10,1,9,8,0,1,96.9,498900.0
CLG0073,78.0,9.81,10.01,1,0,9,4,5,0,107.89999999999999,0.0
CLG0065,86.0,5.74,5.26,6,0,10,8,3,0,61.199999999999996,0.0
CLG0056,118.0,7.66,7.19,8,0,5,9,3,1,83.7,346600.0
CLG0019,107.0,7.84,7.87,8,0,7,8,4,0,89.4,0.0
CLG0014,90.0,9.61,9.21,10,0,6,6,1,0,101.10000000000001,0.0
CLG0066,118.0,8.14,8.6,3,1,5,2,3,1,97.8,503000.0
CLG0071,118.0,5.73,6.12,1,1,8,8,3,1,73.0,403800.0
CLG0038,104.0,7.18,7.33,5,1,10,4,5,0,83.7,0.0
CLG0043,86.0,8.27,7.83,6,1,8,1,3,0,86.89999999999999,0.0
CLG0092,93.0,8.5,8.32,10,0,9,5,3,0,92.5,0.0
CLG0010,104.0,9.32,9.19,9,1,9,3,0,0,102.3,0.0
CLG0089,97.0,5.9,5.88,2,0,3,3,1,0,68.5,0.0
CLG0022,114.0,9.76,9.43,1,0,7,7,3,1,105.7,434200.0
CLG0075,77.0,5.3,5.38,7,0,2,1,0,0,61.5,0.0
CLG0064,77.0,9.92,9.86,2,0,10,3,2,0,106.3,0.0
CLG0045,102.0,9.29,9.74,2,0,4,10,4,1,107.60000000000001,440600.0
CLG0074,92.0,8.3,8.74,3,0,2,6,0,0,96.60000000000001,0.0
CLG0018,90.0,8.67,8.74,4,0,9,8,4,1,96.4,394600.0
CLG0069,73.0,5.36,5.5,7,0,3,6,4,0,62.3,0.0
CLG0011,100.0,5.21,4.85,1,0,4,4,2,0,58.5,0.0
CLG0027,99.0,5.51,5.23,6,1,7,8,2,0,62.2,0.0
CLG0027,109.0,5.44,5.84,7,0,9,10,2,0,69.3,0.0
CLG0060,101.0,7.74,7.94,3,0,7,5,0,0,89.5,0.0
CLG0036,98.0,6.08,5.77,3,0,2,10,2,0,67.5,0.0
CLG0057,117.0,9.3,9.37,2,1,7,6,5,1,105.39999999999999,533300.0
CLG0013,80.0,7.23,7.66,5,0,9,1,3,0,84.6,0.0
CLG0028,108.0,8.48,8.33,7,1,3,4,0,0,94.1,0.0
CLG0066,74.0,8.26,7.95,3,0,10,4,1,0,86.9,0.0
CLG0007,87.0,6.6,7.04,7,0,1,5,2,0,79.10000000000001,0.0
CLG0096,81.0,6.22,6.18,8,0,2,1,0,0,69.89999999999999,0.0
CLG0070,111.0,6.71,6.63,3,0,7,4,2,0,77.39999999999999,0.0
CLG0019,99.0,8.98,8.75,1,1,4,7,4,0,97.4,0.0
CLG0015,99.0,7.93,8.32,3,1,1,6,3,0,93.10000000000001,0.0
CLG0087,83.0,6.27,6.62,6,0,6,10,4,0,74.5,0.0
CLG0088,95.0,9.09,8.99,1,1,4,5,2,0,99.4,0.0
CLG0046,88.0,5.27,4.8,9,0,5,1,0,0,56.8,0.0
CLG0052,105.0,8.5,8.45,3,0,1,8,5,1,95.0,390500.0
CLG0092,85.0,7.2,6.88,3,1,10,5,3,0,77.3,0.0
CLG0024,119.0,8.66,8.3,7,1,6,8,4,1,94.9,491500.0
CLG0054,74.0,9.64,9.53,7,0,0,6,3,0,102.7,0.0
CLG0053,87.0,8.75,8.35,6,0,9,7,3,0,92.2,0.0
CLG0056,125.0,7.21,7.67,7,1,9,10,2,1,89.2,469300.0
CLG0022,93.0,5.75,5.3,5,1,4,10,3,0,62.3,0.0
CLG0070,80.0,9.03,8.93,8,1,8,1,1,0,97.3,0.0
CLG0047,103.0,7.3,6.96,10,0,6,6,1,0,79.89999999999999,0.0
CLG0004,92.0,5.38,5.57,2,0,8,3,4,0,64.9,0.0
CLG0034,87.0,8.6,8.18,5,0,8,3,4,0,90.5,0.0
CLG0051,83.0,6.46,6.51,9,0,0,3,5,0,73.39999999999999,0.0
CLG0027,141.0,5.24,5.51,4,0,7,6,0,0,69.19999999999999,0.0
CLG0022,96.0,9.51,9.96,8,1,6,8,2,1,109.2,546400.0
CLG0054,71.0,7.42,7.62,3,0,10,3,4,0,83.3,0.0
CLG0016,122.0,6.4,6.0,6,0,1,3,0,0,72.2,0.0
CLG0096,109.0,8.58,8.17,8,0,2,5,5,0,92.60000000000001,0.0
CLG0057,88.0,9.43,9.66,9,0,5,6,4,0,105.39999999999999,0.0
CLG0069,86.0,5.0,4.72,7,1,10,6,0,0,55.8,0.0
CLG0059,110.0,8.44,8.39,6,0,10,7,2,0,94.9,0.0
CLG0041,96.0,8.84,9.32,6,0,2,7,2,0,102.8,0.0
CLG0033,71.0,6.05,6.37,6,1,7,3,4,0,70.8,0.0
CLG0045,126.0,7.45,7.8,10,0,3,5,1,0,90.6,0.0
CLG0099,93.0,5.45,5.81,9,1,6,1,3,0,67.39999999999999,0.0
CLG0069,122.0,8.73,8.85,3,0,3,1,4,1,100.7,415000.0
CLG0023,119.0,9.24,9.48,4,0,1,2,0,0,106.70000000000002,0.0
CLG0046,84.0,5.54,5.4,3,1,6,2,2,0,62.4,0.0
CLG0032,115.0,9.08,9.58,9,0,7,7,4,1,107.3,440700.0
CLG0052,90.0,8.86,8.64,5,1,0,5,2,0,95.4,0.0
CLG0078,71.0,6.73,6.82,10,1,4,3,4,0,75.3,0.0
CLG0033,93.0,8.45,8.23,8,0,9,7,2,0,91.60000000000001,0.0
CLG0069,105.0,5.0,4.61,8,0,7,3,1,0,56.6,0.0
CLG0057,93.0,9.66,9.73,9,1,0,3,0,0,106.60000000000001,0.0
CLG0035,95.0,7.75,7.6,10,1,2,4,4,0,85.5,0.0
CLG0054,117.0,8.1,8.18,7,0,1,5,2,1,93.5,385700.0
CLG0058,101.0,8.32,8.38,3,0,2,8,4,1,93.9,385700.00000000006
CLG0086,87.0,7.81,7.85,5,1,2,9,0,0,87.2,0.0
CLG0070,110.0,9.28,8.9,3,0,2,5,4,0,100.0,0.0
CLG0098,102.0,8.05,7.99,2,1,0,8,3,0,90.10000000000001,0.0
CLG0056,62.0,9.54,9.85,3,0,2,3,2,0,104.7,0.0
CLG0004,106.0,7.91,7.73,10,1,1,7,0,0,87.9,0.0
CLG0066,105.0,5.86,5.8,9,1,8,3,5,0,68.5,0.0
CLG0009,100.0,9.57,9.56,9,1,9,10,1,0,105.60000000000001,0.0
CLG0094,113.0,8.41,8.77,8,0,7,3,3,1,98.99999999999999,407300.0
CLG0019,89.0,8.5,8.66,7,1,5,4,4,0,95.5,0.0
CLG0063,105.0,9.93,9.53,1,1,6,2,5,0,105.8,0.0
CLG0060,76.0,5.38,5.75,9,1,0,7,4,0,65.1,0.0
CLG0051,106.0,7.14,7.47,10,1,6,6,3,0,85.3,0.0
CLG0073,129.0,6.2,6.45,2,0,7,3,1,0,77.4,0.0
CLG0005,85.0,8.15,8.12,6,0,7,1,1,0,89.69999999999999,0.0
CLG0016,88.0,9.03,9.29,10,0,5,10,4,1,101.69999999999999,415599.99999999994
CLG0090,89.0,9.83,9.81,5,1,6,3,4,0,107.00000000000001,0.0
CLG0007,101.0,7.27,7.51,6,0,10,4,1,0,85.19999999999999,0.0
CLG0002,84.0,8.93,9.31,8,1,1,10,1,0,101.50000000000001,0.0
CLG0078,106.0,9.59,9.98,8,1,3,1,1,0,110.4,0.0
CLG0031,112.0,8.42,8.37,10,0,7,8,5,1,94.89999999999999,390799.99999999994
CLG0086,108.0,6.21,6.57,2,0,10,2,4,0,76.5,0.0
CLG0033,73.0,8.04,7.64,7,1,3,3,2,0,83.69999999999999,0.0
CLG0040,114.0,9.85,9.45,2,0,7,5,3,1,105.9,435000.0
CLG0059,114.0,9.94,9.99,1,0,9,9,1,1,111.30000000000001,456600.0
CLG0095,112.0,8.21,8.36,8,0,3,6,4,1,94.8,390400.0
CLG0083,105.0,9.43,9.08,9,1,8,3,0,0,101.3,0.0
CLG0006,103.0,6.0,5.97,7,0,0,3,4,0,70.0,0.0
CLG0046,115.0,6.23,5.82,4,0,5,8,2,1,69.7,290300.0
CLG0040,128.0,9.76,9.86,7,0,0,4,2,1,111.39999999999999,458400.0
CLG0043,85.0,5.68,6.04,4,1,5,5,5,0,68.9,0.0
CLG0074,116.0,5.96,6.2,7,1,3,4,1,0,73.6,0.0
CLG0012,98.0,7.1,6.98,4,0,7,9,3,0,79.60000000000001,0.0
CLG0090,98.0,7.95,8.44,9,0,7,8,4,1,94.19999999999999,386600.0
CLG0004,76.0,8.02,8.18,5,0,8,7,3,0,89.39999999999999,0.0
CLG0059,95.0,6.46,6.78,7,0,6,4,0,0,77.3,0.0
CLG0049,85.0,9.6,9.77,8,0,10,9,3,1,106.19999999999999,433300.0
CLG0005,93.0,9.58,10.07,5,0,7,8,3,1,110.0,449300.0
CLG0094,83.0,6.96,7.28,1,0,10,8,1,0,81.1,0.0
CLG0024,93.0,7.17,7.19,4,1,2,10,0,0,81.2,0.0
CLG0035,93.0,8.51,8.38,3,0,9,2,5,0,93.10000000000001,0.0
CLG0005,101.0,8.31,8.49,7,0,3,5,2,0,95.0,0.0
CLG0005,75.0,6.91,7.0,6,0,3,6,3,0,77.5,0.0
CLG0072,78.0,7.07,7.2,6,0,5,6,0,0,79.8,0.0
CLG0099,105.0,6.74,6.58,2,0,6,9,0,0,76.3,0.0
CLG0055,88.0,6.18,6.11,6,1,8,4,2,0,69.9,0.0
CLG0065,116.0,7.29,7.35,8,1,9,7,1,0,85.1,0.0
CLG0066,103.0,8.43,8.77,5,0,5,9,0,0,97.99999999999999,0.0
CLG0007,109.0,8.71,8.97,9,0,1,5,2,0,100.60000000000001,0.0
CLG0015,121.0,8.89,8.51,2,0,9,6,4,1,97.19999999999999,400900.0
CLG0078,95.0,6.87,6.62,7,0,9,1,0,0,75.7,0.0
CLG0077,91.0,8.82,8.35,6,0,6,7,4,0,92.6,0.0
CLG0044,113.0,5.03,4.54,6,1,9,5,4,0,56.7,0.0
CLG0029,107.0,7.39,7.11,4,1,8,4,0,0,81.80000000000001,0.0
CLG0002,97.0,8.97,9.27,10,0,7,3,2,0,102.39999999999999,0.0
CLG0058,120.0,8.15,8.55,9,0,3,1,4,1,97.5,402000.0
CLG0071,96.0,7.37,7.26,6,0,1,5,1,0,82.19999999999999,0.0
CLG0010,100.0,8.22,8.28,8,1,7,3,3,0,92.8,0.0
CLG0084,100.0,9.53,9.74,8,0,5,8,5,1,107.4,439600.0
CLG0089,85.0,7.83,8.28,4,0,7,4,4,0,91.3,0.0
CLG0055,101.0,9.0,9.41,5,0,10,3,4,0,104.19999999999999,0.0
CLG0090,120.0,9.9,9.46,2,0,8,1,3,1,106.60000000000001,438400.00000000006
CLG0042,106.0,8.53,8.28,4,0,2,10,2,1,93.39999999999999,384200.0
CLG0070,100.0,7.87,7.42,6,1,7,2,1,0,84.2,0.0
CLG0068,97.0,5.19,5.31,2,0,9,10,1,0,62.8,0.0
CLG0072,104.0,6.87,7.08,2,0,7,2,4,0,81.2,0.0
CLG0013,111.0,7.83,7.64,10,0,4,1,0,0,87.49999999999999,0.0
CLG0037,109.0,8.99,9.34,7,1,5,8,0,0,104.30000000000001,0.0
CLG0008,95.0,7.19,7.14,10,1,4,5,5,0,80.89999999999999,0.0
CLG0040,104.0,9.8,10.3,5,1,5,2,4,0,113.4,0.0
CLG0093,107.0,6.36,5.86,3,1,0,8,5,0,69.3,0.0
CLG0091,84.0,8.72,8.33,3,0,9,10,0,0,91.7,0.0
CLG0009,102.0,7.1,6.9,7,0,9,5,1,0,79.2,0.0
CLG0078,67.0,7.43,6.96,3,1,9,10,1,0,76.3,0.0
CLG0060,107.0,9.01,9.29,10,1,1,5,3,0,103.6,0.0
CLG0075,109.0,6.48,6.03,5,1,7,2,1,0,71.2,0.0
CLG0089,111.0,5.48,5.73,2,0,0,8,5,1,68.4,284700.0
CLG0087,94.0,7.6,7.15,3,0,8,3,2,0,80.9,0.0
CLG0010,104.0,7.64,7.39,4,0,6,4,1,0,84.3,0.0
CLG0071,121.0,8.99,9.33,1,1,0,5,4,1,105.39999999999999,533700.0
CLG0077,121.0,9.84,10.29,4,0,4,10,5,1,114.99999999999999,472099.99999999994
CLG0022,99.0,5.28,5.19,4,0,1,9,0,0,61.800000000000004,0.0
CLG0056,102.0,7.96,8.43,3,0,10,2,0,0,94.5,0.0
CLG0046,116.0,8.41,8.54,10,0,0,8,1,1,96.99999999999999,399599.99999999994
CLG0018,77.0,9.93,9.85,9,0,0,5,1,0,106.2,0.0
CLG0073,95.0,9.71,10.01,3,0,4,9,0,0,109.6,0.0
CLG0086,120.0,8.56,8.36,2,1,3,9,0,1,95.6,494400.0
CLG0059,114.0,7.61,7.38,7,0,4,10,1,0,85.2,0.0
CLG0061,105.0,5.81,5.97,9,0,5,3,2,0,70.19999999999999,0.0
CLG0052,77.0,6.92,6.81,6,1,0,9,2,0,75.8,0.0
CLG0009,99.0,7.93,7.57,5,0,1,7,0,0,85.60000000000001,0.0
CLG0063,91.0,8.63,8.2,1,1,1,9,3,1,91.1,473500.0
CLG0064,104.0,8.18,8.47,3,0,4,7,2,0,95.10000000000001,0.0
CLG0014,87.0,8.57,8.75,9,1,9,8,4,1,96.2,493500.0
CLG0076,84.0,7.15,7.06,8,0,8,4,5,0,79.0,0.0
CLG0017,69.0,8.64,9.04,9,1,6,5,0,0,97.3,0.0
CLG0017,118.0,5.72,5.63,8,0,9,6,2,0,68.1,0.0
CLG0051,94.0,5.81,6.02,1,1,3,4,1,0,69.6,0.0
CLG0056,102.0,5.81,6.22,8,0,4,8,3,0,72.39999999999999,0.0
CLG0024,99.0,9.45,9.79,8,0,10,5,5,0,107.8,0.0
CLG0077,83.0,5.38,5.39,5,0,6,3,5,0,62.2,0.0
CLG0036,81.0,9.01,9.19,6,0,9,1,1,0,99.99999999999999,0.0
CLG0062,84.0,6.17,6.08,2,1,8,1,5,0,69.2,0.0
CLG0018,89.0,7.34,7.49,1,1,9,8,1,0,83.80000000000001,0.0
CLG0094,105.0,9.58,9.34,8,1,6,3,3,0,103.9,0.0
CLG0055,88.0,7.93,7.86,7,0,10,10,0,0,87.4,0.0
CLG0042,126.0,6.05,5.76,4,0,1,4,5,0,70.19999999999999,0.0
CLG0065,115.0,6.42,5.96,7,0,3,7,1,0,71.1,0.0
CLG0014,112.0,9.6,9.69,2,0,9,1,5,1,108.1,443600.0
CLG0010,98.0,7.14,7.5,2,0,3,6,0,0,84.8,0.0
CLG0005,122.0,7.93,7.46,7,1,10,1,0,0,86.8,0.0
CLG0022,96.0,7.3,7.0,3,1,8,3,0,0,79.6,0.0
CLG0093,99.0,6.89,6.85,6,0,7,4,5,0,78.4,0.0
CLG0096,102.0,6.12,6.29,7,0,5,7,1,0,73.1,0.0
CLG0095,110.0,8.43,8.1,7,0,7,2,0,0,92.0,0.0
CLG0037,109.0,8.59,8.15,10,0,6,8,1,0,92.4,0.0
CLG0033,92.0,6.37,6.39,4,1,7,6,0,0,73.1,0.0
CLG0094,92.0,8.95,9.27,3,1,6,10,4,1,101.89999999999999,516800.0
CLG0097,109.0,9.27,8.81,1,1,1,2,1,0,99.00000000000001,0.0
CLG0010,110.0,9.6,9.45,7,0,10,3,4,0,105.5,0.0
CLG0064,94.0,5.81,5.97,9,0,5,4,0,0,69.1,0.0
CLG0058,76.0,6.52,6.15,1,0,3,6,1,0,69.1,0.0
CLG0063,96.0,9.3,9.04,5,0,3,1,5,0,99.99999999999999,0.0
CLG0035,109.0,5.99,6.03,4,1,9,5,3,0,71.2,0.0
CLG0049,127.0,5.02,5.47,10,1,5,8,4,1,67.39999999999999,382300.0
CLG0028,82.0,9.35,9.14,2,1,7,7,2,0,99.60000000000001,0.0
CLG0055,93.0,6.63,6.62,7,0,4,3,2,0,75.5,0.0
CLG0009,94.0,7.07,6.97,7,1,2,2,3,0,79.10000000000001,0.0
CLG0075,120.0,7.23,7.63,8,0,0,2,3,0,88.3,0.0
CLG0045,99.0,9.24,8.81,3,1,4,10,5,1,98.00000000000001,501900.0
CLG0027,86.0,6.69,6.76,6,0,2,5,2,0,76.19999999999999,0.0
CLG0032,108.0,9.46,9.81,4,0,2,8,1,0,108.9,0.0
CLG0041,93.0,8.08,8.57,3,1,3,6,0,0,95.0,0.0
CLG0021,81.0,7.64,7.84,4,0,8,6,1,0,86.5,0.0
CLG0076,86.0,6.63,6.51,1,1,3,7,2,0,73.69999999999999,0.0
CLG0007,126.0,6.22,6.13,7,1,4,1,4,0,73.89999999999999,0.0
CLG0022,105.0,8.12,7.97,7,0,9,3,4,0,90.2,0.0
CLG0096,101.0,7.23,7.33,7,0,4,5,0,0,83.39999999999999,0.0
CLG0054,96.0,9.55,9.79,2,1,0,7,0,0,107.49999999999999,0.0
CLG0067,104.0,7.46,7.78,1,0,6,6,5,0,88.2,0.0
CLG0076,104.0,7.56,7.48,9,1,1,1,2,0,85.20000000000002,0.0
CLG0058,104.0,7.08,7.3,2,0,5,9,2,0,83.4,0.0
CLG0077,101.0,8.95,9.37,5,0,10,3,0,0,103.79999999999998,0.0
CLG0086,113.0,7.12,7.54,5,0,3,7,4,0,86.7,0.0
CLG0064,100.0,6.35,6.55,8,1,4,1,3,0,75.5,0.0
CLG0042,85.0,9.31,9.45,1,0,4,1,3,0,103.0,0.0
CLG0053,90.0,7.98,8.01,7,1,3,1,3,0,89.1,0.0
CLG0028,70.0,7.96,7.64,3,0,1,4,4,0,83.39999999999999,0.0
CLG0058,130.0,8.05,7.67,2,0,7,1,1,0,89.7,0.0
CLG0005,112.0,8.59,8.58,5,0,0,1,1,0,97.0,0.0
CLG0094,87.0,6.57,6.23,4,0,8,9,4,0,71.0,0.0
CLG0055,95.0,5.17,5.25,9,0,5,8,1,0,62.0,0.0
CLG0096,90.0,9.05,9.2,1,1,3,5,3,0,101.0,0.0
CLG0060,123.0,5.64,5.67,3,0,5,2,4,0,69.0,0.0
CLG0045,78.0,8.61,8.15,3,1,10,7,0,0,89.3,0.0
CLG0084,101.0,5.41,4.97,4,0,8,1,4,0,59.8,0.0
CLG0020,98.0,6.88,6.49,7,0,8,9,2,0,74.7,0.0
CLG0009,112.0,5.32,4.97,5,1,2,1,3,0,60.89999999999999,0.0
CLG0007,98.0,7.61,8.1,10,0,7,3,5,0,90.8,0.0
CLG0007,73.0,8.27,8.11,6,0,0,6,3,0,88.39999999999999,0.0
CLG0090,96.0,5.86,5.65,3,0,8,4,2,0,66.1,0.0
CLG0097,85.0,6.86,6.41,5,0,6,2,3,0,72.6,0.0
CLG0050,101.0,9.65,9.79,2,1,9,5,5,0,107.99999999999999,0.0
CLG0095,121.0,7.21,7.36,4,0,6,10,2,1,85.7,354900.0
CLG0014,73.0,9.01,8.69,3,1,5,1,5,0,94.19999999999999,0.0
CLG0099,87.0,9.64,10.06,3,0,0,1,2,0,109.30000000000001,0.0
CLG0094,91.0,9.87,10.17,4,0,1,6,3,0,110.8,0.0
CLG0035,94.0,9.49,9.22,8,1,10,9,4,1,101.60000000000001,515800.0
CLG0063,111.0,6.59,6.58,8,1,2,10,2,1,76.89999999999999,418700.0
CLG0019,97.0,9.81,9.77,1,0,0,7,0,0,107.39999999999999,0.0
CLG0073,106.0,9.06,8.91,5,0,4,10,2,1,99.69999999999999,409400.0
CLG0059,90.0,9.19,9.51,2,0,10,4,0,0,104.1,0.0
CLG0082,103.0,5.08,4.69,10,1,4,8,4,0,57.2,0.0
CLG0064,111.0,9.77,9.69,6,0,5,1,2,1,107.99999999999999,443100.0
CLG0065,89.0,8.89,8.82,3,1,6,5,2,0,97.10000000000001,0.0
CLG0017,111.0,8.84,8.81,10,1,9,2,2,1,99.2,507900.0
CLG0086,100.0,5.41,5.77,10,0,8,3,0,0,67.69999999999999,0.0
CLG0012,115.0,6.16,5.88,9,0,6,10,4,1,70.3,292700.0
CLG0055,96.0,9.81,9.41,9,1,5,4,3,0,103.69999999999999,0.0
CLG0018,105.0,7.5,7.62,8,0,8,1,5,0,86.7,0.0
CLG0066,99.0,6.99,6.66,2,0,1,5,5,0,76.5,0.0
CLG0024,98.0,9.2,8.77,2,0,5,10,1,0,97.49999999999999,0.0
CLG0004,103.0,5.44,5.37,2,0,4,6,2,0,64.0,0.0
CLG0087,108.0,7.08,6.8,5,1,5,1,2,0,78.8,0.0
CLG0004,81.0,6.88,6.74,10,0,9,4,2,0,75.5,0.0
CLG0021,121.0,6.75,6.51,9,0,0,2,3,0,77.19999999999999,0.0
CLG0027,72.0,6.54,6.13,7,1,10,1,4,0,68.5,0.0
CLG0011,89.0,6.05,6.11,7,0,4,5,0,0,70.0,0.0
CLG0062,98.0,5.86,5.39,3,0,7,1,3,0,63.7,0.0
CLG0064,106.0,8.2,8.67,3,1,2,8,4,1,97.3,499800.0
CLG0088,123.0,9.6,9.44,10,1,2,2,1,0,106.69999999999999,0.0
CLG0027,72.0,7.54,7.74,3,1,10,5,5,0,84.60000000000001,0.0
CLG0064,92.0,6.49,6.8,1,0,6,3,4,0,77.2,0.0
CLG0036,68.0,5.8,5.58,8,1,6,6,4,0,62.599999999999994,0.0
CLG0091,100.0,9.15,9.4,2,0,1,6,0,0,104.0,0.0
CLG0092,104.0,9.86,10.19,7,0,7,8,4,1,112.3,459600.0
CLG0062,123.0,6.75,6.49,9,0,4,5,4,0,77.2,0.0
CLG0047,101.0,6.45,6.94,2,0,8,5,5,0,79.5,0.0
CLG0098,115.0,8.01,7.53,1,0,0,5,2,0,86.8,0.0
CLG0066,108.0,8.88,8.6,5,0,10,9,0,0,96.8,0.0
CLG0041,93.0,7.28,7.56,10,1,3,2,4,0,84.89999999999999,0.0
CLG0090,78.0,8.15,7.84,5,1,7,3,4,0,86.2,0.0
CLG0045,104.0,8.58,8.78,1,0,8,4,2,0,98.2,0.0
CLG0079,77.0,9.8,10.16,9,1,8,7,0,0,109.3,0.0
CLG0024,119.0,5.83,6.29,3,0,9,10,1,0,74.8,0.0
CLG0019,97.0,9.99,9.96,2,0,10,1,0,0,109.30000000000001,0.0
CLG0071,117.0,6.96,7.43,7,1,0,3,3,0,86.0,0.0
CLG0081,92.0,8.62,8.53,5,0,0,10,4,1,94.5,387200.0
CLG0068,104.0,7.86,7.58,4,0,6,7,5,0,86.2,0.0
CLG0100,103.0,7.43,7.44,4,0,10,8,3,0,84.7,0.0
CLG0040,99.0,8.49,8.64,9,1,5,2,3,0,96.30000000000001,0.0
CLG0094,93.0,6.98,6.94,9,0,6,3,1,0,78.7,0.0
CLG0064,105.0,5.63,5.7,1,0,7,7,4,0,67.5,0.0
CLG0052,86.0,7.44,7.36,10,0,10,7,0,0,82.2,0.0
CLG0043,81.0,7.61,7.63,7,0,5,3,5,0,84.39999999999999,0.0
CLG0062,118.0,6.01,6.46,8,1,9,10,2,1,76.39999999999999,417400.0
CLG0055,110.0,9.68,9.68,5,1,9,5,4,0,107.8,0.0
CLG0078,100.0,6.14,5.89,7,1,9,7,3,0,68.9,0.0
CLG0042,124.0,7.05,7.31,8,1,6,3,3,0,85.5,0.0
CLG0059,95.0,5.77,5.61,8,0,10,8,4,0,65.6,0.0
CLG0048,119.0,7.68,8.0,9,1,6,4,1,0,91.9,0.0
CLG0046,102.0,6.54,6.1,5,0,6,7,0,0,71.2,0.0
CLG0053,84.0,7.45,7.28,2,1,1,2,5,0,81.2,0.0
CLG0064,127.0,6.12,5.71,6,1,2,5,2,0,69.8,0.0
CLG0020,114.0,5.27,4.86,1,0,9,6,5,0,60.0,0.0
CLG0029,98.0,8.9,9.06,10,0,8,1,5,0,100.4,0.0
CLG0054,110.0,8.21,8.1,6,0,0,9,1,0,92.0,0.0
CLG0053,93.0,6.7,7.07,3,0,7,9,5,0,80.0,0.0
CLG0090,112.0,5.24,5.26,3,0,6,4,5,0,63.8,0.0
CLG0083,64.0,9.33,9.13,7,0,5,5,0,0,97.70000000000002,0.0
CLG0008,84.0,5.85,6.07,4,1,0,9,4,0,69.10000000000001,0.0
CLG0020,114.0,9.65,9.77,5,0,8,10,1,1,109.1,447800.0
CLG0065,96.0,7.39,7.69,6,0,1,2,5,0,86.5,0.0
CLG0080,103.0,6.7,6.84,10,0,9,5,2,0,78.7,0.0
CLG0058,79.0,8.71,8.38,6,0,4,4,0,0,91.70000000000002,0.0
CLG0065,127.0,9.38,9.55,2,0,8,2,4,1,108.2,445500.0
CLG0035,117.0,6.85,6.74,3,0,7,2,0,0,79.10000000000001,0.0
CLG0008,96.0,7.04,7.0,1,1,9,9,2,0,79.6,0.0
CLG0008,93.0,7.17,7.59,3,0,3,10,4,0,85.2,0.0
CLG0066,115.0,9.61,9.47,8,0,7,8,3,1,106.2,436300.0
CLG0028,129.0,8.46,8.57,4,0,8,10,3,1,98.60000000000001,407300.0
CLG0095,114.0,6.24,6.1,2,1,10,10,1,0,72.4,0.0
CLG0044,132.0,5.92,5.51,4,0,4,8,4,1,68.3,286400.0
CLG0016,86.0,6.15,6.1,7,0,0,8,4,0,69.6,0.0
CLG0075,87.0,6.32,6.42,9,0,10,5,1,0,72.9,0.0
CLG0064,82.0,6.15,6.06,5,0,5,4,5,0,68.8,0.0
CLG0078,106.0,8.29,8.18,5,0,3,10,0,0,92.39999999999999,0.0
CLG0037,102.0,5.58,5.9,5,0,5,3,1,0,69.2,0.0
CLG0033,97.0,6.94,6.47,10,0,0,2,5,0,74.4,0.0
CLG0008,112.0,8.13,7.93,9,1,3,10,4,1,90.5,473200.0
CLG0034,118.0,6.45,6.76,7,1,4,5,5,0,79.39999999999999,0.0
CLG0013,77.0,5.33,5.75,3,0,5,8,3,0,65.2,0.0
CLG0016,91.0,5.41,5.32,2,0,4,5,0,0,62.300000000000004,0.0
CLG0036,112.0,5.63,6.02,9,0,1,7,5,0,71.39999999999999,0.0
CLG0054,92.0,9.18,8.88,3,0,2,5,4,0,98.00000000000001,0.0
CLG0085,88.0,8.29,8.01,8,1,4,10,2,1,88.89999999999999,464400.0
CLG0081,115.0,5.32,5.67,4,0,10,9,3,1,68.2,284300.0
CLG0039,80.0,6.96,7.36,5,0,6,8,3,0,81.60000000000001,0.0
CLG0053,95.0,6.39,6.11,8,0,3,8,1,0,70.6,0.0
CLG0034,104.0,7.89,7.45,5,0,10,1,4,0,84.9,0.0
CLG0018,91.0,7.61,7.2,10,1,5,5,4,0,81.1,0.0
CLG0041,111.0,7.41,7.17,2,0,8,9,1,0,82.8,0.0
CLG0100,91.0,6.57,6.83,6,0,9,8,4,0,77.39999999999999,0.0
CLG0036,121.0,5.69,5.7,7,0,6,1,4,0,69.1,0.0
CLG0005,98.0,8.71,8.67,1,0,2,9,5,1,96.5,395800.0
CLG0028,110.0,9.4,9.48,10,1,10,10,3,1,105.80000000000001,534200.0
CLG0049,111.0,9.72,10.11,9,0,4,1,0,0,112.19999999999999,0.0
CLG0069,90.0,5.29,4.88,6,0,8,5,2,0,57.8,0.0
CLG0068,69.0,8.7,8.89,4,1,4,10,2,1,95.80000000000001,490100.0
CLG0003,105.0,8.63,9.06,2,0,2,1,0,0,101.10000000000001,0.0
CLG0033,101.0,9.74,9.45,9,0,7,8,2,1,104.6,428500.0
CLG0057,108.0,6.26,6.6,6,0,6,2,0,0,76.8,0.0
CLG0052,96.0,8.71,8.91,9,1,4,6,4,0,98.69999999999999,0.0
CLG0067,93.0,5.27,4.78,2,1,4,2,1,0,57.10000000000001,0.0
CLG0072,130.0,8.16,7.89,5,1,0,2,5,0,91.89999999999999,0.0
CLG0023,77.0,6.75,6.86,6,0,7,1,4,0,76.30000000000001,0.0
CLG0070,111.0,8.84,8.84,5,1,5,6,1,0,99.5,0.0
CLG0027,91.0,9.32,9.35,6,1,4,5,0,0,102.6,0.0
CLG0086,94.0,6.82,6.55,3,0,6,4,4,0,74.9,0.0
CLG0034,95.0,7.63,7.81,9,1,1,4,0,0,87.6,0.0
CLG0065,87.0,5.59,5.36,2,0,2,9,5,0,62.3,0.0
CLG0036,108.0,7.08,6.97,2,1,8,2,5,0,80.5,0.0
CLG0091,120.0,6.8,6.67,5,0,4,10,3,1,78.7,326800.0
CLG0009,107.0,5.92,6.09,10,0,5,7,5,0,71.6,0.0
CLG0025,101.0,9.47,9.06,3,1,7,5,5,0,100.7,0.0
CLG0078,85.0,5.74,5.45,2,0,2,10,0,0,63.0,0.0
CLG0018,107.0,8.18,7.88,6,1,0,9,5,0,89.5,0.0
CLG0082,132.0,9.45,9.06,6,1,3,4,4,1,103.80000000000001,528400.0
CLG0027,94.0,9.56,9.27,7,0,1,6,1,0,102.1,0.0
CLG0009,94.0,8.97,9.08,4,1,8,2,3,0,100.2,0.0
CLG0076,91.0,5.88,6.11,8,1,3,1,4,0,70.2,0.0
CLG0056,92.0,9.09,9.25,3,1,8,1,4,0,101.7,0.0
CLG0047,58.0,6.38,6.36,10,0,6,4,4,0,69.4,0.0
CLG0082,106.0,9.61,9.16,1,0,6,9,3,1,102.19999999999999,419400.0
CLG0049,87.0,8.55,9.01,5,1,0,3,4,0,98.8,0.0
CLG0014,75.0,8.93,8.6,6,1,1,3,5,0,93.5,0.0
CLG0074,111.0,5.43,5.6,3,1,6,7,1,0,67.1,0.0
CLG0084,83.0,7.91,8.32,2,1,4,8,5,1,91.5,474300.0
CLG0022,94.0,9.11,9.31,3,0,6,6,4,0,102.50000000000001,0.0
CLG0059,121.0,9.31,9.03,3,0,2,1,2,1,102.39999999999999,421700.0
CLG0034,78.0,5.14,4.96,7,1,7,6,0,0,57.4,0.0
CLG0048,77.0,9.7,9.23,1,0,3,8,2,1,100.00000000000001,407700.0
CLG0069,104.0,5.22,5.33,4,0,7,5,5,0,63.699999999999996,0.0
CLG0030,117.0,8.07,8.18,3,1,5,8,1,1,93.5,485700.0
CLG0001,76.0,8.47,8.7,10,1,8,1,1,0,94.6,0.0
CLG0026,106.0,5.54,5.05,7,1,5,4,0,0,61.1,0.0
CLG0071,108.0,5.24,5.56,1,0,3,9,1,0,66.39999999999999,0.0
CLG0007,69.0,8.92,9.16,8,0,2,10,1,0,98.5,0.0
CLG0005,111.0,6.92,6.56,10,1,3,5,4,0,76.69999999999999,0.0
CLG0084,113.0,5.54,5.39,7,0,10,10,0,0,65.2,0.0
CLG0064,95.0,8.81,8.95,8,0,6,10,2,1,99.0,405500.0
CLG0092,118.0,9.25,9.25,8,1,7,3,4,1,104.3,529000.0
CLG0023,117.0,7.94,7.56,9,0,1,3,4,0,87.3,0.0
CLG0008,101.0,5.81,5.4,1,1,8,9,2,0,64.1,0.0
CLG0047,93.0,5.08,5.36,9,1,6,1,1,0,62.900000000000006,0.0
CLG0080,85.0,8.5,8.16,1,0,6,6,3,0,90.1,0.0
CLG0041,99.0,7.75,7.42,3,0,9,6,5,0,84.10000000000001,0.0
CLG0048,108.0,8.25,8.58,7,1,3,10,3,1,96.6,497200.0
CLG0070,95.0,9.07,9.18,8,1,6,8,5,1,101.3,514700.0
CLG0075,67.0,7.17,7.27,5,0,1,8,1,0,79.39999999999999,0.0
CLG0077,119.0,5.62,5.6,1,0,10,1,4,0,67.9,0.0
CLG0066,102.0,9.7,9.77,3,1,9,7,2,0,107.89999999999999,0.0
CLG0049,94.0,7.73,7.83,7,1,2,10,3,0,87.7,0.0
CLG0002,112.0,8.08,8.55,2,0,1,1,4,1,96.7,398000.0
CLG0063,122.0,9.67,9.39,2,0,4,8,3,1,106.10000000000001,436600.0
CLG0013,57.5,9.66,9.37,9,1,0,5,2,0,99.44999999999999,0.0
CLG0083,106.0,7.86,7.42,6,1,1,2,4,0,84.8,0.0
CLG0033,78.0,6.49,6.65,4,0,10,3,0,0,74.3,0.0
CLG0025,107.0,9.99,10.04,10,1,5,9,4,1,111.1,555100.0
CLG0082,101.0,8.4,8.01,9,1,5,2,0,0,90.19999999999999,0.0
CLG0029,109.0,7.04,6.9,7,0,7,4,1,0,79.9,0.0
CLG0037,92.0,7.8,7.48,7,1,8,7,2,0,84.00000000000001,0.0
CLG0075,71.0,7.08,6.91,8,0,8,8,3,0,76.19999999999999,0.0
CLG0041,93.0,9.44,9.89,3,0,6,3,1,0,108.2,0.0
CLG0087,106.0,7.41,7.59,2,1,9,10,1,0,86.5,0.0
CLG0087,115.0,9.12,8.63,1,1,0,10,5,1,97.80000000000001,502700.00000000006
CLG0035,82.0,9.2,8.95,2,1,3,9,5,1,97.7,499000.0
CLG0003,115.0,9.12,8.63,3,0,6,8,4,1,97.80000000000001,402700.00000000006
CLG0047,90.0,8.61,8.82,5,0,1,6,4,0,97.2,0.0
CLG0062,105.0,9.27,9.24,8,0,8,8,5,1,102.9,422100.0
CLG0018,92.0,6.94,7.43,3,0,0,10,5,0,83.5,0.0
CLG0057,102.0,5.57,5.8,7,1,8,8,0,0,68.2,0.0
CLG0052,113.0,9.21,9.23,5,0,6,3,0,0,103.60000000000001,0.0
CLG0073,81.0,7.49,7.79,5,0,9,7,1,0,86.0,0.0
CLG0048,89.0,5.64,5.84,8,0,5,8,1,0,67.3,0.0
CLG0020,102.0,5.58,5.32,10,1,6,6,4,0,63.400000000000006,0.0
CLG0088,136.0,5.8,5.83,5,1,1,6,4,0,71.89999999999999,0.0
CLG0081,87.0,8.75,8.81,10,0,9,7,3,0,96.80000000000001,0.0
CLG0012,130.0,8.55,8.5,7,0,1,4,2,1,98.0,405000.0
CLG0033,130.0,6.02,5.7,10,0,2,10,3,1,70.0,293000.0
CLG0070,98.0,9.23,8.95,8,1,5,10,2,1,99.3,507000.0
CLG0094,95.0,6.41,6.19,8,1,0,9,1,0,71.4,0.0
CLG0070,89.0,8.96,8.47,3,0,10,3,4,0,93.60000000000001,0.0
CLG0048,98.0,7.44,7.86,4,0,3,7,3,0,88.4,0.0
CLG0023,78.0,8.66,8.85,8,0,7,9,5,1,96.3,393000.0
CLG0046,98.0,6.91,7.1,5,0,7,8,2,0,80.8,0.0
CLG0007,122.0,6.74,6.81,1,0,4,7,5,0,80.3,0.0
CLG0026,90.0,9.21,9.4,7,0,6,5,5,0,103.0,0.0
CLG0067,96.0,5.18,5.66,3,0,4,2,0,0,66.2,0.0
CLG0057,74.0,9.87,9.76,2,0,3,2,2,0,105.0,0.0
CLG0025,105.0,8.24,8.45,10,0,5,4,2,0,95.0,0.0
CLG0067,103.0,7.16,7.02,5,0,7,5,5,0,80.49999999999999,0.0
CLG0079,100.0,8.14,8.49,1,0,9,4,4,0,94.9,0.0
CLG0039,96.0,5.61,5.97,9,0,0,2,3,0,69.3,0.0
CLG0068,95.0,7.57,7.97,10,0,2,4,1,0,89.2,0.0
CLG0038,107.0,9.93,9.44,5,1,3,5,3,0,105.1,0.0
CLG0045,99.0,6.18,5.98,6,1,4,4,1,0,69.7,0.0
CLG0064,104.0,8.61,8.24,7,1,0,6,5,0,92.80000000000001,0.0
CLG0085,103.0,7.17,7.12,9,0,8,10,0,0,81.5,0.0
CLG0054,116.0,8.26,8.26,5,1,7,7,5,1,94.19999999999999,488400.0
CLG0094,110.0,6.02,5.78,4,0,1,5,5,0,68.80000000000001,0.0
CLG0071,102.0,7.35,7.57,3,0,4,9,4,0,85.9,0.0
CLG0013,122.0,9.9,9.67,5,0,8,4,2,1,108.9,447800.0
CLG0050,106.0,5.98,6.33,10,0,2,10,5,0,73.89999999999999,0.0
CLG0043,119.0,8.18,7.86,10,0,4,2,3,0,90.50000000000001,0.0
CLG0007,109.0,7.88,7.75,3,0,8,10,3,0,88.4,0.0
CLG0087,72.0,7.83,7.95,5,0,5,8,1,0,86.7,0.0
CLG0044,119.0,8.08,8.19,8,1,4,4,3,1,93.8,487100.0
CLG0064,102.0,7.51,7.09,2,1,7,4,2,0,81.10000000000001,0.0
CLG0007,99.0,5.08,5.43,4,0,4,3,1,0,64.2,0.0
CLG0010,104.0,9.5,9.6,8,1,8,9,2,1,106.4,536000.0
CLG0078,94.0,9.13,9.5,5,0,10,4,5,0,104.4,0.0
CLG0069,103.0,5.87,6.24,8,1,2,2,1,0,72.7,0.0
CLG0062,91.0,7.07,7.12,6,0,0,1,2,0,80.3,0.0
CLG0019,119.0,8.85,9.26,1,1,3,1,1,0,104.5,0.0
CLG0033,98.0,9.9,10.25,5,1,6,8,4,1,112.3,559000.0
CLG0062,94.0,9.76,10.22,10,0,2,1,3,0,111.60000000000001,0.0
CLG0078,86.0,9.5,9.85,2,0,9,5,2,0,107.1,0.0
CLG0067,104.0,5.79,6.11,7,1,7,8,0,0,71.5,0.0
CLG0007,102.0,9.57,9.54,10,1,1,7,5,0,105.6,0.0
CLG0030,105.0,9.39,9.1,4,0,8,7,4,0,101.5,0.0
CLG0091,84.0,6.88,7.29,2,1,2,8,4,0,81.30000000000001,0.0
CLG0036,75.0,6.97,7.19,1,0,10,3,5,0,79.4,0.0
CLG0075,109.0,7.3,7.08,5,1,5,5,2,0,81.7,0.0
CLG0100,122.0,8.28,8.12,10,1,6,2,2,1,93.39999999999999,485799.99999999994
CLG0016,84.0,6.3,6.49,8,0,4,5,0,0,73.30000000000001,0.0
CLG0081,123.0,5.11,5.09,8,0,9,5,5,0,63.2,0.0
CLG0019,104.0,5.71,5.29,10,0,4,2,2,0,63.3,0.0
CLG0035,99.0,7.2,6.84,2,1,0,10,5,0,78.30000000000001,0.0
CLG0038,94.0,6.41,6.66,6,0,3,6,0,0,76.0,0.0
CLG0058,79.0,8.82,8.65,7,0,0,1,2,0,94.4,0.0
CLG0056,114.0,5.53,5.54,10,0,8,8,0,0,66.8,0.0
CLG0063,88.0,9.59,9.86,1,1,8,1,1,0,107.39999999999999,0.0
CLG0048,88.0,9.48,9.73,5,0,4,3,3,0,106.10000000000001,0.0
CLG0066,114.0,9.54,9.21,6,1,4,1,3,1,103.50000000000001,525400.0
CLG0063,71.0,8.7,8.3,7,0,4,2,2,0,90.1,0.0
CLG0091,77.0,5.53,5.62,9,1,6,7,2,0,63.900000000000006,0.0
CLG0059,99.0,7.19,7.43,3,0,5,7,3,0,84.2,0.0
CLG0051,104.0,5.66,5.31,8,0,1,5,3,0,63.49999999999999,0.0
CLG0065,107.0,9.94,9.81,10,0,10,5,0,0,108.80000000000001,0.0
CLG0066,95.0,6.67,7.04,3,0,9,7,0,0,79.9,0.0
CLG0052,137.0,7.93,8.37,9,1,2,10,1,1,97.39999999999999,503299.99999999994
CLG0079,96.0,8.9,8.85,8,1,4,10,1,0,98.1,0.0
CLG0065,96.0,9.6,9.18,9,1,6,5,0,0,101.39999999999999,0.0
CLG0070,88.0,8.78,8.54,5,0,1,8,1,0,94.19999999999999,0.0
CLG0030,101.0,8.37,8.1,9,0,10,3,4,0,91.1,0.0
CLG0044,109.0,7.33,7.07,3,1,3,2,5,0,81.60000000000001,0.0
CLG0064,118.0,8.03,8.02,7,1,0,10,0,1,91.99999999999999,479800.0
CLG0091,77.0,5.47,5.55,3,0,6,4,1,0,63.2,0.0
CLG0081,96.0,9.42,9.04,6,1,10,7,1,0,99.99999999999999,0.0
CLG0040,106.0,7.72,8.11,8,1,1,9,2,1,91.69999999999999,477400.0
CLG0088,108.0,5.2,5.32,2,1,7,3,2,0,64.0,0.0
CLG0059,100.0,9.6,9.7,8,0,9,3,2,0,107.0,0.0
CLG0050,108.0,7.45,7.94,1,1,10,7,3,0,90.2,0.0
CLG0086,87.0,9.34,9.47,4,0,0,1,5,0,103.4,0.0
CLG0015,123.0,9.28,9.71,7,1,1,7,3,1,109.4,549900.0
CLG0021,114.0,9.08,8.87,1,1,7,2,3,1,100.1,511799.99999999994
CLG0091,79.0,5.31,5.05,6,0,4,10,0,0,58.4,0.0
CLG0016,83.0,6.24,6.26,10,1,4,1,2,0,70.89999999999999,0.0
CLG0047,84.0,9.38,9.39,6,0,10,10,2,1,102.30000000000001,417600.0
CLG0078,110.0,9.49,9.22,7,0,6,9,0,0,103.2,0.0
CLG0068,80.0,7.29,7.49,9,0,3,1,3,0,82.9,0.0
CLG0088,95.0,7.2,6.73,7,0,8,8,5,0,76.80000000000001,0.0
CLG0077,106.0,5.88,6.07,3,1,2,10,1,0,71.3,0.0
CLG0005,99.0,9.84,9.8,4,0,7,7,4,0,107.9,0.0
CLG0033,103.0,6.07,6.26,1,0,2,10,2,0,72.89999999999999,0.0
CLG0072,84.0,5.95,5.93,5,0,7,9,3,0,67.7,0.0
CLG0056,108.0,8.3,8.78,7,0,0,5,1,0,98.6,0.0
CLG0039,90.0,6.21,6.04,3,0,9,3,2,0,69.4,0.0
CLG0083,95.0,9.69,10.17,6,1,9,1,2,0,111.2,0.0
CLG0010,103.0,5.05,4.61,3,1,6,2,4,0,56.400000000000006,0.0
CLG0039,101.0,5.03,5.21,4,1,0,6,3,0,62.2,0.0
CLG0083,100.0,7.52,7.47,5,1,1,8,5,0,84.7,0.0
CLG0031,88.0,7.44,7.76,6,0,10,9,0,0,86.39999999999999,0.0
CLG0078,95.0,5.82,6.11,6,0,10,8,1,0,70.6,0.0
CLG0089,100.0,7.47,7.77,1,0,0,2,1,0,87.69999999999999,0.0
CLG0008,79.0,7.06,6.65,8,0,9,1,3,0,74.4,0.0
CLG0004,93.0,9.45,9.77,3,0,2,10,1,0,106.99999999999999,0.0
CLG0005,105.0,5.05,4.76,4,0,8,4,0,0,58.099999999999994,0.0
CLG0036,80.0,9.88,9.41,8,0,0,5,1,0,102.1,0.0
CLG0006,117.0,8.12,7.84,5,0,2,10,3,1,90.10000000000001,372100.0
CLG0060,119.0,5.76,5.74,6,1,1,6,0,0,69.30000000000001,0.0
CLG0094,81.0,5.23,5.47,1,1,4,4,4,0,62.8,0.0
CLG0055,120.0,7.69,7.41,8,0,6,5,5,0,86.1,0.0
CLG0083,97.0,6.17,5.78,5,0,5,8,3,0,67.5,0.0
CLG0043,106.0,6.51,6.66,1,0,9,10,5,0,77.19999999999999,0.0
CLG0082,92.0,6.23,6.71,7,0,4,3,4,0,76.3,0.0
CLG0021,113.0,8.25,8.35,2,0,2,1,1,0,94.8,0.0
CLG0060,106.0,7.77,7.96,6,1,6,9,5,0,90.19999999999999,0.0
CLG0043,87.0,5.39,5.45,3,0,8,9,0,0,63.2,0.0
CLG0054,82.0,7.63,7.91,6,0,1,2,5,0,87.3,0.0
CLG0081,78.0,8.96,9.44,9,0,5,3,1,0,102.19999999999999,0.0
CLG0031,102.0,5.41,5.45,6,0,4,8,3,0,64.7,0.0
CLG0085,108.0,9.45,9.37,1,0,8,3,4,0,104.49999999999999,0.0
CLG0075,109.0,7.89,8.25,6,1,7,3,4,0,93.4,0.0
CLG0061,98.0,9.75,10.22,3,0,8,6,1,0,112.0,0.0
CLG0080,82.0,5.74,5.37,4,0,6,6,3,0,61.900000000000006,0.0
CLG0073,89.0,9.97,10.05,4,1,4,7,1,0,109.4,0.0
CLG0023,117.0,8.22,8.51,9,0,3,10,5,1,96.8,398900.0
CLG0023,92.0,7.84,7.87,8,0,7,4,2,0,87.9,0.0
CLG0052,102.0,7.58,7.49,7,1,1,5,3,0,85.10000000000001,0.0
CLG0003,83.0,5.12,5.28,5,0,0,10,3,0,61.10000000000001,0.0
CLG0049,105.0,9.7,9.47,10,0,2,3,0,0,105.2,0.0
CLG0070,93.0,8.22,8.07,4,1,6,2,2,0,90.0,0.0
CLG0020,115.0,5.46,5.95,3,0,0,3,4,0,71.0,0.0
CLG0079,111.0,5.1,5.24,1,1,4,3,1,0,63.50000000000001,0.0
CLG0030,92.0,5.25,5.62,9,1,4,2,4,0,65.4,0.0
CLG0032,98.0,8.05,8.36,8,1,2,1,3,0,93.39999999999999,0.0
CLG0070,91.0,8.07,8.22,1,1,10,3,5,0,91.3,0.0
CLG0031,78.0,7.5,7.84,2,1,0,1,1,0,86.2,0.0
CLG0016,87.0,6.53,6.32,1,0,4,8,4,0,71.9,0.0
CLG0029,102.0,7.66,7.8,1,1,7,5,1,0,88.2,0.0
CLG0022,104.0,7.58,7.67,9,0,8,6,4,0,87.10000000000001,0.0
CLG0040,102.0,5.1,5.22,5,0,5,10,1,0,62.39999999999999,0.0
CLG0028,95.0,6.41,6.08,3,1,0,7,4,0,70.3,0.0
CLG0079,113.0,5.27,5.05,2,1,4,7,4,0,61.8,0.0
CLG0085,100.0,9.5,9.29,8,1,1,4,1,0,102.89999999999999,0.0
CLG0008,110.0,8.63,8.73,8,1,0,6,0,0,98.30000000000001,0.0
CLG0065,73.0,9.98,10.45,6,0,2,8,1,0,111.8,0.0
CLG0030,57.5,6.51,6.96,2,1,10,6,5,0,75.35,0.0
CLG0058,104.0,9.39,9.12,1,1,9,7,4,0,101.6,0.0
CLG0002,78.0,8.02,7.82,6,1,4,3,2,0,86.0,0.0
CLG0024,96.0,7.27,6.81,1,0,8,9,3,0,77.69999999999999,0.0
CLG0049,95.0,6.11,6.01,6,0,6,10,0,0,69.6,0.0
CLG0069,123.0,8.69,9.02,10,1,5,2,5,1,102.49999999999999,522300.0
CLG0012,105.0,9.52,9.94,2,0,8,8,1,0,109.89999999999999,0.0
CLG0005,102.0,6.18,5.92,7,0,5,8,3,0,69.4,0.0
CLG0098,112.0,5.88,5.65,10,1,10,2,5,0,67.7,0.0
CLG0014,105.0,8.48,8.2,2,0,3,9,0,0,92.5,0.0
CLG0076,93.0,9.88,9.73,2,1,6,3,2,0,106.60000000000001,0.0
CLG0027,116.0,8.75,9.05,6,1,1,10,3,1,102.1,520000.0
CLG0066,83.0,6.42,6.57,4,0,1,6,5,0,74.0,0.0
CLG0049,104.0,7.1,7.39,6,0,5,4,1,0,84.3,0.0
CLG0100,76.0,6.92,7.0,8,0,4,5,2,0,77.6,0.0
CLG0045,103.0,9.26,9.02,10,0,5,3,1,0,100.49999999999999,0.0
CLG0038,102.0,8.86,8.59,3,1,1,10,5,1,96.10000000000001,494600.0
CLG0067,125.0,7.94,7.45,5,0,1,8,3,1,87.0,360500.0
CLG0058,76.0,6.37,6.65,5,1,0,10,1,0,74.1,0.0
CLG0100,90.0,9.69,10.04,10,0,1,10,5,1,109.39999999999999,446599.99999999994
CLG0072,112.0,8.27,8.54,9,1,10,8,2,1,96.6,497599.99999999994
CLG0066,105.0,9.85,9.42,7,1,9,7,2,0,104.7,0.0
CLG0054,102.0,7.9,8.16,9,1,6,7,3,0,91.8,0.0
CLG0029,85.0,9.11,8.66,8,0,1,2,3,0,95.1,0.0
CLG0089,91.0,9.07,8.68,3,1,2,10,4,1,95.89999999999999,492700.0
CLG0004,118.0,6.69,6.63,2,0,10,6,2,0,78.1,0.0
CLG0055,99.0,9.82,9.8,3,1,5,4,5,0,107.9,0.0
CLG0010,105.0,5.11,5.43,6,1,5,9,4,0,64.8,0.0
CLG0044,98.0,8.84,9.02,10,1,9,5,1,0,99.99999999999999,0.0
CLG0081,82.0,9.83,9.48,4,1,10,6,3,0,103.00000000000001,0.0
CLG0065,114.0,6.69,6.42,1,0,8,7,5,0,75.60000000000001,0.0
CLG0003,107.0,8.24,8.03,10,0,10,2,0,0,91.0,0.0
CLG0062,134.0,7.81,7.43,10,0,1,1,5,0,87.7,0.0
CLG0094,84.0,8.81,8.6,9,0,6,6,1,0,94.4,0.0
CLG0005,112.0,9.33,9.56,6,1,0,9,4,1,106.80000000000001,538400.0
CLG0044,80.0,8.02,7.76,1,1,5,7,2,0,85.6,0.0
CLG0011,102.0,9.08,9.42,3,0,8,9,3,1,104.4,427800.0
CLG0073,114.0,6.56,6.53,1,1,7,3,3,0,76.7,0.0
CLG0047,68.0,6.14,5.96,9,0,5,5,5,0,66.4,0.0
CLG0014,96.0,7.15,7.06,4,0,5,6,1,0,80.19999999999999,0.0
CLG0019,91.0,8.39,8.6,2,0,5,6,5,0,95.1,0.0
CLG0013,89.0,5.94,5.96,4,0,7,5,1,0,68.5,0.0
CLG0021,105.0,8.4,7.91,2,0,1,2,3,0,89.6,0.0
CLG0063,116.0,6.97,7.39,6,0,10,10,4,1,85.49999999999999,353600.0
CLG0039,98.0,8.98,8.55,6,0,8,3,2,0,95.3,0.0
CLG0066,103.0,5.18,5.62,7,0,9,6,3,0,66.5,0.0
CLG0030,101.0,8.34,7.87,9,0,7,9,3,0,88.8,0.0
CLG0023,100.0,8.25,8.52,9,1,1,10,1,0,95.19999999999999,0.0
CLG0064,83.0,9.7,9.73,4,1,10,8,2,1,105.60000000000001,530700.0
CLG0027,116.0,8.57,8.58,9,1,7,8,3,1,97.39999999999999,501200.0
CLG0001,104.0,8.98,8.55,8,0,0,8,1,0,95.9,0.0
CLG0071,105.0,9.52,9.26,1,1,5,6,0,0,103.1,0.0
CLG0066,87.0,8.38,8.66,7,1,5,3,3,0,95.3,0.0
CLG0023,93.0,6.45,6.84,7,0,8,5,0,0,77.7,0.0
CLG0095,97.0,9.35,9.38,10,0,8,8,2,1,103.50000000000001,423700.00000000006
CLG0029,76.0,8.74,8.59,4,0,4,3,2,0,93.5,0.0
CLG0014,74.0,7.12,6.68,7,1,0,1,3,0,74.2,0.0
CLG0060,90.0,8.55,8.73,10,1,10,1,5,0,96.30000000000001,0.0
CLG0043,107.0,9.34,9.12,10,1,0,7,4,0,101.89999999999999,0.0
CLG0005,90.0,9.88,9.44,5,1,6,6,1,0,103.39999999999999,0.0
CLG0075,84.0,9.76,9.93,5,0,10,5,1,0,107.7,0.0
CLG0033,87.0,6.63,6.62,5,1,10,8,4,0,74.9,0.0
CLG0093,93.0,7.11,6.62,6,1,3,8,0,0,75.5,0.0
CLG0070,94.0,5.55,5.16,7,1,8,1,5,0,61.0,0.0
CLG0007,132.0,6.24,6.44,5,0,2,7,5,0,77.60000000000001,0.0
CLG0045,115.0,9.41,8.97,9,0,5,2,2,1,101.2,416300.0
CLG0010,115.0,6.8,7.17,9,0,8,4,3,0,83.2,0.0
CLG0084,117.0,8.1,7.91,7,1,3,1,1,0,90.8,0.0
CLG0073,85.0,8.33,7.92,10,0,4,2,1,0,87.7,0.0
CLG0017,81.0,8.91,9.17,3,1,4,10,3,1,99.8,507300.0
CLG0100,83.0,5.91,5.93,4,0,4,9,3,0,67.6,0.0
CLG0006,120.0,6.52,6.33,4,0,1,1,1,0,75.3,0.0
CLG0055,91.0,7.24,7.15,7,1,10,7,1,0,80.6,0.0
CLG0001,81.0,6.82,6.34,2,0,1,4,1,0,71.5,0.0
CLG0011,93.0,9.91,10.07,5,1,0,7,3,0,110.0,0.0
CLG0017,96.0,9.17,9.04,4,0,0,7,5,0,99.99999999999999,0.0
CLG0057,104.0,7.4,7.61,10,0,3,10,0,0,86.50000000000001,0.0
CLG0039,103.0,9.4,9.53,9,0,2,3,1,0,105.6,0.0
CLG0073,87.0,6.74,6.89,1,0,3,2,0,0,77.6,0.0
CLG0016,110.0,8.93,9.22,10,1,10,3,1,0,103.2,0.0
CLG0053,90.0,6.12,6.25,3,1,5,5,3,0,71.5,0.0
CLG0091,97.0,8.86,8.78,6,0,10,8,4,1,97.5,399700.0
CLG0005,110.0,7.28,7.17,4,1,0,9,0,0,82.7,0.0
CLG0008,90.0,5.54,5.16,3,1,7,4,4,0,60.6,0.0
CLG0073,91.0,6.37,6.65,6,0,7,6,1,0,75.6,0.0
CLG0058,108.0,7.01,7.27,3,0,6,4,1,0,83.49999999999999,0.0
CLG0013,87.0,8.75,8.5,7,0,10,9,5,1,93.7,383500.0
CLG0003,94.0,5.36,5.72,1,0,10,5,3,0,66.6,0.0
CLG0027,108.0,8.3,8.39,9,0,3,2,4,0,94.7,0.0
CLG0050,130.0,8.58,8.56,10,0,7,1,4,1,98.60000000000001,407400.0
CLG0054,109.0,8.27,7.79,2,0,8,5,1,0,88.80000000000001,0.0
CLG0056,107.0,8.8,8.68,4,0,4,8,2,1,97.5,400700.0
CLG0020,107.0,5.89,6.03,6,0,5,6,5,0,71.0,0.0
CLG0097,83.0,7.94,7.53,6,1,9,7,2,0,83.6,0.0
CLG0013,101.0,9.71,9.67,8,0,7,9,4,1,106.8,437300.0
CLG0088,99.0,8.05,8.54,8,0,4,4,4,0,95.3,0.0
CLG0050,104.0,8.06,8.28,4,0,3,5,0,0,93.2,0.0
CLG0088,101.0,8.68,8.73,6,1,7,9,1,0,97.4,0.0
CLG0084,105.0,6.67,6.7,9,1,2,3,2,0,77.5,0.0
CLG0027,95.0,8.5,8.04,7,0,5,1,3,0,89.89999999999999,0.0
CLG0018,100.0,9.58,10.04,8,1,8,8,0,0,110.39999999999999,0.0
CLG0028,81.0,5.05,5.48,8,0,5,9,2,0,62.900000000000006,0.0
CLG0100,95.0,9.35,9.53,2,0,8,10,1,0,104.8,0.0
CLG0097,120.0,6.09,5.69,7,1,7,10,1,0,68.9,0.0
CLG0058,104.0,7.28,6.99,3,0,8,4,5,0,80.30000000000001,0.0
CLG0032,99.0,9.26,8.94,7,0,9,6,1,0,99.3,0.0
CLG0007,128.0,9.12,9.14,2,1,8,7,2,1,104.2,529600.0
CLG0015,79.0,9.46,9.17,1,0,7,7,1,0,99.60000000000001,0.0
CLG0078,83.0,9.7,9.9,9,0,8,8,5,1,107.3,437500.0
CLG0035,125.0,7.24,7.29,10,1,6,6,3,0,85.4,0.0
CLG0052,100.0,8.28,7.8,10,0,6,7,5,0,88.0,0.0
CLG0040,96.0,6.95,7.19,1,0,10,9,1,0,81.5,0.0
CLG0095,82.0,6.75,6.44,1,1,3,6,0,0,72.60000000000001,0.0
CLG0050,106.0,7.16,7.48,3,1,0,2,5,0,85.4,0.0
CLG0095,108.0,8.72,8.58,1,0,6,4,3,0,96.6,0.0
CLG0090,83.0,7.51,7.35,7,1,7,5,0,0,81.8,0.0
CLG0089,97.0,9.07,8.58,7,1,8,8,5,1,95.5,491700.0
CLG0070,94.0,8.73,9.22,8,1,0,4,5,0,101.60000000000001,0.0
CLG0027,103.0,5.1,5.21,2,0,8,1,0,0,62.400000000000006,0.0
CLG0032,83.0,8.15,8.07,7,0,6,1,4,0,89.0,0.0
CLG0012,118.0,7.18,6.78,9,1,6,2,4,0,79.6,0.0
CLG0060,113.0,7.28,7.48,10,1,2,8,1,0,86.10000000000001,0.0
CLG0030,94.0,9.09,8.87,5,1,0,3,3,0,98.1,0.0
CLG0024,96.0,7.74,8.23,10,1,6,6,2,0,91.9,0.0
CLG0088,97.0,9.43,9.88,3,0,9,7,4,0,108.50000000000001,0.0
CLG0086,88.0,8.56,8.8,9,0,7,1,3,0,96.8,0.0
CLG0004,93.0,7.76,8.23,1,1,5,5,4,0,91.60000000000001,0.0
CLG0083,95.0,8.77,8.38,3,1,6,2,5,0,93.30000000000001,0.0
CLG0089,124.0,5.19,4.97,2,0,8,7,3,0,62.099999999999994,0.0
CLG0005,114.0,5.14,4.89,2,0,7,3,1,0,60.3,0.0
CLG0004,114.0,5.42,4.99,3,1,4,9,0,0,61.300000000000004,0.0
CLG0093,105.0,7.19,7.66,10,0,10,1,4,0,87.1,0.0
CLG0009,83.0,6.18,5.74,7,0,3,2,0,0,65.7,0.0
CLG0051,99.0,9.92,10.28,6,0,10,9,5,1,112.7,460700.0
CLG0040,114.0,7.71,7.98,9,1,3,7,0,0,91.20000000000002,0.0
CLG0053,81.0,8.31,8.19,10,1,3,3,2,0,89.99999999999999,0.0
CLG0098,109.0,6.39,5.91,10,1,1,8,2,0,70.0,0.0
CLG0072,134.0,6.61,6.12,3,0,9,5,1,0,74.60000000000001,0.0
CLG0075,115.0,6.68,6.38,5,1,9,2,3,0,75.3,0.0
CLG0098,121.0,8.49,8.48,9,1,6,10,1,1,96.9,499700.0
CLG0096,103.0,7.37,7.33,3,1,7,1,3,0,83.6,0.0
CLG0032,114.0,7.59,7.68,8,1,6,6,5,0,88.2,0.0
CLG0049,89.0,7.96,8.23,9,0,10,4,2,0,91.20000000000002,0.0
CLG0005,111.0,8.84,8.72,7,1,9,2,1,0,98.3,0.0
CLG0032,109.0,5.45,5.11,6,0,7,1,3,0,62.0,0.0
CLG0005,104.0,8.88,9.18,6,0,10,7,5,0,102.2,0.0
CLG0096,119.0,7.82,7.65,6,1,10,4,2,0,88.4,0.0
CLG0065,91.0,8.35,8.14,5,0,8,1,3,0,90.5,0.0
CLG0070,97.0,6.64,6.9,7,1,7,10,1,0,78.7,0.0
CLG0025,101.0,7.05,7.48,7,1,4,1,4,0,84.9,0.0
CLG0027,84.0,6.16,6.57,7,1,3,7,4,0,74.10000000000001,0.0
CLG0078,103.0,9.9,9.54,3,1,4,5,5,0,105.69999999999999,0.0
CLG0073,74.0,7.49,7.49,6,0,10,1,1,0,82.30000000000001,0.0
CLG0028,115.0,9.98,9.57,9,0,0,9,5,1,107.2,440300.0
CLG0088,100.0,7.45,7.91,9,0,4,3,0,0,89.1,0.0
CLG0063,92.0,6.1,5.82,4,1,5,10,5,0,67.4,0.0
CLG0073,87.0,7.54,7.24,9,0,8,1,4,0,81.10000000000001,0.0
CLG0036,96.0,5.2,5.59,2,1,8,2,5,0,65.5,0.0
CLG0056,110.0,9.52,9.99,8,0,9,10,4,1,110.9,454600.0
CLG0034,108.0,9.09,9.29,2,0,2,6,4,0,103.69999999999999,0.0
CLG0067,89.0,8.63,8.25,5,1,10,3,0,0,91.4,0.0
CLG0021,87.0,8.05,8.04,6,0,7,10,2,1,89.1,365099.99999999994
CLG0039,109.0,7.9,8.22,2,0,7,8,2,1,93.10000000000001,383300.0
CLG0037,89.0,9.98,10.05,9,1,8,1,0,0,109.4,0.0
CLG0042,100.0,6.39,6.02,6,1,0,1,5,0,70.19999999999999,0.0
CLG0036,101.0,8.9,8.57,8,1,4,8,0,0,95.8,0.0
CLG0066,104.0,7.91,8.27,4,1,4,1,1,0,93.1,0.0
CLG0017,112.0,9.88,9.91,3,0,6,4,1,0,110.3,0.0
CLG0054,81.0,9.14,9.35,4,0,10,6,5,0,101.6,0.0
CLG0029,71.0,9.99,9.86,1,0,7,1,1,0,105.69999999999999,0.0
CLG0025,91.0,7.94,7.97,1,1,10,4,2,0,88.8,0.0
CLG0021,127.0,6.02,6.5,8,1,6,5,5,0,77.7,0.0
CLG0019,130.0,7.52,7.35,1,0,5,1,3,0,86.5,0.0
CLG0029,127.0,8.56,8.73,5,0,3,2,4,1,100.00000000000001,412700.0
CLG0003,97.0,8.87,8.54,10,0,8,2,1,0,95.1,0.0
CLG0076,73.0,5.0,4.62,9,0,1,6,4,0,53.5,0.0
CLG0055,64.0,7.53,7.81,3,0,5,2,0,0,84.5,0.0
CLG0051,90.0,6.18,6.52,10,1,9,6,2,0,74.19999999999999,0.0
CLG0090,97.0,9.37,9.54,2,1,5,9,1,0,105.1,0.0
CLG0039,119.0,5.76,5.42,5,1,10,2,5,0,66.10000000000001,0.0
CLG0031,113.0,8.33,8.07,2,0,3,7,5,1,92.0,379300.0
CLG0072,103.0,6.33,6.74,10,0,2,1,3,0,77.7,0.0
CLG0035,86.0,6.78,6.57,1,0,10,9,5,0,74.3,0.0
CLG0069,85.0,9.7,10.02,9,0,2,4,2,0,108.69999999999999,0.0
CLG0027,103.0,6.2,5.99,10,0,1,5,0,0,70.2,0.0
CLG0026,110.0,5.48,5.92,9,1,2,4,5,0,70.2,0.0
CLG0027,105.0,5.35,5.76,1,0,3,10,5,0,68.1,0.0
CLG0013,84.0,7.52,7.06,4,0,9,9,5,0,79.0,0.0
CLG0023,109.0,8.21,8.48,5,1,3,1,4,0,95.70000000000002,0.0
CLG0065,106.0,6.64,6.31,2,0,9,10,2,0,73.69999999999999,0.0
CLG0092,83.0,8.45,8.17,9,0,6,6,4,0,90.0,0.0
CLG0079,88.0,5.31,5.27,9,0,3,5,5,0,61.5,0.0
CLG0077,110.0,9.29,9.37,9,1,8,8,1,0,104.69999999999999,0.0
CLG0069,96.0,9.08,8.91,8,1,7,2,5,0,98.69999999999999,0.0
CLG0090,123.0,9.93,10.01,6,0,0,4,5,1,112.39999999999999,461900.0
CLG0071,107.0,9.68,9.35,1,1,9,5,0,0,104.2,0.0
CLG0099,92.0,6.78,6.3,10,1,0,8,3,0,72.2,0.0
CLG0022,99.0,7.0,7.07,5,1,5,1,2,0,80.60000000000001,0.0
CLG0073,100.0,8.73,8.75,8,1,3,7,5,0,97.5,0.0
CLG0001,89.0,5.67,5.86,4,0,9,8,4,0,67.5,0.0
CLG0015,86.0,6.57,6.72,8,0,5,1,0,0,75.8,0.0
CLG0053,110.0,5.59,5.99,6,1,8,5,0,0,70.9,0.0
CLG0094,112.0,7.27,7.23,1,1,9,6,1,0,83.50000000000001,0.0
CLG0067,109.0,7.76,7.27,1,1,4,10,2,0,83.6,0.0
CLG0070,122.0,6.06,6.19,3,0,7,5,1,0,74.10000000000001,0.0
CLG0095,91.0,5.13,5.31,1,0,1,9,1,0,62.199999999999996,0.0
CLG0005,125.0,8.6,8.62,4,1,7,4,1,0,98.69999999999999,0.0
CLG0068,86.0,5.1,5.29,3,0,7,2,0,0,61.5,0.0
CLG0056,84.0,9.87,9.69,7,1,1,9,4,1,105.3,529600.0
CLG0025,73.0,6.11,5.76,9,1,6,2,4,0,64.89999999999999,0.0
CLG0075,93.0,8.32,8.48,7,1,7,2,3,0,94.10000000000001,0.0
CLG0062,92.0,7.17,6.92,5,0,6,6,5,0,78.4,0.0
CLG0043,107.0,5.3,5.26,1,1,5,9,3,0,63.3,0.0
CLG0014,103.0,7.36,7.35,5,1,2,5,4,0,83.8,0.0
CLG0089,82.0,7.58,7.56,1,0,10,10,1,0,83.8,0.0
CLG0052,94.0,9.27,9.37,6,0,10,2,0,0,103.1,0.0
CLG0027,94.0,8.66,8.19,8,1,2,6,1,0,91.3,0.0
CLG0093,73.0,5.4,5.89,7,1,7,1,1,0,66.2,0.0
CLG0052,85.0,6.05,6.27,1,0,3,10,1,0,71.19999999999999,0.0
CLG0001,88.0,6.56,6.49,8,1,9,10,2,0,73.7,0.0
CLG0046,121.0,5.58,5.27,9,0,7,3,2,0,64.8,0.0
CLG0005,102.0,7.28,6.86,10,1,9,3,1,0,78.80000000000001,0.0
CLG0062,109.0,9.92,10.09,2,1,5,10,3,1,111.80000000000001,558100.0
CLG0056,77.0,7.57,7.39,1,1,2,6,3,0,81.6,0.0
CLG0064,117.0,8.71,8.44,6,0,9,4,4,1,96.1,396100.0
CLG0021,119.0,8.41,8.29,4,0,1,8,0,1,94.8,391099.99999999994
CLG0098,70.0,9.25,9.34,7,0,0,7,2,0,100.4,0.0
CLG0066,89.0,6.08,6.25,3,1,3,9,5,0,71.4,0.0
CLG0045,107.0,8.77,8.92,3,0,7,5,1,0,99.9,0.0
CLG0060,109.0,9.41,9.77,8,0,3,5,5,0,108.6,0.0
